#0 building with "default" instance using docker driver

#1 [internal] load build definition from trixie-riscv64.dockerfile
#1 transferring dockerfile: 4.56kB done
#1 DONE 0.1s

#2 resolve image config for docker-image://docker.io/docker/dockerfile:1
#2 ...

#3 [auth] docker/dockerfile:pull token for registry-1.docker.io
#3 DONE 0.0s

#2 resolve image config for docker-image://docker.io/docker/dockerfile:1
#2 DONE 1.0s

#4 docker-image://docker.io/docker/dockerfile:1@sha256:ecfaec9ed6d810b56388c508f4121597bfbba70d41a6dfeee4d8cad5f295fc32
#4 resolve docker.io/docker/dockerfile:1@sha256:ecfaec9ed6d810b56388c508f4121597bfbba70d41a6dfeee4d8cad5f295fc32 0.1s done
#4 CACHED

#5 [internal] load metadata for registry.gitlab.com/xen-project/people/olkur/xen/tests-artifacts/qemu-system-riscv64:8.2.0-aia-riscv64
#5 ...

#6 [auth] library/debian:pull token for registry-1.docker.io
#6 DONE 0.0s

#7 [internal] load metadata for docker.io/library/debian:trixie-slim
#7 DONE 0.7s

#5 [internal] load metadata for registry.gitlab.com/xen-project/people/olkur/xen/tests-artifacts/qemu-system-riscv64:8.2.0-aia-riscv64
#5 DONE 0.9s

#8 [internal] load .dockerignore
#8 transferring context: 151B done
#8 DONE 0.1s

#9 [internal] load build context
#9 DONE 0.0s

#10 [internal] preparing inline document
#10 DONE 0.0s

#11 FROM registry.gitlab.com/xen-project/people/olkur/xen/tests-artifacts/qemu-system-riscv64:8.2.0-aia-riscv64@sha256:c81104de7e8d34eac8dc9f35d6b136cb423970657fca1cb3ed9d09c966522895
#11 resolve registry.gitlab.com/xen-project/people/olkur/xen/tests-artifacts/qemu-system-riscv64:8.2.0-aia-riscv64@sha256:c81104de7e8d34eac8dc9f35d6b136cb423970657fca1cb3ed9d09c966522895 0.1s done
#11 ...

#12 [busybox-builder 1/4] FROM docker.io/library/debian:trixie-slim@sha256:a99cfc517144bc59b1978475ec53b46ecabec7e43635402ee5b77cc54cd1b20a
#12 resolve docker.io/library/debian:trixie-slim@sha256:a99cfc517144bc59b1978475ec53b46ecabec7e43635402ee5b77cc54cd1b20a 0.1s done
#12 DONE 0.4s

#10 [internal] preparing inline document
#10 DONE 0.5s

#9 [internal] load build context
#9 transferring context: 81.87kB done
#9 DONE 0.6s

#13 [busybox-builder 2/4] RUN apt-get update &&     apt-get install -y --no-install-recommends         build-essential         gcc-riscv64-linux-gnu         libc6-dev-riscv64-cross         make         curl         ca-certificates         bzip2 &&     rm -rf /var/lib/apt/lists/*
#13 ...

#14 [stage-1  2/14] WORKDIR /build
#14 DONE 0.5s

#15 [stage-1  3/14] RUN <<EOF (#!/bin/bash...)
#15 ...

#11 FROM registry.gitlab.com/xen-project/people/olkur/xen/tests-artifacts/qemu-system-riscv64:8.2.0-aia-riscv64@sha256:c81104de7e8d34eac8dc9f35d6b136cb423970657fca1cb3ed9d09c966522895
#11 DONE 1.1s

#13 [busybox-builder 2/4] RUN apt-get update &&     apt-get install -y --no-install-recommends         build-essential         gcc-riscv64-linux-gnu         libc6-dev-riscv64-cross         make         curl         ca-certificates         bzip2 &&     rm -rf /var/lib/apt/lists/*
#13 1.115 Get:1 http://deb.debian.org/debian trixie InRelease [140 kB]
#13 1.139 Get:2 http://deb.debian.org/debian trixie-updates InRelease [47.3 kB]
#13 1.145 Get:3 http://deb.debian.org/debian-security trixie-security InRelease [43.4 kB]
#13 1.187 Get:4 http://deb.debian.org/debian trixie/main amd64 Packages [9678 kB]
#13 1.987 Get:5 http://deb.debian.org/debian trixie-updates/main amd64 Packages [4412 B]
#13 1.987 Get:6 http://deb.debian.org/debian-security trixie-security/main amd64 Packages [262 kB]
#13 3.524 Fetched 10.2 MB in 2s (4085 kB/s)
#13 3.524 Reading package lists...
#13 4.652 Reading package lists...
#13 6.154 Building dependency tree...
#13 6.648 Reading state information...
#13 7.096 The following additional packages will be installed:
#13 7.097   binutils binutils-common binutils-riscv64-linux-gnu
#13 7.097   binutils-x86-64-linux-gnu cpp cpp-14 cpp-14-riscv64-linux-gnu
#13 7.097   cpp-14-x86-64-linux-gnu cpp-riscv64-linux-gnu cpp-x86-64-linux-gnu dpkg-dev
#13 7.097   g++ g++-14 g++-14-x86-64-linux-gnu g++-x86-64-linux-gnu gcc gcc-14
#13 7.097   gcc-14-cross-base gcc-14-riscv64-linux-gnu gcc-14-riscv64-linux-gnu-base
#13 7.098   gcc-14-x86-64-linux-gnu gcc-x86-64-linux-gnu libasan8 libasan8-riscv64-cross
#13 7.098   libatomic1 libatomic1-riscv64-cross libbinutils libbrotli1 libc-dev-bin
#13 7.098   libc6-dev libc6-riscv64-cross libcc1-0 libcom-err2 libcrypt-dev
#13 7.098   libctf-nobfd0 libctf0 libcurl4t64 libdpkg-perl libffi8 libgcc-14-dev
#13 7.098   libgcc-14-dev-riscv64-cross libgcc-s1-riscv64-cross libgdbm-compat4t64
#13 7.098   libgdbm6t64 libgnutls30t64 libgomp1 libgomp1-riscv64-cross libgprofng0
#13 7.098   libgssapi-krb5-2 libhwasan0 libidn2-0 libisl23 libitm1 libitm1-riscv64-cross
#13 7.098   libjansson4 libk5crypto3 libkeyutils1 libkrb5-3 libkrb5support0 libldap2
#13 7.098   liblsan0 liblsan0-riscv64-cross libmpc3 libmpfr6 libnghttp2-14 libnghttp3-9
#13 7.099   libp11-kit0 libperl5.40 libpsl5t64 libquadmath0 librtmp1 libsasl2-2
#13 7.099   libsasl2-modules-db libsframe1 libssh2-1t64 libstdc++-14-dev
#13 7.099   libstdc++6-riscv64-cross libtasn1-6 libtsan2 libtsan2-riscv64-cross
#13 7.099   libubsan1 libubsan1-riscv64-cross libunistring5 linux-libc-dev
#13 7.100   linux-libc-dev-riscv64-cross openssl patch perl perl-modules-5.40
#13 7.100   rpcsvc-proto xz-utils
#13 7.104 Suggested packages:
#13 7.104   binutils-doc gprofng-gui binutils-gold bzip2-doc cpp-doc gcc-14-locales
#13 7.104   cpp-14-doc debian-keyring debian-tag2upload-keyring g++-multilib
#13 7.104   g++-14-multilib gcc-14-doc gcc-multilib manpages-dev autoconf automake
#13 7.104   libtool flex bison gdb gcc-doc gcc-14-multilib gdb-riscv64-linux-gnu
#13 7.104   gdb-x86-64-linux-gnu libc-devtools glibc-doc sq | sqop | rsop | gosop
#13 7.104   | pgpainless-cli | gpg-sq | gnupg sensible-utils git bzr gdbm-l10n
#13 7.104   gnutls-bin krb5-doc krb5-user libstdc++-14-doc make-doc ed diffutils-doc
#13 7.104   perl-doc libterm-readline-gnu-perl | libterm-readline-perl-perl
#13 7.104   libtap-harness-archive-perl
#13 7.104 Recommended packages:
#13 7.104   bash-completion fakeroot sq | sqop | rsop | gosop | pgpainless-cli | gpg-sq
#13 7.104   | gnupg libalgorithm-merge-perl manpages manpages-dev libfile-fcntllock-perl
#13 7.104   liblocale-gettext-perl krb5-locales libldap-common publicsuffix
#13 7.104   libsasl2-modules netbase
#13 7.868 The following NEW packages will be installed:
#13 7.868   binutils binutils-common binutils-riscv64-linux-gnu
#13 7.868   binutils-x86-64-linux-gnu build-essential bzip2 ca-certificates cpp cpp-14
#13 7.868   cpp-14-riscv64-linux-gnu cpp-14-x86-64-linux-gnu cpp-riscv64-linux-gnu
#13 7.868   cpp-x86-64-linux-gnu curl dpkg-dev g++ g++-14 g++-14-x86-64-linux-gnu
#13 7.868   g++-x86-64-linux-gnu gcc gcc-14 gcc-14-cross-base gcc-14-riscv64-linux-gnu
#13 7.868   gcc-14-riscv64-linux-gnu-base gcc-14-x86-64-linux-gnu gcc-riscv64-linux-gnu
#13 7.868   gcc-x86-64-linux-gnu libasan8 libasan8-riscv64-cross libatomic1
#13 7.868   libatomic1-riscv64-cross libbinutils libbrotli1 libc-dev-bin libc6-dev
#13 7.868   libc6-dev-riscv64-cross libc6-riscv64-cross libcc1-0 libcom-err2
#13 7.869   libcrypt-dev libctf-nobfd0 libctf0 libcurl4t64 libdpkg-perl libffi8
#13 7.869   libgcc-14-dev libgcc-14-dev-riscv64-cross libgcc-s1-riscv64-cross
#13 7.869   libgdbm-compat4t64 libgdbm6t64 libgnutls30t64 libgomp1
#13 7.869   libgomp1-riscv64-cross libgprofng0 libgssapi-krb5-2 libhwasan0 libidn2-0
#13 7.869   libisl23 libitm1 libitm1-riscv64-cross libjansson4 libk5crypto3 libkeyutils1
#13 7.871   libkrb5-3 libkrb5support0 libldap2 liblsan0 liblsan0-riscv64-cross libmpc3
#13 7.871   libmpfr6 libnghttp2-14 libnghttp3-9 libp11-kit0 libperl5.40 libpsl5t64
#13 7.873   libquadmath0 librtmp1 libsasl2-2 libsasl2-modules-db libsframe1 libssh2-1t64
#13 7.873   libstdc++-14-dev libstdc++6-riscv64-cross libtasn1-6 libtsan2
#13 7.874   libtsan2-riscv64-cross libubsan1 libubsan1-riscv64-cross libunistring5
#13 7.874   linux-libc-dev linux-libc-dev-riscv64-cross make openssl patch perl
#13 7.875   perl-modules-5.40 rpcsvc-proto xz-utils
#13 7.959 0 upgraded, 98 newly installed, 0 to remove and 0 not upgraded.
#13 7.959 Need to get 149 MB of archives.
#13 7.959 After this operation, 633 MB of additional disk space will be used.
#13 7.959 Get:1 http://deb.debian.org/debian trixie/main amd64 bzip2 amd64 1.0.8-6 [40.5 kB]
#13 7.971 Get:2 http://deb.debian.org/debian trixie/main amd64 openssl amd64 3.5.7-1~deb13u2 [1507 kB]
#13 8.083 Get:3 http://deb.debian.org/debian trixie/main amd64 ca-certificates all 20250419 [162 kB]
#13 8.100 Get:4 http://deb.debian.org/debian trixie/main amd64 perl-modules-5.40 all 5.40.1-6+deb13u1 [3014 kB]
#13 8.273 Get:5 http://deb.debian.org/debian trixie/main amd64 libgdbm6t64 amd64 1.24-2 [75.2 kB]
#13 8.279 Get:6 http://deb.debian.org/debian trixie/main amd64 libgdbm-compat4t64 amd64 1.24-2 [50.3 kB]
#13 8.281 Get:7 http://deb.debian.org/debian trixie/main amd64 libperl5.40 amd64 5.40.1-6+deb13u1 [4326 kB]
#13 8.574 Get:8 http://deb.debian.org/debian trixie/main amd64 perl amd64 5.40.1-6+deb13u1 [268 kB]
#13 8.589 Get:9 http://deb.debian.org/debian trixie/main amd64 xz-utils amd64 5.8.1-1+deb13u1 [659 kB]
#13 8.624 Get:10 http://deb.debian.org/debian trixie/main amd64 libsframe1 amd64 2.44-3 [78.4 kB]
#13 8.630 Get:11 http://deb.debian.org/debian trixie/main amd64 binutils-common amd64 2.44-3 [2509 kB]
#13 8.778 Get:12 http://deb.debian.org/debian trixie/main amd64 libbinutils amd64 2.44-3 [534 kB]
#13 8.804 Get:13 http://deb.debian.org/debian trixie/main amd64 libgprofng0 amd64 2.44-3 [808 kB]
#13 8.844 Get:14 http://deb.debian.org/debian trixie/main amd64 libctf-nobfd0 amd64 2.44-3 [156 kB]
#13 8.851 Get:15 http://deb.debian.org/debian trixie/main amd64 libctf0 amd64 2.44-3 [88.6 kB]
#13 8.856 Get:16 http://deb.debian.org/debian trixie/main amd64 libjansson4 amd64 2.14-2+b3 [39.8 kB]
#13 8.857 Get:17 http://deb.debian.org/debian trixie/main amd64 binutils-x86-64-linux-gnu amd64 2.44-3 [1014 kB]
#13 8.905 Get:18 http://deb.debian.org/debian trixie/main amd64 binutils amd64 2.44-3 [265 kB]
#13 8.921 Get:19 http://deb.debian.org/debian trixie/main amd64 binutils-riscv64-linux-gnu amd64 2.44-3 [1428 kB]
#13 9.005 Get:20 http://deb.debian.org/debian trixie/main amd64 libc-dev-bin amd64 2.41-12+deb13u4 [60.0 kB]
#13 9.008 Get:21 http://deb.debian.org/debian trixie/main amd64 linux-libc-dev all 6.12.107-1 [2919 kB]
#13 9.154 Get:22 http://deb.debian.org/debian trixie/main amd64 libcrypt-dev amd64 1:4.4.38-1 [119 kB]
#13 9.162 Get:23 http://deb.debian.org/debian trixie/main amd64 rpcsvc-proto amd64 1.4.3-1 [63.3 kB]
#13 9.164 Get:24 http://deb.debian.org/debian trixie/main amd64 libc6-dev amd64 2.41-12+deb13u4 [1995 kB]
#13 9.279 Get:25 http://deb.debian.org/debian trixie/main amd64 libisl23 amd64 0.27-1 [659 kB]
#13 9.320 Get:26 http://deb.debian.org/debian trixie/main amd64 libmpfr6 amd64 4.2.2-1 [729 kB]
#13 9.354 Get:27 http://deb.debian.org/debian trixie/main amd64 libmpc3 amd64 1.3.1-1+b3 [52.2 kB]
#13 9.356 Get:28 http://deb.debian.org/debian trixie/main amd64 cpp-14-x86-64-linux-gnu amd64 14.2.0-19 [11.0 MB]
#13 9.999 Get:29 http://deb.debian.org/debian trixie/main amd64 cpp-14 amd64 14.2.0-19 [1280 B]
#13 9.999 Get:30 http://deb.debian.org/debian trixie/main amd64 cpp-x86-64-linux-gnu amd64 4:14.2.0-1 [4840 B]
#13 9.999 Get:31 http://deb.debian.org/debian trixie/main amd64 cpp amd64 4:14.2.0-1 [1568 B]
#13 10.00 Get:32 http://deb.debian.org/debian trixie/main amd64 libcc1-0 amd64 14.2.0-19 [42.8 kB]
#13 10.00 Get:33 http://deb.debian.org/debian trixie/main amd64 libgomp1 amd64 14.2.0-19 [137 kB]
#13 10.01 Get:34 http://deb.debian.org/debian trixie/main amd64 libitm1 amd64 14.2.0-19 [26.0 kB]
#13 10.01 Get:35 http://deb.debian.org/debian trixie/main amd64 libatomic1 amd64 14.2.0-19 [9308 B]
#13 10.01 Get:36 http://deb.debian.org/debian trixie/main amd64 libasan8 amd64 14.2.0-19 [2725 kB]
#13 10.16 Get:37 http://deb.debian.org/debian trixie/main amd64 liblsan0 amd64 14.2.0-19 [1204 kB]
#13 10.22 Get:38 http://deb.debian.org/debian trixie/main amd64 libtsan2 amd64 14.2.0-19 [2460 kB]
#13 10.35 Get:39 http://deb.debian.org/debian trixie/main amd64 libubsan1 amd64 14.2.0-19 [1074 kB]
#13 10.40 Get:40 http://deb.debian.org/debian trixie/main amd64 libhwasan0 amd64 14.2.0-19 [1488 kB]
#13 10.47 Get:41 http://deb.debian.org/debian trixie/main amd64 libquadmath0 amd64 14.2.0-19 [145 kB]
#13 10.49 Get:42 http://deb.debian.org/debian trixie/main amd64 libgcc-14-dev amd64 14.2.0-19 [2672 kB]
#13 10.64 Get:43 http://deb.debian.org/debian trixie/main amd64 gcc-14-x86-64-linux-gnu amd64 14.2.0-19 [21.4 MB]
#13 ...

#15 [stage-1  3/14] RUN <<EOF (#!/bin/bash...)
#15 1.023 Get:1 http://deb.debian.org/debian trixie InRelease [140 kB]
#15 1.056 Get:2 http://deb.debian.org/debian trixie-updates InRelease [47.3 kB]
#15 1.067 Get:3 http://deb.debian.org/debian-security trixie-security InRelease [43.4 kB]
#15 1.098 Get:4 http://deb.debian.org/debian trixie/main riscv64 Packages [9385 kB]
#15 1.892 Get:5 http://deb.debian.org/debian trixie/main amd64 Packages [9678 kB]
#15 2.451 Get:6 http://deb.debian.org/debian trixie-updates/main riscv64 Packages [4416 B]
#15 2.452 Get:7 http://deb.debian.org/debian trixie-updates/main amd64 Packages [4412 B]
#15 2.452 Get:8 http://deb.debian.org/debian-security trixie-security/main amd64 Packages [262 kB]
#15 2.471 Get:9 http://deb.debian.org/debian-security trixie-security/main riscv64 Packages [252 kB]
#15 4.617 Fetched 19.8 MB in 4s (5476 kB/s)
#15 4.617 Reading package lists...
#15 7.501 Reading package lists...
#15 10.38 Building dependency tree...
#15 10.97 Reading state information...
#15 ...

#13 [busybox-builder 2/4] RUN apt-get update &&     apt-get install -y --no-install-recommends         build-essential         gcc-riscv64-linux-gnu         libc6-dev-riscv64-cross         make         curl         ca-certificates         bzip2 &&     rm -rf /var/lib/apt/lists/*
#13 11.79 Get:44 http://deb.debian.org/debian trixie/main amd64 gcc-14 amd64 14.2.0-19 [540 kB]
#13 11.81 Get:45 http://deb.debian.org/debian trixie/main amd64 gcc-x86-64-linux-gnu amd64 4:14.2.0-1 [1436 B]
#13 11.82 Get:46 http://deb.debian.org/debian trixie/main amd64 gcc amd64 4:14.2.0-1 [5136 B]
#13 11.82 Get:47 http://deb.debian.org/debian trixie/main amd64 libstdc++-14-dev amd64 14.2.0-19 [2376 kB]
#13 11.97 Get:48 http://deb.debian.org/debian trixie/main amd64 g++-14-x86-64-linux-gnu amd64 14.2.0-19 [12.1 MB]
#13 12.73 Get:49 http://deb.debian.org/debian trixie/main amd64 g++-14 amd64 14.2.0-19 [22.5 kB]
#13 12.73 Get:50 http://deb.debian.org/debian trixie/main amd64 g++-x86-64-linux-gnu amd64 4:14.2.0-1 [1200 B]
#13 12.73 Get:51 http://deb.debian.org/debian trixie/main amd64 g++ amd64 4:14.2.0-1 [1344 B]
#13 12.73 Get:52 http://deb.debian.org/debian trixie/main amd64 make amd64 4.4.1-2 [463 kB]
#13 12.83 Get:53 http://deb.debian.org/debian trixie/main amd64 libdpkg-perl all 1.22.22 [651 kB]
#13 12.95 Get:54 http://deb.debian.org/debian trixie/main amd64 patch amd64 2.8-2 [134 kB]
#13 12.97 Get:55 http://deb.debian.org/debian trixie/main amd64 dpkg-dev all 1.22.22 [1337 kB]
#13 13.33 Get:56 http://deb.debian.org/debian trixie/main amd64 build-essential amd64 12.12 [4624 B]
#13 13.33 Get:57 http://deb.debian.org/debian trixie/main amd64 gcc-14-riscv64-linux-gnu-base amd64 14.2.0-19cross1 [49.6 kB]
#13 13.34 Get:58 http://deb.debian.org/debian trixie/main amd64 cpp-14-riscv64-linux-gnu amd64 14.2.0-19cross1 [13.3 MB]
#13 16.15 Get:59 http://deb.debian.org/debian trixie/main amd64 cpp-riscv64-linux-gnu amd64 4:14.2.0-1 [4848 B]
#13 16.15 Get:60 http://deb.debian.org/debian trixie/main amd64 libbrotli1 amd64 1.1.0-2+b7 [307 kB]
#13 16.25 Get:61 http://deb.debian.org/debian trixie/main amd64 libkrb5support0 amd64 1.21.3-5+deb13u1 [33.1 kB]
#13 16.29 Get:62 http://deb.debian.org/debian trixie/main amd64 libcom-err2 amd64 1.47.2-3+b12 [25.0 kB]
#13 16.30 Get:63 http://deb.debian.org/debian trixie/main amd64 libk5crypto3 amd64 1.21.3-5+deb13u1 [81.2 kB]
#13 16.31 Get:64 http://deb.debian.org/debian trixie/main amd64 libkeyutils1 amd64 1.6.3-6 [9456 B]
#13 16.31 Get:65 http://deb.debian.org/debian trixie/main amd64 libkrb5-3 amd64 1.21.3-5+deb13u1 [326 kB]
#13 16.39 Get:66 http://deb.debian.org/debian trixie/main amd64 libgssapi-krb5-2 amd64 1.21.3-5+deb13u1 [138 kB]
#13 16.41 Get:67 http://deb.debian.org/debian trixie/main amd64 libunistring5 amd64 1.3-2 [477 kB]
#13 16.51 Get:68 http://deb.debian.org/debian trixie/main amd64 libidn2-0 amd64 2.3.8-2 [109 kB]
#13 16.52 Get:69 http://deb.debian.org/debian trixie/main amd64 libsasl2-modules-db amd64 2.1.28+dfsg1-9 [19.8 kB]
#13 16.52 Get:70 http://deb.debian.org/debian trixie/main amd64 libsasl2-2 amd64 2.1.28+dfsg1-9 [57.5 kB]
#13 16.53 Get:71 http://deb.debian.org/debian trixie/main amd64 libldap2 amd64 2.6.10+dfsg-1 [194 kB]
#13 16.56 Get:72 http://deb.debian.org/debian trixie/main amd64 libnghttp2-14 amd64 1.64.0-1.1+deb13u1 [76.2 kB]
#13 16.57 Get:73 http://deb.debian.org/debian trixie/main amd64 libnghttp3-9 amd64 1.8.0-1 [67.7 kB]
#13 16.58 Get:74 http://deb.debian.org/debian trixie/main amd64 libpsl5t64 amd64 0.21.2-1.1+b1 [57.2 kB]
#13 16.59 Get:75 http://deb.debian.org/debian trixie/main amd64 libffi8 amd64 3.4.8-2 [24.1 kB]
#13 16.59 Get:76 http://deb.debian.org/debian trixie/main amd64 libp11-kit0 amd64 0.25.5-3 [425 kB]
#13 16.64 Get:77 http://deb.debian.org/debian trixie/main amd64 libtasn1-6 amd64 4.20.0-2+deb13u1 [50.1 kB]
#13 16.65 Get:78 http://deb.debian.org/debian trixie/main amd64 libgnutls30t64 amd64 3.8.9-3+deb13u4 [1469 kB]
#13 16.97 Get:79 http://deb.debian.org/debian trixie/main amd64 librtmp1 amd64 2.4+20151223.gitfa8646d.1-2+b5 [58.8 kB]
#13 16.98 Get:80 http://deb.debian.org/debian trixie/main amd64 libssh2-1t64 amd64 1.11.1-1+deb13u2 [245 kB]
#13 17.09 Get:81 http://deb.debian.org/debian trixie/main amd64 libcurl4t64 amd64 8.14.1-2+deb13u5 [391 kB]
#13 17.20 Get:82 http://deb.debian.org/debian trixie/main amd64 curl amd64 8.14.1-2+deb13u5 [270 kB]
#13 17.36 Get:83 http://deb.debian.org/debian trixie/main amd64 gcc-14-cross-base all 14.2.0-19cross1 [44.9 kB]
#13 17.36 Get:84 http://deb.debian.org/debian trixie/main amd64 libc6-riscv64-cross all 2.41-11cross1 [1170 kB]
#13 17.73 Get:85 http://deb.debian.org/debian trixie/main amd64 libgcc-s1-riscv64-cross all 14.2.0-19cross1 [56.8 kB]
#13 17.74 Get:86 http://deb.debian.org/debian trixie/main amd64 libgomp1-riscv64-cross all 14.2.0-19cross1 [128 kB]
#13 17.78 Get:87 http://deb.debian.org/debian trixie/main amd64 libitm1-riscv64-cross all 14.2.0-19cross1 [25.2 kB]
#13 17.79 Get:88 http://deb.debian.org/debian trixie/main amd64 libatomic1-riscv64-cross all 14.2.0-19cross1 [8316 B]
#13 17.79 Get:89 http://deb.debian.org/debian trixie/main amd64 libasan8-riscv64-cross all 14.2.0-19cross1 [2354 kB]
#13 19.03 Get:90 http://deb.debian.org/debian trixie/main amd64 liblsan0-riscv64-cross all 14.2.0-19cross1 [1076 kB]
#13 19.65 Get:91 http://deb.debian.org/debian trixie/main amd64 libtsan2-riscv64-cross all 14.2.0-19cross1 [2230 kB]
#13 20.12 Get:92 http://deb.debian.org/debian trixie/main amd64 libstdc++6-riscv64-cross all 14.2.0-19cross1 [660 kB]
#13 20.20 Get:93 http://deb.debian.org/debian trixie/main amd64 libubsan1-riscv64-cross all 14.2.0-19cross1 [978 kB]
#13 20.41 Get:94 http://deb.debian.org/debian trixie/main amd64 libgcc-14-dev-riscv64-cross all 14.2.0-19cross1 [5178 kB]
#13 ...

#15 [stage-1  3/14] RUN <<EOF (#!/bin/bash...)
#15 11.86 The following additional packages will be installed:
#15 11.86   autoconf autotools-dev binutils binutils-common binutils-riscv64-linux-gnu
#15 11.86   binutils-x86-64-linux-gnu bzip2 cpp cpp-14 cpp-14-riscv64-linux-gnu
#15 11.86   cpp-14-x86-64-linux-gnu cpp-riscv64-linux-gnu cpp-x86-64-linux-gnu dpkg-dev
#15 11.86   g++ g++-14 g++-14-x86-64-linux-gnu g++-x86-64-linux-gnu gcc gcc-14
#15 11.86   gcc-14-base:riscv64 gcc-14-cross-base gcc-14-riscv64-linux-gnu
#15 11.86   gcc-14-riscv64-linux-gnu-base gcc-14-x86-64-linux-gnu gcc-x86-64-linux-gnu
#15 11.86   gdb libarchive13t64 libasan8 libasan8-riscv64-cross libatomic1
#15 11.86   libatomic1-riscv64-cross libbabeltrace1 libbinutils libbrotli1
#15 11.86   libbz2-1.0:riscv64 libc-dev-bin libc6:riscv64 libc6-dev libc6-dev:riscv64
#15 11.86   libc6-riscv64-cross libcc1-0 libcom-err2 libcrypt-dev libcrypt-dev:riscv64
#15 11.86   libcrypt1:riscv64 libctf-nobfd0 libctf0 libcurl3t64-gnutls libcurl4t64
#15 11.86   libdb5.3t64:riscv64 libdebuginfod-common libdebuginfod1t64 libdpkg-perl
#15 11.86   libdw1t64 libelf1t64 libexpat1 libexpat1:riscv64 libexpat1-dev:riscv64
#15 11.86   libfdt1 libffi8 libffi8:riscv64 libgcc-14-dev libgcc-14-dev-riscv64-cross
#15 11.86   libgcc-s1:riscv64 libgcc-s1-riscv64-cross libgdbm-compat4t64 libgdbm6t64
#15 11.86   libgnutls30t64 libgomp1 libgomp1-riscv64-cross libgprofng0 libgssapi-krb5-2
#15 11.86   libhwasan0 libidn2-0 libipt2 libisl23 libitm1 libitm1-riscv64-cross
#15 11.86   libjansson4 libjs-jquery libjs-sphinxdoc libjs-underscore libjson-c5
#15 11.86   libk5crypto3 libkeyutils1 libkrb5-3 libkrb5support0 libldap2 liblsan0
#15 11.86   liblsan0-riscv64-cross liblzma5:riscv64 libmpc3 libmpfr6 libncurses6:riscv64
#15 11.86   libncursesw6 libncursesw6:riscv64 libnghttp2-14 libnghttp3-9 libngtcp2-16
#15 11.86   libngtcp2-crypto-gnutls8 libp11-kit0 libperl5.40 libpixman-1-0 libproc2-0
#15 11.86   libpsl5t64 libpython3-dev:riscv64 libpython3-stdlib:riscv64 libpython3.13
#15 11.86   libpython3.13:riscv64 libpython3.13-dev:riscv64 libpython3.13-minimal
#15 11.86   libpython3.13-minimal:riscv64 libpython3.13-stdlib
#15 11.86   libpython3.13-stdlib:riscv64 libquadmath0 libreadline8t64
#15 11.86   libreadline8t64:riscv64 librtmp1 libsasl2-2 libsasl2-modules-db libsframe1
#15 11.86   libsource-highlight-common libsource-highlight4t64 libsqlite3-0:riscv64
#15 11.86   libssh2-1t64 libssl3t64:riscv64 libstdc++-14-dev libstdc++6-riscv64-cross
#15 11.86   libtasn1-6 libtext-charwidth-perl libtext-wrapi18n-perl libtinfo6:riscv64
#15 11.86   libtsan2 libtsan2-riscv64-cross libubsan1 libubsan1-riscv64-cross
#15 11.86   libunistring5 libuuid1:riscv64 libxml2 libyajl2:riscv64 libyaml-0-2
#15 11.86   libzstd1:riscv64 linux-libc-dev m4 make media-types netbase openssl patch
#15 11.86   perl perl-modules-5.40 procps python3:riscv64 python3-autocommand
#15 11.86   python3-importlib-metadata python3-importlib-resources python3-inflect
#15 11.86   python3-jaraco.context python3-jaraco.functools python3-jaraco.text
#15 11.86   python3-minimal:riscv64 python3-more-itertools python3-pkg-resources
#15 11.86   python3-typeguard python3-typing-extensions python3-zipp python3.13:riscv64
#15 11.86   python3.13-dev:riscv64 python3.13-minimal:riscv64 readline-common
#15 11.86   rpcsvc-proto sensible-utils ucf xz-utils zlib1g:riscv64
#15 11.87 Suggested packages:
#15 11.87   autoconf-archive gnu-standards autoconf-doc libtool gettext binutils-doc
#15 11.87   gprofng-gui binutils-gold bison-doc bzip2-doc cpp-doc gcc-14-locales
#15 11.87   cpp-14-doc debian-keyring debian-tag2upload-keyring flex-doc g++-multilib
#15 11.87   g++-14-multilib gcc-14-doc gcc-multilib manpages-dev gcc-doc gcc-14-multilib
#15 11.87   gdb-riscv64-linux-gnu gdb-x86-64-linux-gnu gdb-doc gdbserver libc-dbg lrzip
#15 11.87   libc-devtools glibc-doc:riscv64 libc-l10n:riscv64 locales:riscv64
#15 11.87   libnss-nis:riscv64 libnss-nisplus:riscv64 glibc-doc manpages-dev:riscv64 sq
#15 11.87   | sqop | rsop | gosop | pgpainless-cli | gpg-sq | gnupg git bzr gdbm-l10n
#15 11.87   low-memory-monitor gnutls-bin krb5-doc krb5-user ncurses-doc:riscv64
#15 11.87   libstdc++-14-doc uuid-runtime:riscv64 m4-doc make-doc ed diffutils-doc
#15 11.87   perl-doc libterm-readline-gnu-perl | libterm-readline-perl-perl
#15 11.87   libtap-harness-archive-perl python3-doc:riscv64 python3-tk:riscv64
#15 11.87   python3-venv:riscv64 python-setuptools-doc python3.13-venv:riscv64
#15 11.87   python3.13-doc:riscv64 binutils:riscv64 binfmt-support:riscv64 readline-doc
#15 11.87 Recommended packages:
#15 11.87   bash-completion fakeroot sq | sqop | rsop | gosop | pgpainless-cli | gpg-sq
#15 11.87   | gnupg libalgorithm-merge-perl libfl-dev libc6-dev-riscv64-cross
#15 11.87   libc6-dev-riscv64-cross | libc-dev-riscv64-cross manpages manpages-dev
#15 11.87   libidn2-0:riscv64 libfile-fcntllock-perl liblocale-gettext-perl
#15 11.87   libglib2.0-data shared-mime-info xdg-user-dirs javascript-common
#15 11.87   krb5-locales libldap-common libgpm2:riscv64 libgpm2 publicsuffix
#15 11.87   libsasl2-modules psmisc linux-sysctl-defaults
#15 17.18 The following NEW packages will be installed:
#15 17.19   autoconf automake autotools-dev binutils binutils-common
#15 17.19   binutils-riscv64-linux-gnu binutils-x86-64-linux-gnu bison build-essential
#15 17.19   bzip2 ca-certificates checkpolicy cpp cpp-14 cpp-14-riscv64-linux-gnu
#15 17.19   cpp-14-x86-64-linux-gnu cpp-riscv64-linux-gnu cpp-x86-64-linux-gnu curl
#15 17.19   device-tree-compiler dpkg-dev flex g++ g++-14 g++-14-x86-64-linux-gnu
#15 17.19   g++-x86-64-linux-gnu gcc gcc-14 gcc-14-base:riscv64 gcc-14-cross-base
#15 17.19   gcc-14-riscv64-linux-gnu gcc-14-riscv64-linux-gnu-base
#15 17.19   gcc-14-x86-64-linux-gnu gcc-riscv64-linux-gnu gcc-x86-64-linux-gnu gdb
#15 17.19   gdb-multiarch genext2fs libarchive13t64 libasan8 libasan8-riscv64-cross
#15 17.19   libatomic1 libatomic1-riscv64-cross libbabeltrace1 libbinutils libbrotli1
#15 17.19   libbz2-1.0:riscv64 libc-dev-bin libc6:riscv64 libc6-dev libc6-dev:riscv64
#15 17.19   libc6-riscv64-cross libcc1-0 libcom-err2 libcrypt-dev libcrypt-dev:riscv64
#15 17.19   libcrypt1:riscv64 libctf-nobfd0 libctf0 libcurl3t64-gnutls libcurl4t64
#15 17.19   libdb5.3t64:riscv64 libdebuginfod-common libdebuginfod1t64 libdpkg-perl
#15 17.19   libdw1t64 libelf1t64 libexpat1 libexpat1:riscv64 libexpat1-dev:riscv64
#15 17.19   libfdt1 libffi8 libffi8:riscv64 libgcc-14-dev libgcc-14-dev-riscv64-cross
#15 17.19   libgcc-s1:riscv64 libgcc-s1-riscv64-cross libgdbm-compat4t64 libgdbm6t64
#15 17.19   libglib2.0-0t64 libgnutls30t64 libgomp1 libgomp1-riscv64-cross libgprofng0
#15 17.19   libgssapi-krb5-2 libhwasan0 libidn2-0 libipt2 libisl23 libitm1
#15 17.19   libitm1-riscv64-cross libjansson4 libjs-jquery libjs-sphinxdoc
#15 17.19   libjs-underscore libjson-c5 libk5crypto3 libkeyutils1 libkrb5-3
#15 17.19   libkrb5support0 libldap2 liblsan0 liblsan0-riscv64-cross liblzma5:riscv64
#15 17.19   libmpc3 libmpfr6 libncurses-dev:riscv64 libncurses6:riscv64 libncursesw6
#15 17.19   libncursesw6:riscv64 libnghttp2-14 libnghttp3-9 libngtcp2-16
#15 17.19   libngtcp2-crypto-gnutls8 libp11-kit0 libperl5.40 libpixman-1-0
#15 17.19   libpixman-1-dev libproc2-0 libpsl5t64 libpython3-dev:riscv64
#15 17.19   libpython3-stdlib:riscv64 libpython3.13 libpython3.13:riscv64
#15 17.19   libpython3.13-dev:riscv64 libpython3.13-minimal
#15 17.19   libpython3.13-minimal:riscv64 libpython3.13-stdlib
#15 17.19   libpython3.13-stdlib:riscv64 libquadmath0 libreadline8t64
#15 17.20   libreadline8t64:riscv64 librtmp1 libsasl2-2 libsasl2-modules-db libsframe1
#15 17.20   libsource-highlight-common libsource-highlight4t64 libsqlite3-0:riscv64
#15 17.20   libssh2-1t64 libssl3t64:riscv64 libstdc++-14-dev libstdc++6-riscv64-cross
#15 17.20   libtasn1-6 libtext-charwidth-perl libtext-wrapi18n-perl libtinfo6:riscv64
#15 17.20   libtsan2 libtsan2-riscv64-cross libubsan1 libubsan1-riscv64-cross
#15 17.20   libunistring5 libuuid1:riscv64 libxml2 libyajl-dev:riscv64 libyajl2:riscv64
#15 17.20   libyaml-0-2 libzstd1:riscv64 linux-libc-dev m4 make media-types netbase
#15 17.20   openssl patch perl perl-modules-5.40 procps python3:riscv64
#15 17.20   python3-autocommand python3-dev:riscv64 python3-importlib-metadata
#15 17.20   python3-importlib-resources python3-inflect python3-jaraco.context
#15 17.20   python3-jaraco.functools python3-jaraco.text python3-minimal:riscv64
#15 17.20   python3-more-itertools python3-pkg-resources python3-setuptools
#15 17.20   python3-typeguard python3-typing-extensions python3-zipp python3.13:riscv64
#15 17.20   python3.13-dev:riscv64 python3.13-minimal:riscv64 readline-common
#15 17.20   rpcsvc-proto sensible-utils ucf uuid-dev:riscv64 wget xz-utils
#15 17.20   zlib1g:riscv64 zlib1g-dev:riscv64
#15 17.41 0 upgraded, 196 newly installed, 0 to remove and 0 not upgraded.
#15 17.41 Need to get 209 MB of archives.
#15 17.41 After this operation, 988 MB of additional disk space will be used.
#15 17.41 Get:1 http://deb.debian.org/debian trixie/main amd64 m4 amd64 1.4.19-8 [294 kB]
#15 17.75 Get:2 http://deb.debian.org/debian trixie/main amd64 flex amd64 2.6.4-8.2+b4 [423 kB]
#15 18.03 Get:3 http://deb.debian.org/debian trixie/main amd64 libtext-charwidth-perl amd64 0.04-11+b4 [9476 B]
#15 18.04 Get:4 http://deb.debian.org/debian trixie/main amd64 libtext-wrapi18n-perl all 0.06-10 [8808 B]
#15 18.04 Get:5 http://deb.debian.org/debian trixie/main amd64 libncursesw6 amd64 6.5+20250216-2 [135 kB]
#15 18.14 Get:6 http://deb.debian.org/debian trixie/main amd64 libproc2-0 amd64 2:4.0.4-9 [65.6 kB]
#15 18.17 Get:7 http://deb.debian.org/debian trixie/main amd64 procps amd64 2:4.0.4-9 [882 kB]
#15 18.53 Get:8 http://deb.debian.org/debian trixie/main amd64 sensible-utils all 0.0.25 [25.0 kB]
#15 18.53 Get:9 http://deb.debian.org/debian trixie/main amd64 ucf all 3.0052 [43.3 kB]
#15 18.54 Get:10 http://deb.debian.org/debian trixie/main amd64 libdebuginfod-common all 0.192-4 [23.7 kB]
#15 18.55 Get:11 http://deb.debian.org/debian trixie/main amd64 libexpat1 amd64 2.8.3-1~deb13u1 [123 kB]
#15 18.60 Get:12 http://deb.debian.org/debian trixie/main riscv64 gcc-14-base riscv64 14.2.0-19 [49.4 kB]
#15 18.61 Get:13 http://deb.debian.org/debian trixie/main riscv64 libgcc-s1 riscv64 14.2.0-19 [56.8 kB]
#15 18.65 Get:14 http://deb.debian.org/debian trixie/main riscv64 libc6 riscv64 2.41-12+deb13u4 [2470 kB]
#15 19.65 Get:15 http://deb.debian.org/debian trixie/main riscv64 libexpat1 riscv64 2.8.3-1~deb13u1 [120 kB]
#15 19.66 Get:16 http://deb.debian.org/debian trixie/main riscv64 libzstd1 riscv64 1.5.7+dfsg-1 [360 kB]
#15 19.69 Get:17 http://deb.debian.org/debian trixie/main riscv64 zlib1g riscv64 1:1.3.dfsg+really1.3.1-1+b1 [85.7 kB]
#15 19.70 Get:18 http://deb.debian.org/debian trixie/main riscv64 libssl3t64 riscv64 3.5.7-1~deb13u2 [2236 kB]
#15 20.20 Get:19 http://deb.debian.org/debian trixie/main riscv64 libpython3.13-minimal riscv64 3.13.5-2+deb13u5 [859 kB]
#15 20.56 Get:20 http://deb.debian.org/debian trixie/main riscv64 python3.13-minimal riscv64 3.13.5-2+deb13u5 [2169 kB]
#15 21.02 Get:21 http://deb.debian.org/debian trixie/main riscv64 python3-minimal riscv64 3.13.5-1 [27.2 kB]
#15 21.03 Get:22 http://deb.debian.org/debian trixie/main amd64 media-types all 13.0.0 [29.3 kB]
#15 21.03 Get:23 http://deb.debian.org/debian trixie/main amd64 netbase all 6.5 [12.4 kB]
#15 21.03 Get:24 http://deb.debian.org/debian trixie/main riscv64 libbz2-1.0 riscv64 1.0.8-6 [40.3 kB]
#15 21.03 Get:25 http://deb.debian.org/debian trixie/main riscv64 libdb5.3t64 riscv64 5.3.28+dfsg2-9 [716 kB]
#15 21.20 Get:26 http://deb.debian.org/debian trixie/main riscv64 libffi8 riscv64 3.4.8-2 [21.7 kB]
#15 21.20 Get:27 http://deb.debian.org/debian trixie/main riscv64 liblzma5 riscv64 5.8.1-1+deb13u1 [313 kB]
#15 21.29 Get:28 http://deb.debian.org/debian trixie/main riscv64 libtinfo6 riscv64 6.5+20250216-2 [347 kB]
#15 21.34 Get:29 http://deb.debian.org/debian trixie/main riscv64 libncursesw6 riscv64 6.5+20250216-2 [141 kB]
#15 ...

#13 [busybox-builder 2/4] RUN apt-get update &&     apt-get install -y --no-install-recommends         build-essential         gcc-riscv64-linux-gnu         libc6-dev-riscv64-cross         make         curl         ca-certificates         bzip2 &&     rm -rf /var/lib/apt/lists/*
#13 21.77 Get:95 http://deb.debian.org/debian trixie/main amd64 gcc-14-riscv64-linux-gnu amd64 14.2.0-19cross1 [25.7 MB]
#13 ...

#15 [stage-1  3/14] RUN <<EOF (#!/bin/bash...)
#15 21.36 Get:30 http://deb.debian.org/debian trixie/main amd64 readline-common all 8.2-6 [69.4 kB]
#15 21.40 Get:31 http://deb.debian.org/debian trixie/main riscv64 libreadline8t64 riscv64 8.2-6 [169 kB]
#15 21.44 Get:32 http://deb.debian.org/debian trixie/main riscv64 libsqlite3-0 riscv64 3.46.1-7+deb13u2 [907 kB]
#15 21.60 Get:33 http://deb.debian.org/debian trixie/main riscv64 libuuid1 riscv64 2.41.5-0+deb13u1 [40.0 kB]
#15 21.61 Get:34 http://deb.debian.org/debian trixie/main riscv64 libpython3.13-stdlib riscv64 3.13.5-2+deb13u5 [1921 kB]
#15 22.11 Get:35 http://deb.debian.org/debian trixie/main riscv64 python3.13 riscv64 3.13.5-2+deb13u5 [757 kB]
#15 22.35 Get:36 http://deb.debian.org/debian trixie/main riscv64 libpython3-stdlib riscv64 3.13.5-1 [10.2 kB]
#15 22.35 Get:37 http://deb.debian.org/debian trixie/main riscv64 python3 riscv64 3.13.5-1 [28.2 kB]
#15 22.38 Get:38 http://deb.debian.org/debian trixie/main amd64 bzip2 amd64 1.0.8-6 [40.5 kB]
#15 22.38 Get:39 http://deb.debian.org/debian trixie/main amd64 openssl amd64 3.5.7-1~deb13u2 [1507 kB]
#15 22.78 Get:40 http://deb.debian.org/debian trixie/main amd64 ca-certificates all 20250419 [162 kB]
#15 22.81 Get:41 http://deb.debian.org/debian trixie/main amd64 perl-modules-5.40 all 5.40.1-6+deb13u1 [3014 kB]
#15 24.00 Get:42 http://deb.debian.org/debian trixie/main amd64 libgdbm6t64 amd64 1.24-2 [75.2 kB]
#15 24.03 Get:43 http://deb.debian.org/debian trixie/main amd64 libgdbm-compat4t64 amd64 1.24-2 [50.3 kB]
#15 24.05 Get:44 http://deb.debian.org/debian trixie/main amd64 libperl5.40 amd64 5.40.1-6+deb13u1 [4326 kB]
#15 25.23 Get:45 http://deb.debian.org/debian trixie/main amd64 perl amd64 5.40.1-6+deb13u1 [268 kB]
#15 25.27 Get:46 http://deb.debian.org/debian trixie/main amd64 libunistring5 amd64 1.3-2 [477 kB]
#15 25.34 Get:47 http://deb.debian.org/debian trixie/main amd64 libidn2-0 amd64 2.3.8-2 [109 kB]
#15 25.38 Get:48 http://deb.debian.org/debian trixie/main amd64 libffi8 amd64 3.4.8-2 [24.1 kB]
#15 25.40 Get:49 http://deb.debian.org/debian trixie/main amd64 libp11-kit0 amd64 0.25.5-3 [425 kB]
#15 25.51 Get:50 http://deb.debian.org/debian trixie/main amd64 libtasn1-6 amd64 4.20.0-2+deb13u1 [50.1 kB]
#15 25.53 Get:51 http://deb.debian.org/debian trixie/main amd64 libgnutls30t64 amd64 3.8.9-3+deb13u4 [1469 kB]
#15 25.86 Get:52 http://deb.debian.org/debian trixie/main amd64 libpsl5t64 amd64 0.21.2-1.1+b1 [57.2 kB]
#15 25.86 Get:53 http://deb.debian.org/debian trixie/main amd64 wget amd64 1.25.0-2 [984 kB]
#15 26.08 Get:54 http://deb.debian.org/debian trixie/main amd64 xz-utils amd64 5.8.1-1+deb13u1 [659 kB]
#15 26.22 Get:55 http://deb.debian.org/debian trixie/main amd64 autoconf all 2.72-3.1 [494 kB]
#15 26.28 Get:56 http://deb.debian.org/debian trixie/main amd64 autotools-dev all 20240727.1 [60.2 kB]
#15 26.33 Get:57 http://deb.debian.org/debian trixie/main amd64 automake all 1:1.17-4 [862 kB]
#15 26.52 Get:58 http://deb.debian.org/debian trixie/main amd64 libsframe1 amd64 2.44-3 [78.4 kB]
#15 26.54 Get:59 http://deb.debian.org/debian trixie/main amd64 binutils-common amd64 2.44-3 [2509 kB]
#15 27.48 Get:60 http://deb.debian.org/debian trixie/main amd64 libbinutils amd64 2.44-3 [534 kB]
#15 27.67 Get:61 http://deb.debian.org/debian trixie/main amd64 libgprofng0 amd64 2.44-3 [808 kB]
#15 27.88 Get:62 http://deb.debian.org/debian trixie/main amd64 libctf-nobfd0 amd64 2.44-3 [156 kB]
#15 27.92 Get:63 http://deb.debian.org/debian trixie/main amd64 libctf0 amd64 2.44-3 [88.6 kB]
#15 27.94 Get:64 http://deb.debian.org/debian trixie/main amd64 libjansson4 amd64 2.14-2+b3 [39.8 kB]
#15 27.96 Get:65 http://deb.debian.org/debian trixie/main amd64 binutils-x86-64-linux-gnu amd64 2.44-3 [1014 kB]
#15 28.56 Get:66 http://deb.debian.org/debian trixie/main amd64 binutils amd64 2.44-3 [265 kB]
#15 28.64 Get:67 http://deb.debian.org/debian trixie/main amd64 binutils-riscv64-linux-gnu amd64 2.44-3 [1428 kB]
#15 ...

#13 [busybox-builder 2/4] RUN apt-get update &&     apt-get install -y --no-install-recommends         build-essential         gcc-riscv64-linux-gnu         libc6-dev-riscv64-cross         make         curl         ca-certificates         bzip2 &&     rm -rf /var/lib/apt/lists/*
#13 29.36 Get:96 http://deb.debian.org/debian trixie/main amd64 gcc-riscv64-linux-gnu amd64 4:14.2.0-1 [1444 B]
#13 29.36 Get:97 http://deb.debian.org/debian trixie/main amd64 linux-libc-dev-riscv64-cross all 6.12.38-1cross1 [2440 kB]
#13 29.88 Get:98 http://deb.debian.org/debian trixie/main amd64 libc6-dev-riscv64-cross all 2.41-11cross1 [3121 kB]
#13 ...

#15 [stage-1  3/14] RUN <<EOF (#!/bin/bash...)
#15 29.05 Get:68 http://deb.debian.org/debian trixie/main amd64 bison amd64 2:3.8.2+dfsg-1+b2 [1170 kB]
#15 29.24 Get:69 http://deb.debian.org/debian trixie/main amd64 libc-dev-bin amd64 2.41-12+deb13u4 [60.0 kB]
#15 29.24 Get:70 http://deb.debian.org/debian trixie/main amd64 linux-libc-dev all 6.12.107-1 [2919 kB]
#15 29.85 Get:71 http://deb.debian.org/debian trixie/main amd64 libcrypt-dev amd64 1:4.4.38-1 [119 kB]
#15 29.87 Get:72 http://deb.debian.org/debian trixie/main amd64 rpcsvc-proto amd64 1.4.3-1 [63.3 kB]
#15 29.89 Get:73 http://deb.debian.org/debian trixie/main amd64 libc6-dev amd64 2.41-12+deb13u4 [1995 kB]
#15 30.33 Get:74 http://deb.debian.org/debian trixie/main amd64 libisl23 amd64 0.27-1 [659 kB]
#15 30.56 Get:75 http://deb.debian.org/debian trixie/main amd64 libmpfr6 amd64 4.2.2-1 [729 kB]
#15 30.73 Get:76 http://deb.debian.org/debian trixie/main amd64 libmpc3 amd64 1.3.1-1+b3 [52.2 kB]
#15 30.73 Get:77 http://deb.debian.org/debian trixie/main amd64 cpp-14-x86-64-linux-gnu amd64 14.2.0-19 [11.0 MB]
#15 32.99 Get:78 http://deb.debian.org/debian trixie/main amd64 cpp-14 amd64 14.2.0-19 [1280 B]
#15 32.99 Get:79 http://deb.debian.org/debian trixie/main amd64 cpp-x86-64-linux-gnu amd64 4:14.2.0-1 [4840 B]
#15 32.99 Get:80 http://deb.debian.org/debian trixie/main amd64 cpp amd64 4:14.2.0-1 [1568 B]
#15 32.99 Get:81 http://deb.debian.org/debian trixie/main amd64 libcc1-0 amd64 14.2.0-19 [42.8 kB]
#15 33.00 Get:82 http://deb.debian.org/debian trixie/main amd64 libgomp1 amd64 14.2.0-19 [137 kB]
#15 33.03 Get:83 http://deb.debian.org/debian trixie/main amd64 libitm1 amd64 14.2.0-19 [26.0 kB]
#15 33.05 Get:84 http://deb.debian.org/debian trixie/main amd64 libatomic1 amd64 14.2.0-19 [9308 B]
#15 33.05 Get:85 http://deb.debian.org/debian trixie/main amd64 libasan8 amd64 14.2.0-19 [2725 kB]
#15 33.69 Get:86 http://deb.debian.org/debian trixie/main amd64 liblsan0 amd64 14.2.0-19 [1204 kB]
#15 34.11 Get:87 http://deb.debian.org/debian trixie/main amd64 libtsan2 amd64 14.2.0-19 [2460 kB]
#15 34.58 Get:88 http://deb.debian.org/debian trixie/main amd64 libubsan1 amd64 14.2.0-19 [1074 kB]
#15 34.71 Get:89 http://deb.debian.org/debian trixie/main amd64 libhwasan0 amd64 14.2.0-19 [1488 kB]
#15 35.18 Get:90 http://deb.debian.org/debian trixie/main amd64 libquadmath0 amd64 14.2.0-19 [145 kB]
#15 35.19 Get:91 http://deb.debian.org/debian trixie/main amd64 libgcc-14-dev amd64 14.2.0-19 [2672 kB]
#15 35.76 Get:92 http://deb.debian.org/debian trixie/main amd64 gcc-14-x86-64-linux-gnu amd64 14.2.0-19 [21.4 MB]
#15 ...

#13 [busybox-builder 2/4] RUN apt-get update &&     apt-get install -y --no-install-recommends         build-essential         gcc-riscv64-linux-gnu         libc6-dev-riscv64-cross         make         curl         ca-certificates         bzip2 &&     rm -rf /var/lib/apt/lists/*
#13 40.03 Preconfiguring packages ...
#13 40.48 Fetched 149 MB in 23s (6567 kB/s)
#13 40.67 Selecting previously unselected package bzip2.
#13 40.67 (Reading database ... (Reading database ... 5%(Reading database ... 10%(Reading database ... 15%(Reading database ... 20%(Reading database ... 25%(Reading database ... 30%(Reading database ... 35%(Reading database ... 40%(Reading database ... 45%(Reading database ... 50%(Reading database ... 55%(Reading database ... 60%(Reading database ... 65%(Reading database ... 70%(Reading database ... 75%(Reading database ... 80%(Reading database ... 85%(Reading database ... 90%(Reading database ... 95%(Reading database ... 100%(Reading database ... 4951 files and directories currently installed.)
#13 40.72 Preparing to unpack .../00-bzip2_1.0.8-6_amd64.deb ...
#13 40.76 Unpacking bzip2 (1.0.8-6) ...
#13 41.06 Selecting previously unselected package openssl.
#13 41.06 Preparing to unpack .../01-openssl_3.5.7-1~deb13u2_amd64.deb ...
#13 41.11 Unpacking openssl (3.5.7-1~deb13u2) ...
#13 41.90 Selecting previously unselected package ca-certificates.
#13 41.90 Preparing to unpack .../02-ca-certificates_20250419_all.deb ...
#13 41.93 Unpacking ca-certificates (20250419) ...
#13 42.35 Selecting previously unselected package perl-modules-5.40.
#13 42.35 Preparing to unpack .../03-perl-modules-5.40_5.40.1-6+deb13u1_all.deb ...
#13 42.51 Unpacking perl-modules-5.40 (5.40.1-6+deb13u1) ...
#13 44.19 Selecting previously unselected package libgdbm6t64:amd64.
#13 44.20 Preparing to unpack .../04-libgdbm6t64_1.24-2_amd64.deb ...
#13 44.32 Unpacking libgdbm6t64:amd64 (1.24-2) ...
#13 44.80 Selecting previously unselected package libgdbm-compat4t64:amd64.
#13 44.81 Preparing to unpack .../05-libgdbm-compat4t64_1.24-2_amd64.deb ...
#13 44.87 Unpacking libgdbm-compat4t64:amd64 (1.24-2) ...
#13 45.52 Selecting previously unselected package libperl5.40:amd64.
#13 45.52 Preparing to unpack .../06-libperl5.40_5.40.1-6+deb13u1_amd64.deb ...
#13 45.61 Unpacking libperl5.40:amd64 (5.40.1-6+deb13u1) ...
#13 47.63 Selecting previously unselected package perl.
#13 47.63 Preparing to unpack .../07-perl_5.40.1-6+deb13u1_amd64.deb ...
#13 47.75 Unpacking perl (5.40.1-6+deb13u1) ...
#13 48.26 Selecting previously unselected package xz-utils.
#13 48.27 Preparing to unpack .../08-xz-utils_5.8.1-1+deb13u1_amd64.deb ...
#13 48.32 Unpacking xz-utils (5.8.1-1+deb13u1) ...
#13 48.69 Selecting previously unselected package libsframe1:amd64.
#13 48.69 Preparing to unpack .../09-libsframe1_2.44-3_amd64.deb ...
#13 48.71 Unpacking libsframe1:amd64 (2.44-3) ...
#13 49.02 Selecting previously unselected package binutils-common:amd64.
#13 49.02 Preparing to unpack .../10-binutils-common_2.44-3_amd64.deb ...
#13 49.07 Unpacking binutils-common:amd64 (2.44-3) ...
#13 49.62 Selecting previously unselected package libbinutils:amd64.
#13 49.62 Preparing to unpack .../11-libbinutils_2.44-3_amd64.deb ...
#13 49.66 Unpacking libbinutils:amd64 (2.44-3) ...
#13 50.08 Selecting previously unselected package libgprofng0:amd64.
#13 50.08 Preparing to unpack .../12-libgprofng0_2.44-3_amd64.deb ...
#13 50.10 Unpacking libgprofng0:amd64 (2.44-3) ...
#13 50.54 Selecting previously unselected package libctf-nobfd0:amd64.
#13 50.54 Preparing to unpack .../13-libctf-nobfd0_2.44-3_amd64.deb ...
#13 50.58 Unpacking libctf-nobfd0:amd64 (2.44-3) ...
#13 50.87 Selecting previously unselected package libctf0:amd64.
#13 50.88 Preparing to unpack .../14-libctf0_2.44-3_amd64.deb ...
#13 50.90 Unpacking libctf0:amd64 (2.44-3) ...
#13 51.18 Selecting previously unselected package libjansson4:amd64.
#13 51.18 Preparing to unpack .../15-libjansson4_2.14-2+b3_amd64.deb ...
#13 51.22 Unpacking libjansson4:amd64 (2.14-2+b3) ...
#13 51.42 Selecting previously unselected package binutils-x86-64-linux-gnu.
#13 51.42 Preparing to unpack .../16-binutils-x86-64-linux-gnu_2.44-3_amd64.deb ...
#13 51.45 Unpacking binutils-x86-64-linux-gnu (2.44-3) ...
#13 51.95 Selecting previously unselected package binutils.
#13 51.95 Preparing to unpack .../17-binutils_2.44-3_amd64.deb ...
#13 51.99 Unpacking binutils (2.44-3) ...
#13 52.28 Selecting previously unselected package binutils-riscv64-linux-gnu.
#13 52.28 Preparing to unpack .../18-binutils-riscv64-linux-gnu_2.44-3_amd64.deb ...
#13 52.32 Unpacking binutils-riscv64-linux-gnu (2.44-3) ...
#13 52.84 Selecting previously unselected package libc-dev-bin.
#13 52.84 Preparing to unpack .../19-libc-dev-bin_2.41-12+deb13u4_amd64.deb ...
#13 52.87 Unpacking libc-dev-bin (2.41-12+deb13u4) ...
#13 53.07 Selecting previously unselected package linux-libc-dev.
#13 53.07 Preparing to unpack .../20-linux-libc-dev_6.12.107-1_all.deb ...
#13 53.10 Unpacking linux-libc-dev (6.12.107-1) ...
#13 ...

#15 [stage-1  3/14] RUN <<EOF (#!/bin/bash...)
#15 42.61 Get:93 http://deb.debian.org/debian trixie/main amd64 gcc-14 amd64 14.2.0-19 [540 kB]
#15 42.73 Get:94 http://deb.debian.org/debian trixie/main amd64 gcc-x86-64-linux-gnu amd64 4:14.2.0-1 [1436 B]
#15 42.73 Get:95 http://deb.debian.org/debian trixie/main amd64 gcc amd64 4:14.2.0-1 [5136 B]
#15 42.73 Get:96 http://deb.debian.org/debian trixie/main amd64 libstdc++-14-dev amd64 14.2.0-19 [2376 kB]
#15 43.19 Get:97 http://deb.debian.org/debian trixie/main amd64 g++-14-x86-64-linux-gnu amd64 14.2.0-19 [12.1 MB]
#15 47.43 Get:98 http://deb.debian.org/debian trixie/main amd64 g++-14 amd64 14.2.0-19 [22.5 kB]
#15 47.43 Get:99 http://deb.debian.org/debian trixie/main amd64 g++-x86-64-linux-gnu amd64 4:14.2.0-1 [1200 B]
#15 47.45 Get:100 http://deb.debian.org/debian trixie/main amd64 g++ amd64 4:14.2.0-1 [1344 B]
#15 47.45 Get:101 http://deb.debian.org/debian trixie/main amd64 make amd64 4.4.1-2 [463 kB]
#15 47.50 Get:102 http://deb.debian.org/debian trixie/main amd64 libdpkg-perl all 1.22.22 [651 kB]
#15 47.68 Get:103 http://deb.debian.org/debian trixie/main amd64 patch amd64 2.8-2 [134 kB]
#15 47.71 Get:104 http://deb.debian.org/debian trixie/main amd64 dpkg-dev all 1.22.22 [1337 kB]
#15 48.01 Get:105 http://deb.debian.org/debian trixie/main amd64 build-essential amd64 12.12 [4624 B]
#15 48.01 Get:106 http://deb.debian.org/debian trixie/main amd64 checkpolicy amd64 3.8.1-1 [248 kB]
#15 48.08 Get:107 http://deb.debian.org/debian trixie/main amd64 gcc-14-riscv64-linux-gnu-base amd64 14.2.0-19cross1 [49.6 kB]
#15 48.09 Get:108 http://deb.debian.org/debian trixie/main amd64 cpp-14-riscv64-linux-gnu amd64 14.2.0-19cross1 [13.3 MB]
#15 50.75 Get:109 http://deb.debian.org/debian trixie/main amd64 cpp-riscv64-linux-gnu amd64 4:14.2.0-1 [4848 B]
#15 50.75 Get:110 http://deb.debian.org/debian trixie/main amd64 libbrotli1 amd64 1.1.0-2+b7 [307 kB]
#15 50.81 Get:111 http://deb.debian.org/debian trixie/main amd64 libkrb5support0 amd64 1.21.3-5+deb13u1 [33.1 kB]
#15 50.82 Get:112 http://deb.debian.org/debian trixie/main amd64 libcom-err2 amd64 1.47.2-3+b12 [25.0 kB]
#15 50.82 Get:113 http://deb.debian.org/debian trixie/main amd64 libk5crypto3 amd64 1.21.3-5+deb13u1 [81.2 kB]
#15 50.83 Get:114 http://deb.debian.org/debian trixie/main amd64 libkeyutils1 amd64 1.6.3-6 [9456 B]
#15 50.83 Get:115 http://deb.debian.org/debian trixie/main amd64 libkrb5-3 amd64 1.21.3-5+deb13u1 [326 kB]
#15 50.88 Get:116 http://deb.debian.org/debian trixie/main amd64 libgssapi-krb5-2 amd64 1.21.3-5+deb13u1 [138 kB]
#15 50.89 Get:117 http://deb.debian.org/debian trixie/main amd64 libsasl2-modules-db amd64 2.1.28+dfsg1-9 [19.8 kB]
#15 50.90 Get:118 http://deb.debian.org/debian trixie/main amd64 libsasl2-2 amd64 2.1.28+dfsg1-9 [57.5 kB]
#15 50.92 Get:119 http://deb.debian.org/debian trixie/main amd64 libldap2 amd64 2.6.10+dfsg-1 [194 kB]
#15 50.96 Get:120 http://deb.debian.org/debian trixie/main amd64 libnghttp2-14 amd64 1.64.0-1.1+deb13u1 [76.2 kB]
#15 50.97 Get:121 http://deb.debian.org/debian trixie/main amd64 libnghttp3-9 amd64 1.8.0-1 [67.7 kB]
#15 50.98 Get:122 http://deb.debian.org/debian trixie/main amd64 librtmp1 amd64 2.4+20151223.gitfa8646d.1-2+b5 [58.8 kB]
#15 51.01 Get:123 http://deb.debian.org/debian trixie/main amd64 libssh2-1t64 amd64 1.11.1-1+deb13u2 [245 kB]
#15 51.07 Get:124 http://deb.debian.org/debian trixie/main amd64 libcurl4t64 amd64 8.14.1-2+deb13u5 [391 kB]
#15 51.16 Get:125 http://deb.debian.org/debian trixie/main amd64 curl amd64 8.14.1-2+deb13u5 [270 kB]
#15 51.22 Get:126 http://deb.debian.org/debian trixie/main amd64 libfdt1 amd64 1.7.2-2+b1 [20.0 kB]
#15 51.22 Get:127 http://deb.debian.org/debian trixie/main amd64 libyaml-0-2 amd64 0.2.5-2 [52.5 kB]
#15 51.23 Get:128 http://deb.debian.org/debian trixie/main amd64 device-tree-compiler amd64 1.7.2-2+b1 [230 kB]
#15 51.27 Get:129 http://deb.debian.org/debian trixie/main amd64 gcc-14-cross-base all 14.2.0-19cross1 [44.9 kB]
#15 51.27 Get:130 http://deb.debian.org/debian trixie/main amd64 libc6-riscv64-cross all 2.41-11cross1 [1170 kB]
#15 51.47 Get:131 http://deb.debian.org/debian trixie/main amd64 libgcc-s1-riscv64-cross all 14.2.0-19cross1 [56.8 kB]
#15 51.47 Get:132 http://deb.debian.org/debian trixie/main amd64 libgomp1-riscv64-cross all 14.2.0-19cross1 [128 kB]
#15 51.49 Get:133 http://deb.debian.org/debian trixie/main amd64 libitm1-riscv64-cross all 14.2.0-19cross1 [25.2 kB]
#15 51.49 Get:134 http://deb.debian.org/debian trixie/main amd64 libatomic1-riscv64-cross all 14.2.0-19cross1 [8316 B]
#15 51.49 Get:135 http://deb.debian.org/debian trixie/main amd64 libasan8-riscv64-cross all 14.2.0-19cross1 [2354 kB]
#15 51.76 Get:136 http://deb.debian.org/debian trixie/main amd64 liblsan0-riscv64-cross all 14.2.0-19cross1 [1076 kB]
#15 51.98 Get:137 http://deb.debian.org/debian trixie/main amd64 libtsan2-riscv64-cross all 14.2.0-19cross1 [2230 kB]
#15 52.34 Get:138 http://deb.debian.org/debian trixie/main amd64 libstdc++6-riscv64-cross all 14.2.0-19cross1 [660 kB]
#15 52.47 Get:139 http://deb.debian.org/debian trixie/main amd64 libubsan1-riscv64-cross all 14.2.0-19cross1 [978 kB]
#15 52.70 Get:140 http://deb.debian.org/debian trixie/main amd64 libgcc-14-dev-riscv64-cross all 14.2.0-19cross1 [5178 kB]
#15 53.45 Get:141 http://deb.debian.org/debian trixie/main amd64 gcc-14-riscv64-linux-gnu amd64 14.2.0-19cross1 [25.7 MB]
#15 ...

#13 [busybox-builder 2/4] RUN apt-get update &&     apt-get install -y --no-install-recommends         build-essential         gcc-riscv64-linux-gnu         libc6-dev-riscv64-cross         make         curl         ca-certificates         bzip2 &&     rm -rf /var/lib/apt/lists/*
#13 53.99 Selecting previously unselected package libcrypt-dev:amd64.
#13 53.99 Preparing to unpack .../21-libcrypt-dev_1%3a4.4.38-1_amd64.deb ...
#13 54.10 Unpacking libcrypt-dev:amd64 (1:4.4.38-1) ...
#13 54.38 Selecting previously unselected package rpcsvc-proto.
#13 54.39 Preparing to unpack .../22-rpcsvc-proto_1.4.3-1_amd64.deb ...
#13 54.42 Unpacking rpcsvc-proto (1.4.3-1) ...
#13 54.66 Selecting previously unselected package libc6-dev:amd64.
#13 54.66 Preparing to unpack .../23-libc6-dev_2.41-12+deb13u4_amd64.deb ...
#13 54.74 Unpacking libc6-dev:amd64 (2.41-12+deb13u4) ...
#13 55.56 Selecting previously unselected package libisl23:amd64.
#13 55.56 Preparing to unpack .../24-libisl23_0.27-1_amd64.deb ...
#13 55.62 Unpacking libisl23:amd64 (0.27-1) ...
#13 56.10 Selecting previously unselected package libmpfr6:amd64.
#13 56.10 Preparing to unpack .../25-libmpfr6_4.2.2-1_amd64.deb ...
#13 56.12 Unpacking libmpfr6:amd64 (4.2.2-1) ...
#13 56.58 Selecting previously unselected package libmpc3:amd64.
#13 56.58 Preparing to unpack .../26-libmpc3_1.3.1-1+b3_amd64.deb ...
#13 56.63 Unpacking libmpc3:amd64 (1.3.1-1+b3) ...
#13 56.87 Selecting previously unselected package cpp-14-x86-64-linux-gnu.
#13 56.87 Preparing to unpack .../27-cpp-14-x86-64-linux-gnu_14.2.0-19_amd64.deb ...
#13 56.90 Unpacking cpp-14-x86-64-linux-gnu (14.2.0-19) ...
#13 58.50 Selecting previously unselected package cpp-14.
#13 58.50 Preparing to unpack .../28-cpp-14_14.2.0-19_amd64.deb ...
#13 58.56 Unpacking cpp-14 (14.2.0-19) ...
#13 58.78 Selecting previously unselected package cpp-x86-64-linux-gnu.
#13 58.78 Preparing to unpack .../29-cpp-x86-64-linux-gnu_4%3a14.2.0-1_amd64.deb ...
#13 58.82 Unpacking cpp-x86-64-linux-gnu (4:14.2.0-1) ...
#13 59.17 Selecting previously unselected package cpp.
#13 59.18 Preparing to unpack .../30-cpp_4%3a14.2.0-1_amd64.deb ...
#13 59.24 Unpacking cpp (4:14.2.0-1) ...
#13 59.47 Selecting previously unselected package libcc1-0:amd64.
#13 59.47 Preparing to unpack .../31-libcc1-0_14.2.0-19_amd64.deb ...
#13 59.50 Unpacking libcc1-0:amd64 (14.2.0-19) ...
#13 59.94 Selecting previously unselected package libgomp1:amd64.
#13 59.94 Preparing to unpack .../32-libgomp1_14.2.0-19_amd64.deb ...
#13 59.99 Unpacking libgomp1:amd64 (14.2.0-19) ...
#13 60.41 Selecting previously unselected package libitm1:amd64.
#13 60.42 Preparing to unpack .../33-libitm1_14.2.0-19_amd64.deb ...
#13 60.48 Unpacking libitm1:amd64 (14.2.0-19) ...
#13 ...

#15 [stage-1  3/14] RUN <<EOF (#!/bin/bash...)
#15 60.17 Get:142 http://deb.debian.org/debian trixie/main amd64 gcc-riscv64-linux-gnu amd64 4:14.2.0-1 [1444 B]
#15 60.17 Get:143 http://deb.debian.org/debian trixie/main amd64 libelf1t64 amd64 0.192-4 [189 kB]
#15 60.19 Get:144 http://deb.debian.org/debian trixie/main amd64 libdw1t64 amd64 0.192-4 [255 kB]
#15 60.26 Get:145 http://deb.debian.org/debian trixie/main amd64 libglib2.0-0t64 amd64 2.84.4-3~deb13u5 [1521 kB]
#15 60.85 Get:146 http://deb.debian.org/debian trixie/main amd64 libbabeltrace1 amd64 1.5.11-4+b2 [176 kB]
#15 60.89 Get:147 http://deb.debian.org/debian trixie/main amd64 libngtcp2-16 amd64 1.11.0-1+deb13u1 [132 kB]
#15 60.93 Get:148 http://deb.debian.org/debian trixie/main amd64 libngtcp2-crypto-gnutls8 amd64 1.11.0-1+deb13u1 [29.5 kB]
#15 60.93 Get:149 http://deb.debian.org/debian trixie/main amd64 libcurl3t64-gnutls amd64 8.14.1-2+deb13u5 [384 kB]
#15 61.00 Get:150 http://deb.debian.org/debian trixie/main amd64 libjson-c5 amd64 0.18+ds-1 [46.0 kB]
#15 61.02 Get:151 http://deb.debian.org/debian trixie/main amd64 libdebuginfod1t64 amd64 0.192-4 [32.4 kB]
#15 61.02 Get:152 http://deb.debian.org/debian trixie/main amd64 libipt2 amd64 2.1.2-1 [47.8 kB]
#15 61.03 Get:153 http://deb.debian.org/debian trixie/main amd64 libpython3.13-minimal amd64 3.13.5-2+deb13u5 [863 kB]
#15 61.18 Get:154 http://deb.debian.org/debian trixie/main amd64 libreadline8t64 amd64 8.2-6 [169 kB]
#15 61.20 Get:155 http://deb.debian.org/debian trixie/main amd64 libpython3.13-stdlib amd64 3.13.5-2+deb13u5 [1959 kB]
#15 61.77 Get:156 http://deb.debian.org/debian trixie/main amd64 libpython3.13 amd64 3.13.5-2+deb13u5 [2160 kB]
#15 62.27 Get:157 http://deb.debian.org/debian trixie/main amd64 libsource-highlight-common all 3.1.9-4.3 [77.5 kB]
#15 62.29 Get:158 http://deb.debian.org/debian trixie/main amd64 libsource-highlight4t64 amd64 3.1.9-4.3+b1 [335 kB]
#15 62.38 Get:159 http://deb.debian.org/debian trixie/main amd64 gdb amd64 16.3-1 [3992 kB]
#15 63.11 Get:160 http://deb.debian.org/debian trixie/main amd64 gdb-multiarch amd64 16.3-1 [6854 kB]
#15 64.32 Get:161 http://deb.debian.org/debian trixie/main amd64 libxml2 amd64 2.12.7+dfsg+really2.9.14-2.1+deb13u3 [700 kB]
#15 64.44 Get:162 http://deb.debian.org/debian trixie/main amd64 libarchive13t64 amd64 3.7.4-4+deb13u1 [350 kB]
#15 64.55 Get:163 http://deb.debian.org/debian trixie/main amd64 genext2fs amd64 1.5.0-3+b1 [30.0 kB]
#15 64.56 Get:164 http://deb.debian.org/debian trixie/main riscv64 libcrypt1 riscv64 1:4.4.38-1 [106 kB]
#15 64.57 Get:165 http://deb.debian.org/debian trixie/main riscv64 libcrypt-dev riscv64 1:4.4.38-1 [221 kB]
#15 64.60 Get:166 http://deb.debian.org/debian trixie/main riscv64 libc6-dev riscv64 2.41-12+deb13u4 [3126 kB]
#15 65.63 Get:167 http://deb.debian.org/debian trixie/main riscv64 libexpat1-dev riscv64 2.8.3-1~deb13u1 [328 kB]
#15 65.79 Get:168 http://deb.debian.org/debian trixie/main amd64 libjs-jquery all 3.6.1+dfsg+~3.5.14-1 [326 kB]
#15 65.98 Get:169 http://deb.debian.org/debian trixie/main amd64 libjs-underscore all 1.13.4~dfsg+~1.11.4-3 [116 kB]
#15 66.05 Get:170 http://deb.debian.org/debian trixie/main amd64 libjs-sphinxdoc all 8.1.3-5 [30.5 kB]
#15 66.05 Get:171 http://deb.debian.org/debian trixie/main riscv64 libncurses6 riscv64 6.5+20250216-2 [105 kB]
#15 66.11 Get:172 http://deb.debian.org/debian trixie/main riscv64 libncurses-dev riscv64 6.5+20250216-2 [838 kB]
#15 66.42 Get:173 http://deb.debian.org/debian trixie/main amd64 libpixman-1-0 amd64 0.44.0-3 [248 kB]
#15 66.49 Get:174 http://deb.debian.org/debian trixie/main amd64 libpixman-1-dev amd64 0.44.0-3 [11.4 kB]
#15 66.49 Get:175 http://deb.debian.org/debian trixie/main riscv64 libpython3.13 riscv64 3.13.5-2+deb13u5 [2171 kB]
#15 67.15 Get:176 http://deb.debian.org/debian trixie/main riscv64 zlib1g-dev riscv64 1:1.3.dfsg+really1.3.1-1+b1 [978 kB]
#15 67.38 Get:177 http://deb.debian.org/debian trixie/main riscv64 libpython3.13-dev riscv64 3.13.5-2+deb13u5 [14.4 MB]
#15 ...

#13 [busybox-builder 2/4] RUN apt-get update &&     apt-get install -y --no-install-recommends         build-essential         gcc-riscv64-linux-gnu         libc6-dev-riscv64-cross         make         curl         ca-certificates         bzip2 &&     rm -rf /var/lib/apt/lists/*
#13 60.80 Selecting previously unselected package libatomic1:amd64.
#13 60.80 Preparing to unpack .../34-libatomic1_14.2.0-19_amd64.deb ...
#13 60.84 Unpacking libatomic1:amd64 (14.2.0-19) ...
#13 61.21 Selecting previously unselected package libasan8:amd64.
#13 61.22 Preparing to unpack .../35-libasan8_14.2.0-19_amd64.deb ...
#13 61.27 Unpacking libasan8:amd64 (14.2.0-19) ...
#13 62.00 Selecting previously unselected package liblsan0:amd64.
#13 62.01 Preparing to unpack .../36-liblsan0_14.2.0-19_amd64.deb ...
#13 62.04 Unpacking liblsan0:amd64 (14.2.0-19) ...
#13 62.49 Selecting previously unselected package libtsan2:amd64.
#13 62.50 Preparing to unpack .../37-libtsan2_14.2.0-19_amd64.deb ...
#13 62.51 Unpacking libtsan2:amd64 (14.2.0-19) ...
#13 63.18 Selecting previously unselected package libubsan1:amd64.
#13 63.18 Preparing to unpack .../38-libubsan1_14.2.0-19_amd64.deb ...
#13 63.21 Unpacking libubsan1:amd64 (14.2.0-19) ...
#13 63.64 Selecting previously unselected package libhwasan0:amd64.
#13 63.64 Preparing to unpack .../39-libhwasan0_14.2.0-19_amd64.deb ...
#13 63.67 Unpacking libhwasan0:amd64 (14.2.0-19) ...
#13 64.09 Selecting previously unselected package libquadmath0:amd64.
#13 64.10 Preparing to unpack .../40-libquadmath0_14.2.0-19_amd64.deb ...
#13 64.13 Unpacking libquadmath0:amd64 (14.2.0-19) ...
#13 64.39 Selecting previously unselected package libgcc-14-dev:amd64.
#13 64.39 Preparing to unpack .../41-libgcc-14-dev_14.2.0-19_amd64.deb ...
#13 64.43 Unpacking libgcc-14-dev:amd64 (14.2.0-19) ...
#13 65.24 Selecting previously unselected package gcc-14-x86-64-linux-gnu.
#13 65.24 Preparing to unpack .../42-gcc-14-x86-64-linux-gnu_14.2.0-19_amd64.deb ...
#13 65.28 Unpacking gcc-14-x86-64-linux-gnu (14.2.0-19) ...
#13 67.90 Selecting previously unselected package gcc-14.
#13 67.90 Preparing to unpack .../43-gcc-14_14.2.0-19_amd64.deb ...
#13 67.97 Unpacking gcc-14 (14.2.0-19) ...
#13 68.56 Selecting previously unselected package gcc-x86-64-linux-gnu.
#13 68.57 Preparing to unpack .../44-gcc-x86-64-linux-gnu_4%3a14.2.0-1_amd64.deb ...
#13 68.63 Unpacking gcc-x86-64-linux-gnu (4:14.2.0-1) ...
#13 68.88 Selecting previously unselected package gcc.
#13 68.88 Preparing to unpack .../45-gcc_4%3a14.2.0-1_amd64.deb ...
#13 68.93 Unpacking gcc (4:14.2.0-1) ...
#13 69.23 Selecting previously unselected package libstdc++-14-dev:amd64.
#13 69.23 Preparing to unpack .../46-libstdc++-14-dev_14.2.0-19_amd64.deb ...
#13 69.28 Unpacking libstdc++-14-dev:amd64 (14.2.0-19) ...
#13 70.16 Selecting previously unselected package g++-14-x86-64-linux-gnu.
#13 70.17 Preparing to unpack .../47-g++-14-x86-64-linux-gnu_14.2.0-19_amd64.deb ...
#13 70.20 Unpacking g++-14-x86-64-linux-gnu (14.2.0-19) ...
#13 71.60 Selecting previously unselected package g++-14.
#13 71.60 Preparing to unpack .../48-g++-14_14.2.0-19_amd64.deb ...
#13 71.63 Unpacking g++-14 (14.2.0-19) ...
#13 71.85 Selecting previously unselected package g++-x86-64-linux-gnu.
#13 71.86 Preparing to unpack .../49-g++-x86-64-linux-gnu_4%3a14.2.0-1_amd64.deb ...
#13 71.91 Unpacking g++-x86-64-linux-gnu (4:14.2.0-1) ...
#13 ...

#15 [stage-1  3/14] RUN <<EOF (#!/bin/bash...)
#15 71.54 Get:178 http://deb.debian.org/debian trixie/main riscv64 libpython3-dev riscv64 3.13.5-1 [10.5 kB]
#15 71.54 Get:179 http://deb.debian.org/debian trixie/main riscv64 libyajl2 riscv64 2.1.0-5+b2 [23.6 kB]
#15 71.54 Get:180 http://deb.debian.org/debian trixie/main riscv64 libyajl-dev riscv64 2.1.0-5+b2 [55.6 kB]
#15 71.57 Get:181 http://deb.debian.org/debian trixie/main amd64 python3-autocommand all 2.2.2-3 [13.6 kB]
#15 71.57 Get:182 http://deb.debian.org/debian trixie/main riscv64 python3.13-dev riscv64 3.13.5-2+deb13u5 [508 kB]
#15 71.66 Get:183 http://deb.debian.org/debian trixie/main riscv64 python3-dev riscv64 3.13.5-1 [26.1 kB]
#15 71.68 Get:184 http://deb.debian.org/debian trixie/main amd64 python3-zipp all 3.21.0-1 [10.6 kB]
#15 71.68 Get:185 http://deb.debian.org/debian trixie/main amd64 python3-importlib-metadata all 8.7.0-1 [21.8 kB]
#15 71.68 Get:186 http://deb.debian.org/debian trixie/main amd64 python3-importlib-resources all 6.5.2-1 [24.2 kB]
#15 71.68 Get:187 http://deb.debian.org/debian trixie/main amd64 python3-more-itertools all 10.7.0-1 [67.4 kB]
#15 71.68 Get:188 http://deb.debian.org/debian trixie/main amd64 python3-typing-extensions all 4.13.2-1 [90.5 kB]
#15 71.70 Get:189 http://deb.debian.org/debian trixie/main amd64 python3-typeguard all 4.4.2-1 [37.3 kB]
#15 71.70 Get:190 http://deb.debian.org/debian trixie/main amd64 python3-inflect all 7.3.1-2 [32.4 kB]
#15 71.72 Get:191 http://deb.debian.org/debian trixie/main amd64 python3-jaraco.functools all 4.1.0-1 [12.0 kB]
#15 71.72 Get:192 http://deb.debian.org/debian trixie/main amd64 python3-pkg-resources all 78.1.1-0.1 [224 kB]
#15 71.78 Get:193 http://deb.debian.org/debian trixie/main amd64 python3-jaraco.text all 4.0.0-1 [11.4 kB]
#15 71.78 Get:194 http://deb.debian.org/debian trixie/main amd64 python3-setuptools all 78.1.1-0.1 [738 kB]
#15 71.91 Get:195 http://deb.debian.org/debian trixie/main amd64 python3-jaraco.context all 6.0.1-1+deb13u1 [8492 B]
#15 71.92 Get:196 http://deb.debian.org/debian trixie/main riscv64 uuid-dev riscv64 2.41.5-0+deb13u1 [64.5 kB]
#15 ...

#13 [busybox-builder 2/4] RUN apt-get update &&     apt-get install -y --no-install-recommends         build-essential         gcc-riscv64-linux-gnu         libc6-dev-riscv64-cross         make         curl         ca-certificates         bzip2 &&     rm -rf /var/lib/apt/lists/*
#13 72.19 Selecting previously unselected package g++.
#13 72.20 Preparing to unpack .../50-g++_4%3a14.2.0-1_amd64.deb ...
#13 72.25 Unpacking g++ (4:14.2.0-1) ...
#13 72.53 Selecting previously unselected package make.
#13 72.53 Preparing to unpack .../51-make_4.4.1-2_amd64.deb ...
#13 72.56 Unpacking make (4.4.1-2) ...
#13 72.86 Selecting previously unselected package libdpkg-perl.
#13 72.87 Preparing to unpack .../52-libdpkg-perl_1.22.22_all.deb ...
#13 72.88 Unpacking libdpkg-perl (1.22.22) ...
#13 73.26 Selecting previously unselected package patch.
#13 73.29 Preparing to unpack .../53-patch_2.8-2_amd64.deb ...
#13 73.29 Unpacking patch (2.8-2) ...
#13 73.61 Selecting previously unselected package dpkg-dev.
#13 73.61 Preparing to unpack .../54-dpkg-dev_1.22.22_all.deb ...
#13 73.69 Unpacking dpkg-dev (1.22.22) ...
#13 74.01 Selecting previously unselected package build-essential.
#13 74.01 Preparing to unpack .../55-build-essential_12.12_amd64.deb ...
#13 74.03 Unpacking build-essential (12.12) ...
#13 74.22 Selecting previously unselected package gcc-14-riscv64-linux-gnu-base:amd64.
#13 74.22 Preparing to unpack .../56-gcc-14-riscv64-linux-gnu-base_14.2.0-19cross1_amd64.deb ...
#13 74.25 Unpacking gcc-14-riscv64-linux-gnu-base:amd64 (14.2.0-19cross1) ...
#13 74.54 Selecting previously unselected package cpp-14-riscv64-linux-gnu.
#13 74.55 Preparing to unpack .../57-cpp-14-riscv64-linux-gnu_14.2.0-19cross1_amd64.deb ...
#13 74.58 Unpacking cpp-14-riscv64-linux-gnu (14.2.0-19cross1) ...
#13 76.36 Selecting previously unselected package cpp-riscv64-linux-gnu.
#13 76.36 Preparing to unpack .../58-cpp-riscv64-linux-gnu_4%3a14.2.0-1_amd64.deb ...
#13 76.39 Unpacking cpp-riscv64-linux-gnu (4:14.2.0-1) ...
#13 76.61 Selecting previously unselected package libbrotli1:amd64.
#13 76.62 Preparing to unpack .../59-libbrotli1_1.1.0-2+b7_amd64.deb ...
#13 76.64 Unpacking libbrotli1:amd64 (1.1.0-2+b7) ...
#13 76.97 Selecting previously unselected package libkrb5support0:amd64.
#13 76.97 Preparing to unpack .../60-libkrb5support0_1.21.3-5+deb13u1_amd64.deb ...
#13 77.00 Unpacking libkrb5support0:amd64 (1.21.3-5+deb13u1) ...
#13 77.26 Selecting previously unselected package libcom-err2:amd64.
#13 77.26 Preparing to unpack .../61-libcom-err2_1.47.2-3+b12_amd64.deb ...
#13 77.29 Unpacking libcom-err2:amd64 (1.47.2-3+b12) ...
#13 77.53 Selecting previously unselected package libk5crypto3:amd64.
#13 77.54 Preparing to unpack .../62-libk5crypto3_1.21.3-5+deb13u1_amd64.deb ...
#13 77.56 Unpacking libk5crypto3:amd64 (1.21.3-5+deb13u1) ...
#13 77.78 Selecting previously unselected package libkeyutils1:amd64.
#13 77.78 Preparing to unpack .../63-libkeyutils1_1.6.3-6_amd64.deb ...
#13 77.80 Unpacking libkeyutils1:amd64 (1.6.3-6) ...
#13 78.04 Selecting previously unselected package libkrb5-3:amd64.
#13 78.04 Preparing to unpack .../64-libkrb5-3_1.21.3-5+deb13u1_amd64.deb ...
#13 78.07 Unpacking libkrb5-3:amd64 (1.21.3-5+deb13u1) ...
#13 78.53 Selecting previously unselected package libgssapi-krb5-2:amd64.
#13 78.54 Preparing to unpack .../65-libgssapi-krb5-2_1.21.3-5+deb13u1_amd64.deb ...
#13 78.58 Unpacking libgssapi-krb5-2:amd64 (1.21.3-5+deb13u1) ...
#13 78.91 Selecting previously unselected package libunistring5:amd64.
#13 78.91 Preparing to unpack .../66-libunistring5_1.3-2_amd64.deb ...
#13 78.94 Unpacking libunistring5:amd64 (1.3-2) ...
#13 79.30 Selecting previously unselected package libidn2-0:amd64.
#13 79.32 Preparing to unpack .../67-libidn2-0_2.3.8-2_amd64.deb ...
#13 79.35 Unpacking libidn2-0:amd64 (2.3.8-2) ...
#13 79.66 Selecting previously unselected package libsasl2-modules-db:amd64.
#13 79.66 Preparing to unpack .../68-libsasl2-modules-db_2.1.28+dfsg1-9_amd64.deb ...
#13 79.72 Unpacking libsasl2-modules-db:amd64 (2.1.28+dfsg1-9) ...
#13 79.99 Selecting previously unselected package libsasl2-2:amd64.
#13 80.00 Preparing to unpack .../69-libsasl2-2_2.1.28+dfsg1-9_amd64.deb ...
#13 80.03 Unpacking libsasl2-2:amd64 (2.1.28+dfsg1-9) ...
#13 80.29 Selecting previously unselected package libldap2:amd64.
#13 80.29 Preparing to unpack .../70-libldap2_2.6.10+dfsg-1_amd64.deb ...
#13 80.34 Unpacking libldap2:amd64 (2.6.10+dfsg-1) ...
#13 80.66 Selecting previously unselected package libnghttp2-14:amd64.
#13 80.66 Preparing to unpack .../71-libnghttp2-14_1.64.0-1.1+deb13u1_amd64.deb ...
#13 80.70 Unpacking libnghttp2-14:amd64 (1.64.0-1.1+deb13u1) ...
#13 81.59 Selecting previously unselected package libnghttp3-9:amd64.
#13 81.59 Preparing to unpack .../72-libnghttp3-9_1.8.0-1_amd64.deb ...
#13 81.62 Unpacking libnghttp3-9:amd64 (1.8.0-1) ...
#13 81.87 Selecting previously unselected package libpsl5t64:amd64.
#13 81.87 Preparing to unpack .../73-libpsl5t64_0.21.2-1.1+b1_amd64.deb ...
#13 81.93 Unpacking libpsl5t64:amd64 (0.21.2-1.1+b1) ...
#13 82.19 Selecting previously unselected package libffi8:amd64.
#13 82.19 Preparing to unpack .../74-libffi8_3.4.8-2_amd64.deb ...
#13 82.24 Unpacking libffi8:amd64 (3.4.8-2) ...
#13 82.49 Selecting previously unselected package libp11-kit0:amd64.
#13 82.50 Preparing to unpack .../75-libp11-kit0_0.25.5-3_amd64.deb ...
#13 82.52 Unpacking libp11-kit0:amd64 (0.25.5-3) ...
#13 82.86 Selecting previously unselected package libtasn1-6:amd64.
#13 82.87 Preparing to unpack .../76-libtasn1-6_4.20.0-2+deb13u1_amd64.deb ...
#13 82.90 Unpacking libtasn1-6:amd64 (4.20.0-2+deb13u1) ...
#13 83.16 Selecting previously unselected package libgnutls30t64:amd64.
#13 83.16 Preparing to unpack .../77-libgnutls30t64_3.8.9-3+deb13u4_amd64.deb ...
#13 83.18 Unpacking libgnutls30t64:amd64 (3.8.9-3+deb13u4) ...
#13 83.62 Selecting previously unselected package librtmp1:amd64.
#13 83.62 Preparing to unpack .../78-librtmp1_2.4+20151223.gitfa8646d.1-2+b5_amd64.deb ...
#13 83.66 Unpacking librtmp1:amd64 (2.4+20151223.gitfa8646d.1-2+b5) ...
#13 83.93 Selecting previously unselected package libssh2-1t64:amd64.
#13 83.94 Preparing to unpack .../79-libssh2-1t64_1.11.1-1+deb13u2_amd64.deb ...
#13 83.98 Unpacking libssh2-1t64:amd64 (1.11.1-1+deb13u2) ...
#13 84.24 Selecting previously unselected package libcurl4t64:amd64.
#13 84.25 Preparing to unpack .../80-libcurl4t64_8.14.1-2+deb13u5_amd64.deb ...
#13 84.27 Unpacking libcurl4t64:amd64 (8.14.1-2+deb13u5) ...
#13 84.52 Selecting previously unselected package curl.
#13 84.53 Preparing to unpack .../81-curl_8.14.1-2+deb13u5_amd64.deb ...
#13 84.55 Unpacking curl (8.14.1-2+deb13u5) ...
#13 84.76 Selecting previously unselected package gcc-14-cross-base.
#13 84.77 Preparing to unpack .../82-gcc-14-cross-base_14.2.0-19cross1_all.deb ...
#13 84.80 Unpacking gcc-14-cross-base (14.2.0-19cross1) ...
#13 85.03 Selecting previously unselected package libc6-riscv64-cross.
#13 85.03 Preparing to unpack .../83-libc6-riscv64-cross_2.41-11cross1_all.deb ...
#13 85.17 Unpacking libc6-riscv64-cross (2.41-11cross1) ...
#13 85.56 Selecting previously unselected package libgcc-s1-riscv64-cross.
#13 85.56 Preparing to unpack .../84-libgcc-s1-riscv64-cross_14.2.0-19cross1_all.deb ...
#13 85.58 Unpacking libgcc-s1-riscv64-cross (14.2.0-19cross1) ...
#13 85.80 Selecting previously unselected package libgomp1-riscv64-cross.
#13 85.80 Preparing to unpack .../85-libgomp1-riscv64-cross_14.2.0-19cross1_all.deb ...
#13 85.84 Unpacking libgomp1-riscv64-cross (14.2.0-19cross1) ...
#13 86.06 Selecting previously unselected package libitm1-riscv64-cross.
#13 86.06 Preparing to unpack .../86-libitm1-riscv64-cross_14.2.0-19cross1_all.deb ...
#13 86.10 Unpacking libitm1-riscv64-cross (14.2.0-19cross1) ...
#13 86.35 Selecting previously unselected package libatomic1-riscv64-cross.
#13 86.35 Preparing to unpack .../87-libatomic1-riscv64-cross_14.2.0-19cross1_all.deb ...
#13 86.39 Unpacking libatomic1-riscv64-cross (14.2.0-19cross1) ...
#13 86.58 Selecting previously unselected package libasan8-riscv64-cross.
#13 86.59 Preparing to unpack .../88-libasan8-riscv64-cross_14.2.0-19cross1_all.deb ...
#13 86.62 Unpacking libasan8-riscv64-cross (14.2.0-19cross1) ...
#13 87.21 Selecting previously unselected package liblsan0-riscv64-cross.
#13 87.21 Preparing to unpack .../89-liblsan0-riscv64-cross_14.2.0-19cross1_all.deb ...
#13 87.24 Unpacking liblsan0-riscv64-cross (14.2.0-19cross1) ...
#13 87.63 Selecting previously unselected package libtsan2-riscv64-cross.
#13 87.63 Preparing to unpack .../90-libtsan2-riscv64-cross_14.2.0-19cross1_all.deb ...
#13 87.66 Unpacking libtsan2-riscv64-cross (14.2.0-19cross1) ...
#13 88.20 Selecting previously unselected package libstdc++6-riscv64-cross.
#13 88.20 Preparing to unpack .../91-libstdc++6-riscv64-cross_14.2.0-19cross1_all.deb ...
#13 88.23 Unpacking libstdc++6-riscv64-cross (14.2.0-19cross1) ...
#13 88.56 Selecting previously unselected package libubsan1-riscv64-cross.
#13 88.56 Preparing to unpack .../92-libubsan1-riscv64-cross_14.2.0-19cross1_all.deb ...
#13 88.60 Unpacking libubsan1-riscv64-cross (14.2.0-19cross1) ...
#13 89.21 Selecting previously unselected package libgcc-14-dev-riscv64-cross.
#13 89.21 Preparing to unpack .../93-libgcc-14-dev-riscv64-cross_14.2.0-19cross1_all.deb ...
#13 89.24 Unpacking libgcc-14-dev-riscv64-cross (14.2.0-19cross1) ...
#13 90.30 Selecting previously unselected package gcc-14-riscv64-linux-gnu.
#13 90.30 Preparing to unpack .../94-gcc-14-riscv64-linux-gnu_14.2.0-19cross1_amd64.deb ...
#13 90.34 Unpacking gcc-14-riscv64-linux-gnu (14.2.0-19cross1) ...
#13 92.60 Selecting previously unselected package gcc-riscv64-linux-gnu.
#13 92.61 Preparing to unpack .../95-gcc-riscv64-linux-gnu_4%3a14.2.0-1_amd64.deb ...
#13 92.63 Unpacking gcc-riscv64-linux-gnu (4:14.2.0-1) ...
#13 92.83 Selecting previously unselected package linux-libc-dev-riscv64-cross.
#13 92.83 Preparing to unpack .../96-linux-libc-dev-riscv64-cross_6.12.38-1cross1_all.deb ...
#13 92.86 Unpacking linux-libc-dev-riscv64-cross (6.12.38-1cross1) ...
#13 93.30 Selecting previously unselected package libc6-dev-riscv64-cross.
#13 93.31 Preparing to unpack .../97-libc6-dev-riscv64-cross_2.41-11cross1_all.deb ...
#13 93.33 Unpacking libc6-dev-riscv64-cross (2.41-11cross1) ...
#13 94.14 Setting up libkeyutils1:amd64 (1.6.3-6) ...
#13 94.23 Setting up libgdbm6t64:amd64 (1.24-2) ...
#13 94.31 Setting up libgdbm-compat4t64:amd64 (1.24-2) ...
#13 94.38 Setting up libbrotli1:amd64 (1.1.0-2+b7) ...
#13 94.46 Setting up binutils-common:amd64 (2.44-3) ...
#13 94.55 Setting up libnghttp2-14:amd64 (1.64.0-1.1+deb13u1) ...
#13 94.65 Setting up linux-libc-dev (6.12.107-1) ...
#13 94.76 Setting up libctf-nobfd0:amd64 (2.44-3) ...
#13 94.86 Setting up gcc-14-cross-base (14.2.0-19cross1) ...
#13 94.93 Setting up libcom-err2:amd64 (1.47.2-3+b12) ...
#13 95.03 Setting up libgomp1:amd64 (14.2.0-19) ...
#13 95.14 Setting up bzip2 (1.0.8-6) ...
#13 ...

#15 [stage-1  3/14] RUN <<EOF (#!/bin/bash...)
#15 94.58 Preconfiguring packages ...
#15 94.95 Fetched 209 MB in 55s (3827 kB/s)
#15 95.12 Selecting previously unselected package m4.
#15 95.12 (Reading database ... (Reading database ... 5%(Reading database ... 10%(Reading database ... 15%(Reading database ... 20%(Reading database ... 25%(Reading database ... 30%(Reading database ... 35%(Reading database ... 40%(Reading database ... 45%(Reading database ... 50%(Reading database ... 55%(Reading database ... 60%(Reading database ... 65%(Reading database ... 70%(Reading database ... 75%(Reading database ... 80%(Reading database ... 85%(Reading database ... 90%(Reading database ... 95%(Reading database ... 100%(Reading database ... 4951 files and directories currently installed.)
#15 95.13 Preparing to unpack .../00-m4_1.4.19-8_amd64.deb ...
#15 95.17 Unpacking m4 (1.4.19-8) ...
#15 95.65 Selecting previously unselected package flex.
#15 95.65 Preparing to unpack .../01-flex_2.6.4-8.2+b4_amd64.deb ...
#15 95.71 Unpacking flex (2.6.4-8.2+b4) ...
#15 96.14 Selecting previously unselected package libtext-charwidth-perl:amd64.
#15 96.14 Preparing to unpack .../02-libtext-charwidth-perl_0.04-11+b4_amd64.deb ...
#15 96.21 Unpacking libtext-charwidth-perl:amd64 (0.04-11+b4) ...
#15 96.52 Selecting previously unselected package libtext-wrapi18n-perl.
#15 96.52 Preparing to unpack .../03-libtext-wrapi18n-perl_0.06-10_all.deb ...
#15 96.57 Unpacking libtext-wrapi18n-perl (0.06-10) ...
#15 96.98 Selecting previously unselected package libncursesw6:amd64.
#15 96.98 Preparing to unpack .../04-libncursesw6_6.5+20250216-2_amd64.deb ...
#15 97.08 Unpacking libncursesw6:amd64 (6.5+20250216-2) ...
#15 97.54 Selecting previously unselected package libproc2-0:amd64.
#15 97.54 Preparing to unpack .../05-libproc2-0_2%3a4.0.4-9_amd64.deb ...
#15 97.59 Unpacking libproc2-0:amd64 (2:4.0.4-9) ...
#15 98.10 Selecting previously unselected package procps.
#15 98.10 Preparing to unpack .../06-procps_2%3a4.0.4-9_amd64.deb ...
#15 98.16 Unpacking procps (2:4.0.4-9) ...
#15 98.74 Selecting previously unselected package sensible-utils.
#15 98.74 Preparing to unpack .../07-sensible-utils_0.0.25_all.deb ...
#15 98.81 Unpacking sensible-utils (0.0.25) ...
#15 99.28 Selecting previously unselected package ucf.
#15 99.28 Preparing to unpack .../08-ucf_3.0052_all.deb ...
#15 99.34 Moving old data out of the way
#15 99.34 Unpacking ucf (3.0052) ...
#15 99.80 Selecting previously unselected package libdebuginfod-common.
#15 99.80 Preparing to unpack .../09-libdebuginfod-common_0.192-4_all.deb ...
#15 99.86 Unpacking libdebuginfod-common (0.192-4) ...
#15 100.2 Selecting previously unselected package gcc-14-base:riscv64.
#15 100.2 Preparing to unpack .../10-gcc-14-base_14.2.0-19_riscv64.deb ...
#15 100.3 Unpacking gcc-14-base:riscv64 (14.2.0-19) ...
#15 100.7 Selecting previously unselected package libgcc-s1:riscv64.
#15 100.7 Preparing to unpack .../11-libgcc-s1_14.2.0-19_riscv64.deb ...
#15 100.8 Unpacking libgcc-s1:riscv64 (14.2.0-19) ...
#15 101.3 Selecting previously unselected package libc6:riscv64.
#15 101.3 Preparing to unpack .../12-libc6_2.41-12+deb13u4_riscv64.deb ...
#15 101.7 Unpacking libc6:riscv64 (2.41-12+deb13u4) ...
#15 102.4 Setting up gcc-14-base:riscv64 (14.2.0-19) ...
#15 102.5 Setting up libgcc-s1:riscv64 (14.2.0-19) ...
#15 102.6 Setting up libc6:riscv64 (2.41-12+deb13u4) ...
#15 103.2 Selecting previously unselected package libexpat1:riscv64.
#15 103.2 (Reading database ... (Reading database ... 5%(Reading database ... 10%(Reading database ... 15%(Reading database ... 20%(Reading database ... 25%(Reading database ... 30%(Reading database ... 35%(Reading database ... 40%(Reading database ... 45%(Reading database ... 50%(Reading database ... 55%(Reading database ... 60%(Reading database ... 65%(Reading database ... 70%(Reading database ... 75%(Reading database ... 80%(Reading database ... 85%(Reading database ... 90%(Reading database ... 95%(Reading database ... 100%(Reading database ... 5700 files and directories currently installed.)
#15 103.2 Preparing to unpack .../0-libexpat1_2.8.3-1~deb13u1_riscv64.deb ...
#15 103.2 Unpacking libexpat1:riscv64 (2.8.3-1~deb13u1) ...
#15 103.4 Selecting previously unselected package libexpat1:amd64.
#15 103.4 Preparing to unpack .../1-libexpat1_2.8.3-1~deb13u1_amd64.deb ...
#15 103.5 Unpacking libexpat1:amd64 (2.8.3-1~deb13u1) ...
#15 103.7 Selecting previously unselected package libzstd1:riscv64.
#15 103.7 Preparing to unpack .../2-libzstd1_1.5.7+dfsg-1_riscv64.deb ...
#15 103.8 Unpacking libzstd1:riscv64 (1.5.7+dfsg-1) ...
#15 104.1 Selecting previously unselected package zlib1g:riscv64.
#15 104.1 Preparing to unpack .../3-zlib1g_1%3a1.3.dfsg+really1.3.1-1+b1_riscv64.deb ...
#15 104.1 Unpacking zlib1g:riscv64 (1:1.3.dfsg+really1.3.1-1+b1) ...
#15 104.4 Selecting previously unselected package libssl3t64:riscv64.
#15 104.4 Preparing to unpack .../4-libssl3t64_3.5.7-1~deb13u2_riscv64.deb ...
#15 104.5 Unpacking libssl3t64:riscv64 (3.5.7-1~deb13u2) ...
#15 ...

#13 [busybox-builder 2/4] RUN apt-get update &&     apt-get install -y --no-install-recommends         build-essential         gcc-riscv64-linux-gnu         libc6-dev-riscv64-cross         make         curl         ca-certificates         bzip2 &&     rm -rf /var/lib/apt/lists/*
#13 95.23 Setting up libsframe1:amd64 (2.44-3) ...
#13 95.35 Setting up libjansson4:amd64 (2.14-2+b3) ...
#13 95.45 Setting up libkrb5support0:amd64 (1.21.3-5+deb13u1) ...
#13 95.58 Setting up libsasl2-modules-db:amd64 (2.1.28+dfsg1-9) ...
#13 95.70 Setting up rpcsvc-proto (1.4.3-1) ...
#13 95.87 Setting up gcc-14-riscv64-linux-gnu-base:amd64 (14.2.0-19cross1) ...
#13 96.02 Setting up make (4.4.1-2) ...
#13 96.14 Setting up libmpfr6:amd64 (4.2.2-1) ...
#13 96.27 Setting up xz-utils (5.8.1-1+deb13u1) ...
#13 96.42 update-alternatives: using /usr/bin/xz to provide /usr/bin/lzma (lzma) in auto mode
#13 96.42 update-alternatives: warning: skip creation of /usr/share/man/man1/lzma.1.gz because associated file /usr/share/man/man1/xz.1.gz (of link group lzma) doesn't exist
#13 96.42 update-alternatives: warning: skip creation of /usr/share/man/man1/unlzma.1.gz because associated file /usr/share/man/man1/unxz.1.gz (of link group lzma) doesn't exist
#13 96.42 update-alternatives: warning: skip creation of /usr/share/man/man1/lzcat.1.gz because associated file /usr/share/man/man1/xzcat.1.gz (of link group lzma) doesn't exist
#13 96.42 update-alternatives: warning: skip creation of /usr/share/man/man1/lzmore.1.gz because associated file /usr/share/man/man1/xzmore.1.gz (of link group lzma) doesn't exist
#13 96.42 update-alternatives: warning: skip creation of /usr/share/man/man1/lzless.1.gz because associated file /usr/share/man/man1/xzless.1.gz (of link group lzma) doesn't exist
#13 96.42 update-alternatives: warning: skip creation of /usr/share/man/man1/lzdiff.1.gz because associated file /usr/share/man/man1/xzdiff.1.gz (of link group lzma) doesn't exist
#13 96.42 update-alternatives: warning: skip creation of /usr/share/man/man1/lzcmp.1.gz because associated file /usr/share/man/man1/xzcmp.1.gz (of link group lzma) doesn't exist
#13 96.43 update-alternatives: warning: skip creation of /usr/share/man/man1/lzgrep.1.gz because associated file /usr/share/man/man1/xzgrep.1.gz (of link group lzma) doesn't exist
#13 96.43 update-alternatives: warning: skip creation of /usr/share/man/man1/lzegrep.1.gz because associated file /usr/share/man/man1/xzegrep.1.gz (of link group lzma) doesn't exist
#13 96.43 update-alternatives: warning: skip creation of /usr/share/man/man1/lzfgrep.1.gz because associated file /usr/share/man/man1/xzfgrep.1.gz (of link group lzma) doesn't exist
#13 96.52 Setting up libquadmath0:amd64 (14.2.0-19) ...
#13 96.67 Setting up libunistring5:amd64 (1.3-2) ...
#13 96.81 Setting up libmpc3:amd64 (1.3.1-1+b3) ...
#13 96.94 Setting up libatomic1:amd64 (14.2.0-19) ...
#13 97.08 Setting up patch (2.8-2) ...
#13 97.25 Setting up libk5crypto3:amd64 (1.21.3-5+deb13u1) ...
#13 97.38 Setting up libsasl2-2:amd64 (2.1.28+dfsg1-9) ...
#13 97.55 Setting up libnghttp3-9:amd64 (1.8.0-1) ...
#13 97.70 Setting up libubsan1:amd64 (14.2.0-19) ...
#13 97.92 Setting up libffi8:amd64 (3.4.8-2) ...
#13 98.08 Setting up perl-modules-5.40 (5.40.1-6+deb13u1) ...
#13 98.26 Setting up libhwasan0:amd64 (14.2.0-19) ...
#13 98.39 Setting up libcrypt-dev:amd64 (1:4.4.38-1) ...
#13 98.59 Setting up libasan8:amd64 (14.2.0-19) ...
#13 98.69 Setting up linux-libc-dev-riscv64-cross (6.12.38-1cross1) ...
#13 98.77 Setting up libtasn1-6:amd64 (4.20.0-2+deb13u1) ...
#13 98.92 Setting up libc6-riscv64-cross (2.41-11cross1) ...
#13 99.15 Setting up libkrb5-3:amd64 (1.21.3-5+deb13u1) ...
#13 99.30 Setting up libgomp1-riscv64-cross (14.2.0-19cross1) ...
#13 99.45 Setting up libssh2-1t64:amd64 (1.11.1-1+deb13u2) ...
#13 99.58 Setting up libtsan2:amd64 (14.2.0-19) ...
#13 99.75 Setting up libbinutils:amd64 (2.44-3) ...
#13 99.90 Setting up libisl23:amd64 (0.27-1) ...
#13 100.1 Setting up libatomic1-riscv64-cross (14.2.0-19cross1) ...
#13 100.2 Setting up libc-dev-bin (2.41-12+deb13u4) ...
#13 100.4 Setting up openssl (3.5.7-1~deb13u2) ...
#13 100.6 Setting up libcc1-0:amd64 (14.2.0-19) ...
#13 100.7 Setting up libldap2:amd64 (2.6.10+dfsg-1) ...
#13 100.9 Setting up liblsan0:amd64 (14.2.0-19) ...
#13 101.1 Setting up libitm1:amd64 (14.2.0-19) ...
#13 101.3 Setting up libctf0:amd64 (2.44-3) ...
#13 101.4 Setting up libitm1-riscv64-cross (14.2.0-19cross1) ...
#13 101.6 Setting up binutils-riscv64-linux-gnu (2.44-3) ...
#13 101.7 Setting up libidn2-0:amd64 (2.3.8-2) ...
#13 101.9 Setting up cpp-14-riscv64-linux-gnu (14.2.0-19cross1) ...
#13 101.9 Setting up libperl5.40:amd64 (5.40.1-6+deb13u1) ...
#13 102.0 Setting up ca-certificates (20250419) ...
#13 105.0 Updating certificates in /etc/ssl/certs...
#13 ...

#15 [stage-1  3/14] RUN <<EOF (#!/bin/bash...)
#15 105.0 Selecting previously unselected package libpython3.13-minimal:riscv64.
#15 105.0 Preparing to unpack .../5-libpython3.13-minimal_3.13.5-2+deb13u5_riscv64.deb ...
#15 105.0 Unpacking libpython3.13-minimal:riscv64 (3.13.5-2+deb13u5) ...
#15 105.4 Selecting previously unselected package python3.13-minimal:riscv64.
#15 105.4 Preparing to unpack .../6-python3.13-minimal_3.13.5-2+deb13u5_riscv64.deb ...
#15 105.5 Unpacking python3.13-minimal:riscv64 (3.13.5-2+deb13u5) ...
#15 106.1 Setting up libzstd1:riscv64 (1.5.7+dfsg-1) ...
#15 106.2 Setting up zlib1g:riscv64 (1:1.3.dfsg+really1.3.1-1+b1) ...
#15 106.3 Setting up libssl3t64:riscv64 (3.5.7-1~deb13u2) ...
#15 106.4 Setting up libpython3.13-minimal:riscv64 (3.13.5-2+deb13u5) ...
#15 106.5 Setting up libexpat1:riscv64 (2.8.3-1~deb13u1) ...
#15 106.6 Setting up libexpat1:amd64 (2.8.3-1~deb13u1) ...
#15 106.7 Setting up python3.13-minimal:riscv64 (3.13.5-2+deb13u5) ...
#15 ...

#13 [busybox-builder 2/4] RUN apt-get update &&     apt-get install -y --no-install-recommends         build-essential         gcc-riscv64-linux-gnu         libc6-dev-riscv64-cross         make         curl         ca-certificates         bzip2 &&     rm -rf /var/lib/apt/lists/*
#13 108.2 150 added, 0 removed; done.
#13 108.4 Setting up perl (5.40.1-6+deb13u1) ...
#13 108.5 Setting up libgprofng0:amd64 (2.44-3) ...
#13 108.7 Setting up libgcc-s1-riscv64-cross (14.2.0-19cross1) ...
#13 108.8 Setting up libp11-kit0:amd64 (0.25.5-3) ...
#13 108.9 Setting up libgssapi-krb5-2:amd64 (1.21.3-5+deb13u1) ...
#13 109.0 Setting up cpp-14-x86-64-linux-gnu (14.2.0-19) ...
#13 109.1 Setting up libdpkg-perl (1.22.22) ...
#13 109.2 Setting up cpp-14 (14.2.0-19) ...
#13 109.3 Setting up libc6-dev-riscv64-cross (2.41-11cross1) ...
#13 109.4 Setting up libasan8-riscv64-cross (14.2.0-19cross1) ...
#13 109.5 Setting up libc6-dev:amd64 (2.41-12+deb13u4) ...
#13 109.5 Setting up libgcc-14-dev:amd64 (14.2.0-19) ...
#13 109.6 Setting up cpp-riscv64-linux-gnu (4:14.2.0-1) ...
#13 109.7 Setting up libstdc++-14-dev:amd64 (14.2.0-19) ...
#13 109.8 Setting up binutils-x86-64-linux-gnu (2.44-3) ...
#13 109.9 Setting up cpp-x86-64-linux-gnu (4:14.2.0-1) ...
#13 110.0 Setting up libgnutls30t64:amd64 (3.8.9-3+deb13u4) ...
#13 110.0 Setting up libstdc++6-riscv64-cross (14.2.0-19cross1) ...
#13 110.1 Setting up libubsan1-riscv64-cross (14.2.0-19cross1) ...
#13 110.2 Setting up libpsl5t64:amd64 (0.21.2-1.1+b1) ...
#13 110.3 Setting up liblsan0-riscv64-cross (14.2.0-19cross1) ...
#13 110.5 Setting up binutils (2.44-3) ...
#13 110.6 Setting up libtsan2-riscv64-cross (14.2.0-19cross1) ...
#13 110.7 Setting up dpkg-dev (1.22.22) ...
#13 110.9 Setting up librtmp1:amd64 (2.4+20151223.gitfa8646d.1-2+b5) ...
#13 110.9 Setting up cpp (4:14.2.0-1) ...
#13 111.1 Setting up gcc-14-x86-64-linux-gnu (14.2.0-19) ...
#13 111.2 Setting up gcc-x86-64-linux-gnu (4:14.2.0-1) ...
#13 111.2 Setting up libcurl4t64:amd64 (8.14.1-2+deb13u5) ...
#13 111.4 Setting up libgcc-14-dev-riscv64-cross (14.2.0-19cross1) ...
#13 111.4 Setting up gcc-14 (14.2.0-19) ...
#13 111.6 Setting up gcc-14-riscv64-linux-gnu (14.2.0-19cross1) ...
#13 111.7 Setting up g++-14-x86-64-linux-gnu (14.2.0-19) ...
#13 111.8 Setting up g++-x86-64-linux-gnu (4:14.2.0-1) ...
#13 111.9 Setting up curl (8.14.1-2+deb13u5) ...
#13 111.9 Setting up g++-14 (14.2.0-19) ...
#13 112.0 Setting up gcc (4:14.2.0-1) ...
#13 112.2 Setting up gcc-riscv64-linux-gnu (4:14.2.0-1) ...
#13 112.2 Setting up g++ (4:14.2.0-1) ...
#13 112.3 update-alternatives: using /usr/bin/g++ to provide /usr/bin/c++ (c++) in auto mode
#13 112.4 Setting up build-essential (12.12) ...
#13 112.5 Processing triggers for libc-bin (2.41-12+deb13u4) ...
#13 112.7 Processing triggers for ca-certificates (20250419) ...
#13 112.8 Updating certificates in /etc/ssl/certs...
#13 116.3 0 added, 0 removed; done.
#13 116.3 Running hooks in /etc/ca-certificates/update.d...
#13 116.3 done.
#13 DONE 116.8s

#15 [stage-1  3/14] RUN <<EOF (#!/bin/bash...)
#15 ...

#16 [busybox-builder 3/4] WORKDIR /busybox
#16 DONE 0.5s

#15 [stage-1  3/14] RUN <<EOF (#!/bin/bash...)
#15 ...

#17 [busybox-builder 4/4] RUN     curl -fsSLO https://busybox.net/downloads/busybox-1.36.1.tar.bz2 &&     tar -xf busybox-1.36.1.tar.bz2 -C /busybox --strip-components=1 &&     cd /busybox &&     make defconfig &&     sed "/CONFIG_STATIC\b/s/.*/CONFIG_STATIC=y/" -i .config &&     sed -i 's/CONFIG_TC=y/# CONFIG_TC is not set/' .config &&     make -j$(grep -c '^processor' /proc/cpuinfo) &&     make install CONFIG_PREFIX=/busybox-install
#17 4.819   HOSTCC  scripts/basic/fixdep
#17 5.366   HOSTCC  scripts/basic/split-include
#17 5.763   HOSTCC  scripts/basic/docproc
#17 6.506   GEN     include/applets.h
#17 6.759   GEN     include/usage.h
#17 6.809   GEN     procps/Kbuild
#17 6.837   GEN     procps/Config.in
#17 6.875   GEN     klibc-utils/Kbuild
#17 6.909   GEN     klibc-utils/Config.in
#17 6.935   GEN     editors/Kbuild
#17 6.962   GEN     editors/Config.in
#17 6.990   GEN     util-linux/Kbuild
#17 7.016   GEN     util-linux/Config.in
#17 7.043   GEN     util-linux/volume_id/Kbuild
#17 7.085   GEN     util-linux/volume_id/Config.in
#17 7.110   GEN     scripts/Kbuild
#17 7.130   GEN     console-tools/Kbuild
#17 7.152   GEN     console-tools/Config.in
#17 7.172   GEN     applets/Kbuild
#17 7.209   GEN     libbb/Kbuild
#17 7.234   GEN     libbb/Config.in
#17 7.267   GEN     networking/Kbuild
#17 7.312   GEN     networking/Config.in
#17 7.386   GEN     networking/libiproute/Kbuild
#17 7.462   GEN     networking/udhcp/Kbuild
#17 7.538   GEN     networking/udhcp/Config.in
#17 7.583   GEN     libpwdgrp/Kbuild
#17 7.606   GEN     sysklogd/Kbuild
#17 7.674   GEN     sysklogd/Config.in
#17 7.714   GEN     archival/Kbuild
#17 7.749   GEN     archival/Config.in
#17 7.778   GEN     archival/libarchive/Kbuild
#17 7.816   GEN     modutils/Kbuild
#17 7.852   GEN     modutils/Config.in
#17 7.886   GEN     findutils/Kbuild
#17 7.923   GEN     findutils/Config.in
#17 7.962   GEN     init/Kbuild
#17 8.003   GEN     init/Config.in
#17 8.051   GEN     coreutils/Kbuild
#17 8.087   GEN     coreutils/Config.in
#17 8.144   GEN     coreutils/libcoreutils/Kbuild
#17 8.191   GEN     loginutils/Kbuild
#17 8.210   GEN     loginutils/Config.in
#17 8.237   GEN     e2fsprogs/Kbuild
#17 8.265   GEN     e2fsprogs/Config.in
#17 8.301   GEN     printutils/Kbuild
#17 8.327   GEN     printutils/Config.in
#17 8.361   GEN     runit/Kbuild
#17 8.393   GEN     runit/Config.in
#17 8.429   GEN     mailutils/Kbuild
#17 8.476   GEN     mailutils/Config.in
#17 8.538   GEN     shell/Kbuild
#17 8.612   GEN     shell/Config.in
#17 8.665   GEN     miscutils/Kbuild
#17 8.717   GEN     miscutils/Config.in
#17 8.770   GEN     selinux/Kbuild
#17 8.803   GEN     selinux/Config.in
#17 8.840   GEN     debianutils/Kbuild
#17 8.923   GEN     debianutils/Config.in
#17 9.423   HOSTCC  scripts/kconfig/conf.o
#17 10.29   HOSTCC  scripts/kconfig/kxgettext.o
#17 11.14   HOSTCC  scripts/kconfig/mconf.o
#17 11.87   SHIPPED scripts/kconfig/zconf.tab.c
#17 11.88   SHIPPED scripts/kconfig/lex.zconf.c
#17 11.88   SHIPPED scripts/kconfig/zconf.hash.c
#17 12.33   HOSTCC  scripts/kconfig/zconf.tab.o
#17 15.95   HOSTLD  scripts/kconfig/conf
#17 16.04 scripts/kconfig/conf -d Config.in
#17 16.05 *
#17 16.05 * Busybox Configuration
#17 16.05 *
#17 16.05 *
#17 16.05 * Settings
#17 16.05 *
#17 16.05 Enable compatibility for full-blown desktop systems (8kb) (DESKTOP) [Y/n/?] (NEW) y
#17 16.05 Provide compatible behavior for rare corner cases (bigger code) (EXTRA_COMPAT) [N/y/?] (NEW) n
#17 16.05 Building for Fedora distribution (FEDORA_COMPAT) [N/y/?] (NEW) n
#17 16.05 Enable obsolete features removed before SUSv3 (INCLUDE_SUSv2) [Y/n/?] (NEW) y
#17 16.05 Support --long-options (LONG_OPTS) [Y/?] (NEW) y
#17 16.05 Show applet usage messages (SHOW_USAGE) [Y/n/?] (NEW) y
#17 16.05   Show verbose applet usage messages (FEATURE_VERBOSE_USAGE) [Y/n/?] (NEW) y
#17 16.05   Store applet usage messages in compressed form (FEATURE_COMPRESS_USAGE) [Y/n/?] (NEW) y
#17 16.05 Support files > 2 GB (LFS) [Y/n/?] (NEW) y
#17 16.05 Support PAM (Pluggable Authentication Modules) (PAM) [N/y/?] (NEW) n
#17 16.05 Use the devpts filesystem for Unix98 PTYs (FEATURE_DEVPTS) [Y/n/?] (NEW) y
#17 16.05 Support utmp file (FEATURE_UTMP) [Y/n/?] (NEW) y
#17 16.05   Support wtmp file (FEATURE_WTMP) [Y/n/?] (NEW) y
#17 16.05 Support writing pidfiles (FEATURE_PIDFILE) [Y/n/?] (NEW) y
#17 16.05   Directory for pidfiles (PID_FILE_PATH) [/var/run] (NEW) /var/run
#17 16.05 Include busybox applet (BUSYBOX) [Y/n/?] (NEW) y
#17 16.05   Support --show SCRIPT (FEATURE_SHOW_SCRIPT) [Y/n] (NEW) y
#17 16.05   Support --install [-s] to install applet links at runtime (FEATURE_INSTALLER) [Y/n/?] (NEW) y
#17 16.05 Don't use /usr (INSTALL_NO_USR) [N/y/?] (NEW) n
#17 16.05 Drop SUID state for most applets (FEATURE_SUID) [Y/n/?] (NEW) y
#17 16.05   Enable SUID configuration via /etc/busybox.conf (FEATURE_SUID_CONFIG) [Y/n/?] (NEW) y
#17 16.05     Suppress warning message if /etc/busybox.conf is not readable (FEATURE_SUID_CONFIG_QUIET) [Y/n/?] (NEW) y
#17 16.05 exec prefers applets (FEATURE_PREFER_APPLETS) [N/y/?] (NEW) n
#17 16.05 Path to busybox executable (BUSYBOX_EXEC_PATH) [/proc/self/exe] (NEW) /proc/self/exe
#17 16.05 Support NSA Security Enhanced Linux (SELINUX) [N/y/?] (NEW) n
#17 16.05 Clean up all memory before exiting (usually not needed) (FEATURE_CLEAN_UP) [N/y/?] (NEW) n
#17 16.05 Support LOG_INFO level syslog messages (FEATURE_SYSLOG_INFO) [Y/n/?] (NEW) y
#17 16.05 *
#17 16.05 * Build Options
#17 16.05 *
#17 16.05 Build static binary (no shared libs) (STATIC) [N/y/?] (NEW) n
#17 16.05   Build position independent executable (PIE) [N/y/?] (NEW) n
#17 16.05 Force NOMMU build (NOMMU) [N/y/?] (NEW) n
#17 16.05 Build shared libbusybox (BUILD_LIBBUSYBOX) [N/y/?] (NEW) n
#17 16.05 Cross compiler prefix (CROSS_COMPILER_PREFIX) [] (NEW) 
#17 16.05 Path to sysroot (SYSROOT) [] (NEW) 
#17 16.05 Additional CFLAGS (EXTRA_CFLAGS) [] (NEW) 
#17 16.05 Additional LDFLAGS (EXTRA_LDFLAGS) [] (NEW) 
#17 16.05 Additional LDLIBS (EXTRA_LDLIBS) [] (NEW) 
#17 16.05 Avoid using GCC-specific code constructs (USE_PORTABLE_CODE) [N/y/?] (NEW) n
#17 16.05 Use -mpreferred-stack-boundary=2 on i386 arch (STACK_OPTIMIZATION_386) [Y/n/?] (NEW) y
#17 16.05 Use -static-libgcc (STATIC_LIBGCC) [Y/n/?] (NEW) y
#17 16.05 *
#17 16.05 * Installation Options ("make install" behavior)
#17 16.05 *
#17 16.05 What kind of applet links to install
#17 16.05 > 1. as soft-links (INSTALL_APPLET_SYMLINKS) (NEW)
#17 16.05   2. as hard-links (INSTALL_APPLET_HARDLINKS) (NEW)
#17 16.05   3. as script wrappers (INSTALL_APPLET_SCRIPT_WRAPPERS) (NEW)
#17 16.05   4. not installed (INSTALL_APPLET_DONT) (NEW)
#17 16.05 choice[1-4?]: 1
#17 16.05 Destination path for 'make install' (PREFIX) [./_install] (NEW) ./_install
#17 16.05 *
#17 16.05 * Debugging Options
#17 16.05 *
#17 16.05 Build with debug information (DEBUG) [N/y/?] (NEW) n
#17 16.05 Enable runtime sanitizers (ASAN/LSAN/USAN/etc...) (DEBUG_SANITIZE) [N/y/?] (NEW) n
#17 16.05 Build unit tests (UNIT_TEST) [N/y/?] (NEW) n
#17 16.05 Abort compilation on any warning (WERROR) [N/y/?] (NEW) n
#17 16.05 Warn about single parameter bb_xx_msg calls (WARN_SIMPLE_MSG) [N/y/?] (NEW) n
#17 16.05 Additional debugging library
#17 16.05 > 1. None (NO_DEBUG_LIB) (NEW)
#17 16.05   2. Dmalloc (DMALLOC) (NEW)
#17 16.05   3. Electric-fence (EFENCE) (NEW)
#17 16.05 choice[1-3?]: 1
#17 16.05 *
#17 16.05 * Library Tuning
#17 16.05 *
#17 16.05 Use the end of BSS page (FEATURE_USE_BSS_TAIL) [N/y/?] (NEW) n
#17 16.05 Enable fractional duration arguments (FLOAT_DURATION) [Y/n/?] (NEW) y
#17 16.05 Support RTMIN[+n] and RTMAX[-n] signal names (FEATURE_RTMINMAX) [Y/n/?] (NEW) y
#17 16.05   Use the definitions of SIGRTMIN/SIGRTMAX provided by libc (FEATURE_RTMINMAX_USE_LIBC_DEFINITIONS) [Y/n/?] (NEW) y
#17 16.05 Buffer allocation policy
#17 16.05 > 1. Allocate with Malloc (FEATURE_BUFFERS_USE_MALLOC) (NEW)
#17 16.05   2. Allocate on the Stack (FEATURE_BUFFERS_GO_ON_STACK) (NEW)
#17 16.05   3. Allocate in the .bss section (FEATURE_BUFFERS_GO_IN_BSS) (NEW)
#17 16.05 choice[1-3?]: 1
#17 16.05 Minimum password length (PASSWORD_MINLEN) [6] (NEW) 6
#17 16.05 MD5: Trade bytes for speed (0:fast, 3:slow) (MD5_SMALL) [1] (NEW) 1
#17 16.05 SHA1: Trade bytes for speed (0:fast, 3:slow) (SHA1_SMALL) [3] (NEW) 3
#17 16.05 SHA1: Use hardware accelerated instructions if possible (SHA1_HWACCEL) [Y/n/?] (NEW) y
#17 16.05 SHA256: Use hardware accelerated instructions if possible (SHA256_HWACCEL) [Y/n/?] (NEW) y
#17 16.05 SHA3: Trade bytes for speed (0:fast, 1:slow) (SHA3_SMALL) [1] (NEW) 1
#17 16.05 Non-POSIX, but safer, copying to special nodes (FEATURE_NON_POSIX_CP) [Y/n/?] (NEW) y
#17 16.05 Give more precise messages when copy fails (cp, mv etc) (FEATURE_VERBOSE_CP_MESSAGE) [N/y/?] (NEW) n
#17 16.05 Use sendfile system call (FEATURE_USE_SENDFILE) [Y/n/?] (NEW) y
#17 16.05 Copy buffer size, in kilobytes (FEATURE_COPYBUF_KB) [4] (NEW) 4
#17 16.05 Use clock_gettime(CLOCK_MONOTONIC) syscall (MONOTONIC_SYSCALL) [Y/n/?] (NEW) y
#17 16.05 Use ioctl names rather than hex values in error messages (IOCTL_HEX2STR_ERROR) [Y/n/?] (NEW) y
#17 16.05 Command line editing (FEATURE_EDITING) [Y/n/?] (NEW) y
#17 16.05   Maximum length of input (FEATURE_EDITING_MAX_LEN) [1024] (NEW) 1024
#17 16.05   vi-style line editing commands (FEATURE_EDITING_VI) [N/y/?] (NEW) n
#17 16.05   History size (FEATURE_EDITING_HISTORY) [255] (NEW) 255
#17 16.05   History saving (FEATURE_EDITING_SAVEHISTORY) [Y/n/?] (NEW) y
#17 16.05     Save history on shell exit, not after every command (FEATURE_EDITING_SAVE_ON_EXIT) [N/y/?] (NEW) n
#17 16.05   Reverse history search (FEATURE_REVERSE_SEARCH) [Y/n/?] (NEW) y
#17 16.05   Tab completion (FEATURE_TAB_COMPLETION) [Y/n] (NEW) y
#17 16.05     Username completion (FEATURE_USERNAME_COMPLETION) [Y/n] (NEW) y
#17 16.05   Fancy shell prompts (FEATURE_EDITING_FANCY_PROMPT) [Y/n/?] (NEW) y
#17 16.05   Enable automatic tracking of window size changes (FEATURE_EDITING_WINCH) [Y/n] (NEW) y
#17 16.05   Query cursor position from terminal (FEATURE_EDITING_ASK_TERMINAL) [N/y/?] (NEW) n
#17 16.05 Enable locale support (system needs locale for this to work) (LOCALE_SUPPORT) [N/y/?] (NEW) n
#17 16.05 Support Unicode (UNICODE_SUPPORT) [Y/n/?] (NEW) y
#17 16.05   Check $LC_ALL, $LC_CTYPE and $LANG environment variables (FEATURE_CHECK_UNICODE_IN_ENV) [N/y/?] (NEW) n
#17 16.05   Character code to substitute unprintable characters with (SUBST_WCHAR) [63] (NEW) 63
#17 16.05   Range of supported Unicode characters (LAST_SUPPORTED_WCHAR) [767] (NEW) 767
#17 16.05   Allow zero-width Unicode characters on output (UNICODE_COMBINING_WCHARS) [N/y/?] (NEW) n
#17 16.05   Allow wide Unicode characters on output (UNICODE_WIDE_WCHARS) [N/y/?] (NEW) n
#17 16.05   Bidirectional character-aware line input (UNICODE_BIDI_SUPPORT) [N/y/?] (NEW) n
#17 16.05   Make it possible to enter sequences of chars which are not Unicode (UNICODE_PRESERVE_BROKEN) [N/y/?] (NEW) n
#17 16.05 Use LOOP_CONFIGURE for losetup and loop mounts
#17 16.05   1. use LOOP_CONFIGURE, needs kernel >= 5.8 (LOOP_CONFIGURE) (NEW)
#17 16.05   2. use LOOP_SET_FD + LOOP_SET_STATUS (NO_LOOP_CONFIGURE) (NEW)
#17 16.05 > 3. try LOOP_CONFIGURE, fall back to LOOP_SET_FD + LOOP_SET_STATUS (TRY_LOOP_CONFIGURE) (NEW)
#17 16.05 choice[1-3?]: 3
#17 16.05 *
#17 16.05 * Applets
#17 16.05 *
#17 16.05 *
#17 16.05 * Archival Utilities
#17 16.05 *
#17 16.05 Make tar, rpm, modprobe etc understand .xz data (FEATURE_SEAMLESS_XZ) [Y/n] (NEW) y
#17 16.05 Make tar, rpm, modprobe etc understand .lzma data (FEATURE_SEAMLESS_LZMA) [Y/n] (NEW) y
#17 16.05 Make tar, rpm, modprobe etc understand .bz2 data (FEATURE_SEAMLESS_BZ2) [Y/n] (NEW) y
#17 16.05 Make tar, rpm, modprobe etc understand .gz data (FEATURE_SEAMLESS_GZ) [Y] (NEW) y
#17 16.05 Make tar, rpm, modprobe etc understand .Z data (FEATURE_SEAMLESS_Z) [N/y] (NEW) n
#17 16.05 ar (9.5 kb) (AR) [N/y/?] (NEW) n
#17 16.05 uncompress (7.1 kb) (UNCOMPRESS) [N/y/?] (NEW) n
#17 16.05 gunzip (11 kb) (GUNZIP) [Y/n/?] (NEW) y
#17 16.05 zcat (24 kb) (ZCAT) [Y/n/?] (NEW) y
#17 16.05   Enable long options (FEATURE_GUNZIP_LONG_OPTIONS) [Y/n] (NEW) y
#17 16.05 bunzip2 (8.7 kb) (BUNZIP2) [Y/n/?] (NEW) y
#17 16.05 bzcat (8.7 kb) (BZCAT) [Y/n/?] (NEW) y
#17 16.05 unlzma (7.5 kb) (UNLZMA) [Y/n/?] (NEW) y
#17 16.05 lzcat (7.5 kb) (LZCAT) [Y/n/?] (NEW) y
#17 16.05 lzma -d (LZMA) [Y/n/?] (NEW) y
#17 16.05 unxz (13 kb) (UNXZ) [Y/n/?] (NEW) y
#17 16.05 xzcat (13 kb) (XZCAT) [Y/n/?] (NEW) y
#17 16.05 xz -d (XZ) [Y/n/?] (NEW) y
#17 16.05 bzip2 (16 kb) (BZIP2) [Y/n/?] (NEW) y
#17 16.05   Trade bytes for speed (0:fast, 9:small) (BZIP2_SMALL) [8] (NEW) 8
#17 16.05   Enable decompression (FEATURE_BZIP2_DECOMPRESS) [Y/?] (NEW) y
#17 16.05 cpio (15 kb) (CPIO) [Y/n/?] (NEW) y
#17 16.05   Support archive creation (FEATURE_CPIO_O) [Y/n/?] (NEW) y
#17 16.05     Support passthrough mode (FEATURE_CPIO_P) [Y/n/?] (NEW) y
#17 16.05     Support --ignore-devno like GNU cpio (FEATURE_CPIO_IGNORE_DEVNO) [Y/n/?] (NEW) y
#17 16.05     Support --renumber-inodes like GNU cpio (FEATURE_CPIO_RENUMBER_INODES) [Y/n/?] (NEW) y
#17 16.05 dpkg (43 kb) (DPKG) [Y/n/?] (NEW) y
#17 16.05 dpkg-deb (30 kb) (DPKG_DEB) [Y/n/?] (NEW) y
#17 16.05 gzip (17 kb) (GZIP) [Y/n/?] (NEW) y
#17 16.05   Enable long options (FEATURE_GZIP_LONG_OPTIONS) [Y/n] (NEW) y
#17 16.05   Trade memory for speed (0:small,slow - 2:fast,big) (GZIP_FAST) [0] (NEW) 0
#17 16.05   Enable compression levels (FEATURE_GZIP_LEVELS) [N/y/?] (NEW) n
#17 16.05   Enable decompression (FEATURE_GZIP_DECOMPRESS) [Y/?] (NEW) y
#17 16.05 lzop (12 kb) (LZOP) [Y/n/?] (NEW) y
#17 16.05 unlzop (13 kb) (UNLZOP) [N/y/?] (NEW) n
#17 16.05 lzopcat (13 kb) (LZOPCAT) [N/y/?] (NEW) n
#17 16.05   lzop compression levels 7,8,9 (not very useful) (LZOP_COMPR_HIGH) [N/y/?] (NEW) n
#17 16.05 rpm (32 kb) (RPM) [Y/n/?] (NEW) y
#17 16.05 rpm2cpio (21 kb) (RPM2CPIO) [Y/n/?] (NEW) y
#17 16.05 tar (39 kb) (TAR) [Y/n/?] (NEW) y
#17 16.05   Enable long options (FEATURE_TAR_LONG_OPTIONS) [Y/n] (NEW) y
#17 16.05   Enable -c (archive creation) (FEATURE_TAR_CREATE) [Y/n] (NEW) y
#17 16.05   Autodetect compressed tarballs (FEATURE_TAR_AUTODETECT) [Y/n/?] (NEW) y
#17 16.05   Enable -X (exclude from) and -T (include from) options (FEATURE_TAR_FROM) [Y/n/?] (NEW) y
#17 16.05   Support old tar header format (FEATURE_TAR_OLDGNU_COMPATIBILITY) [Y/n/?] (NEW) y
#17 16.05   Enable untarring of tarballs with checksums produced by buggy Sun tar (FEATURE_TAR_OLDSUN_COMPATIBILITY) [Y/n/?] (NEW) y
#17 16.05   Support GNU tar extensions (long filenames) (FEATURE_TAR_GNU_EXTENSIONS) [Y/n] (NEW) y
#17 16.05   Support writing to an external program (--to-command) (FEATURE_TAR_TO_COMMAND) [Y/n/?] (NEW) y
#17 16.05   Enable use of user and group names (FEATURE_TAR_UNAME_GNAME) [Y/n/?] (NEW) y
#17 16.05   Enable -m (do not preserve time) GNU option (FEATURE_TAR_NOPRESERVE_TIME) [Y/n] (NEW) y
#17 16.05 unzip (26 kb) (UNZIP) [Y/n/?] (NEW) y
#17 16.05   Read and use Central Directory data (FEATURE_UNZIP_CDF) [Y/n/?] (NEW) y
#17 16.05     Support compression method 12 (bzip2) (FEATURE_UNZIP_BZIP2) [Y/n] (NEW) y
#17 16.05     Support compression method 14 (lzma) (FEATURE_UNZIP_LZMA) [Y/n] (NEW) y
#17 16.05     Support compression method 95 (xz) (FEATURE_UNZIP_XZ) [Y/n] (NEW) y
#17 16.05 Optimize lzma for speed (FEATURE_LZMA_FAST) [N/y/?] (NEW) n
#17 16.05 *
#17 16.05 * Coreutils
#17 16.05 *
#17 16.05 Support verbose options (usually -v) for various applets (FEATURE_VERBOSE) [Y/n/?] (NEW) y
#17 16.05 *
#17 16.05 * Common options for date and touch
#17 16.05 *
#17 16.05 Allow timezone in dates (FEATURE_TIMEZONE) [Y/n/?] (NEW) y
#17 16.05 *
#17 16.05 * Common options for cp and mv
#17 16.05 *
#17 16.05 Preserve hard links (FEATURE_PRESERVE_HARDLINKS) [Y/n/?] (NEW) y
#17 16.05 *
#17 16.05 * Common options for df, du, ls
#17 16.05 *
#17 16.05 Support human readable output (example 13k, 23M, 235G) (FEATURE_HUMAN_READABLE) [Y/n/?] (NEW) y
#17 16.05 basename (438 bytes) (BASENAME) [Y/n/?] (NEW) y
#17 16.05 cat (5.6 kb) (CAT) [Y/n/?] (NEW) y
#17 16.05   Enable -n and -b options (FEATURE_CATN) [Y/n/?] (NEW) y
#17 16.05   cat -v[etA] (FEATURE_CATV) [Y/n/?] (NEW) y
#17 16.05 chgrp (7.6 kb) (CHGRP) [Y/n/?] (NEW) y
#17 16.05 chmod (5.5 kb) (CHMOD) [Y/n/?] (NEW) y
#17 16.05 chown (7.6 kb) (CHOWN) [Y/n/?] (NEW) y
#17 16.05   Enable long options (FEATURE_CHOWN_LONG_OPTIONS) [Y/n] (NEW) y
#17 16.05 chroot (3.7 kb) (CHROOT) [Y/n/?] (NEW) y
#17 16.05 cksum (4.1 kb) (CKSUM) [Y/n] (NEW) y
#17 16.05 crc32 (4.1 kb) (CRC32) [Y/n] (NEW) y
#17 16.05 comm (4.2 kb) (COMM) [Y/n/?] (NEW) y
#17 16.05 cp (10 kb) (CP) [Y/n/?] (NEW) y
#17 16.05   Enable long options (FEATURE_CP_LONG_OPTIONS) [Y/n/?] (NEW) y
#17 16.05     Enable --reflink[=auto] (FEATURE_CP_REFLINK) [Y/n] (NEW) y
#17 16.05 cut (5.8 kb) (CUT) [Y/n/?] (NEW) y
#17 16.05   cut -F (FEATURE_CUT_REGEX) [Y/n/?] (NEW) y
#17 16.05 date (7 kb) (DATE) [Y/n/?] (NEW) y
#17 16.05   Enable ISO date format output (-I) (FEATURE_DATE_ISOFMT) [Y/n/?] (NEW) y
#17 16.05   Support %[num]N nanosecond format specifier (FEATURE_DATE_NANO) [N/y/?] (NEW) n
#17 16.05   Support weird 'date MMDDhhmm[[YY]YY][.ss]' format (FEATURE_DATE_COMPAT) [Y/n/?] (NEW) y
#17 16.05 dd (7.5 kb) (DD) [Y/n/?] (NEW) y
#17 16.05   Enable signal handling for status reporting (FEATURE_DD_SIGNAL_HANDLING) [Y/n/?] (NEW) y
#17 16.05     Enable the third status line upon signal (FEATURE_DD_THIRD_STATUS_LINE) [Y/n/?] (NEW) y
#17 16.05   Enable ibs, obs, iflag, oflag and conv options (FEATURE_DD_IBS_OBS) [Y/n/?] (NEW) y
#17 16.05   Enable status display options (FEATURE_DD_STATUS) [Y/n/?] (NEW) y
#17 16.05 df (6.8 kb) (DF) [Y/n/?] (NEW) y
#17 16.05   Enable -a, -i, -B (FEATURE_DF_FANCY) [Y/n/?] (NEW) y
#17 16.05   Skip rootfs in mount table (FEATURE_SKIP_ROOTFS) [Y/n/?] (NEW) y
#17 16.05 dirname (329 bytes) (DIRNAME) [Y/n/?] (NEW) y
#17 16.05 dos2unix (5.2 kb) (DOS2UNIX) [Y/n/?] (NEW) y
#17 16.05 unix2dos (5.2 kb) (UNIX2DOS) [Y/n/?] (NEW) y
#17 16.05 du (6.3 kb) (DU) [Y/n/?] (NEW) y
#17 16.05   Use default blocksize of 1024 bytes (else it's 512 bytes) (FEATURE_DU_DEFAULT_BLOCKSIZE_1K) [Y/n] (NEW) y
#17 16.05 echo (1.8 kb) (ECHO) [Y/n/?] (NEW) y
#17 16.05   Enable -n and -e options (FEATURE_FANCY_ECHO) [Y/n] (NEW) y
#17 16.05 env (4 kb) (ENV) [Y/n/?] (NEW) y
#17 16.05 expand (5.1 kb) (EXPAND) [Y/n/?] (NEW) y
#17 16.05 unexpand (5.3 kb) (UNEXPAND) [Y/n/?] (NEW) y
#17 16.05 expr (6.6 kb) (EXPR) [Y/n/?] (NEW) y
#17 16.05   Extend Posix numbers support to 64 bit (EXPR_MATH_SUPPORT_64) [Y/n/?] (NEW) y
#17 16.05 factor (2.7 kb) (FACTOR) [Y/n/?] (NEW) y
#17 16.05 false (tiny) (FALSE) [Y/n/?] (NEW) y
#17 16.05 fold (4.6 kb) (FOLD) [Y/n/?] (NEW) y
#17 16.05 head (3.8 kb) (HEAD) [Y/n/?] (NEW) y
#17 16.05   Enable -c, -q, and -v (FEATURE_FANCY_HEAD) [Y/n] (NEW) y
#17 16.05 hostid (286 bytes) (HOSTID) [Y/n/?] (NEW) y
#17 16.05 id (7 kb) (ID) [Y/n/?] (NEW) y
#17 16.05 groups (6.7 kb) (GROUPS) [Y/n/?] (NEW) y
#17 16.05 install (12 kb) (INSTALL) [Y/n/?] (NEW) y
#17 16.05   Enable long options (FEATURE_INSTALL_LONG_OPTIONS) [Y/n] (NEW) y
#17 16.05 link (3.2 kb) (LINK) [Y/n/?] (NEW) y
#17 16.05 ln (4.9 kb) (LN) [Y/n/?] (NEW) y
#17 16.05 logname (1.1 kb) (LOGNAME) [Y/n/?] (NEW) y
#17 16.05 ls (14 kb) (LS) [Y/n/?] (NEW) y
#17 16.05   Enable filetyping options (-p and -F) (FEATURE_LS_FILETYPES) [Y/n] (NEW) y
#17 16.05   Enable symlinks dereferencing (-L) (FEATURE_LS_FOLLOWLINKS) [Y/n] (NEW) y
#17 16.05   Enable recursion (-R) (FEATURE_LS_RECURSIVE) [Y/n] (NEW) y
#17 16.05   Enable -w WIDTH and window size autodetection (FEATURE_LS_WIDTH) [Y/n] (NEW) y
#17 16.05   Sort the file names (FEATURE_LS_SORTFILES) [Y/n/?] (NEW) y
#17 16.05   Show file timestamps (FEATURE_LS_TIMESTAMPS) [Y/n/?] (NEW) y
#17 16.05   Show username/groupnames (FEATURE_LS_USERNAME) [Y/n/?] (NEW) y
#17 16.05   Allow use of color to identify file types (FEATURE_LS_COLOR) [Y/n/?] (NEW) y
#17 16.05     Produce colored ls output by default (FEATURE_LS_COLOR_IS_DEFAULT) [Y/n/?] (NEW) y
#17 16.05 md5sum (6.5 kb) (MD5SUM) [Y/n/?] (NEW) y
#17 16.05 sha1sum (5.9 kb) (SHA1SUM) [Y/n/?] (NEW) y
#17 16.05 sha256sum (7 kb) (SHA256SUM) [Y/n/?] (NEW) y
#17 16.05 sha512sum (7.4 kb) (SHA512SUM) [Y/n/?] (NEW) y
#17 16.05 sha3sum (6.1 kb) (SHA3SUM) [Y/n/?] (NEW) y
#17 16.05   *
#17 16.05   * Common options for md5sum, sha1sum, sha256sum, sha512sum, sha3sum
#17 16.05   *
#17 16.05   Enable -c, -s and -w options (FEATURE_MD5_SHA1_SUM_CHECK) [Y/n/?] (NEW) y
#17 16.05 mkdir (4.5 kb) (MKDIR) [Y/n/?] (NEW) y
#17 16.05 mkfifo (3.8 kb) (MKFIFO) [Y/n/?] (NEW) y
#17 16.05 mknod (4.5 kb) (MKNOD) [Y/n/?] (NEW) y
#17 16.05 mktemp (4.2 kb) (MKTEMP) [Y/n/?] (NEW) y
#17 16.05 mv (10 kb) (MV) [Y/n/?] (NEW) y
#17 16.05 nice (2.1 kb) (NICE) [Y/n/?] (NEW) y
#17 16.05 nl (4.6 kb) (NL) [Y/n/?] (NEW) y
#17 16.05 nohup (2 kb) (NOHUP) [Y/n/?] (NEW) y
#17 16.05 nproc (3.7 kb) (NPROC) [Y/n/?] (NEW) y
#17 16.05 od (11 kb) (OD) [Y/n/?] (NEW) y
#17 16.05 paste (4.9 kb) (PASTE) [Y/n/?] (NEW) y
#17 16.05 printenv (1.3 kb) (PRINTENV) [Y/n/?] (NEW) y
#17 16.05 printf (3.8 kb) (PRINTF) [Y/n/?] (NEW) y
#17 16.05 pwd (3.7 kb) (PWD) [Y/n/?] (NEW) y
#17 16.05 readlink (4 kb) (READLINK) [Y/n/?] (NEW) y
#17 16.05   Enable canonicalization by following all symlinks (-f) (FEATURE_READLINK_FOLLOW) [Y/n/?] (NEW) y
#17 16.05 realpath (1.6 kb) (REALPATH) [Y/n/?] (NEW) y
#17 16.05 rm (5.4 kb) (RM) [Y/n/?] (NEW) y
#17 16.05 rmdir (3.5 kb) (RMDIR) [Y/n/?] (NEW) y
#17 16.05 seq (3.8 kb) (SEQ) [Y/n/?] (NEW) y
#17 16.05 shred (4.9 kb) (SHRED) [Y/n/?] (NEW) y
#17 16.05 shuf (5.4 kb) (SHUF) [Y/n/?] (NEW) y
#17 16.05 sleep (2 kb) (SLEEP) [Y/n/?] (NEW) y
#17 16.05   Enable multiple arguments and s/m/h/d suffixes (FEATURE_FANCY_SLEEP) [Y/n/?] (NEW) y
#17 16.05 sort (7.7 kb) (SORT) [Y/n/?] (NEW) y
#17 16.05   Full SuSv3 compliant sort (support -ktcbdfioghM) (FEATURE_SORT_BIG) [Y/n/?] (NEW) y
#17 16.05   Use less memory (but might be slower) (FEATURE_SORT_OPTIMIZE_MEMORY) [N/y/?] (NEW) n
#17 16.05 split (5 kb) (SPLIT) [Y/n/?] (NEW) y
#17 16.05   Fancy extensions (FEATURE_SPLIT_FANCY) [Y/n/?] (NEW) y
#17 16.05 stat (11 kb) (STAT) [Y/n/?] (NEW) y
#17 16.05   Enable custom formats (-c) (FEATURE_STAT_FORMAT) [Y/n/?] (NEW) y
#17 16.05   Enable display of filesystem status (-f) (FEATURE_STAT_FILESYSTEM) [Y/n/?] (NEW) y
#17 16.05 stty (8.9 kb) (STTY) [Y/n/?] (NEW) y
#17 16.05 sum (4 kb) (SUM) [Y/n/?] (NEW) y
#17 16.05 sync (3.8 kb) (SYNC) [Y/n/?] (NEW) y
#17 16.05   Enable -d and -f flags (requires syncfs(2) in libc) (FEATURE_SYNC_FANCY) [Y/n/?] (NEW) y
#17 16.05 fsync (3.6 kb) (FSYNC) [Y/n/?] (NEW) y
#17 16.05 tac (3.9 kb) (TAC) [Y/n/?] (NEW) y
#17 16.05 tail (6.8 kb) (TAIL) [Y/n/?] (NEW) y
#17 16.05   Enable -q, -s, -v, and -F options (FEATURE_FANCY_TAIL) [Y/n/?] (NEW) y
#17 16.05 tee (4.2 kb) (TEE) [Y/n/?] (NEW) y
#17 16.05   Enable block I/O (larger/faster) instead of byte I/O (FEATURE_TEE_USE_BLOCK_IO) [Y/n/?] (NEW) y
#17 16.05 test (4.1 kb) (TEST) [Y/n/?] (NEW) y
#17 16.05 test as [ (TEST1) [Y/n/?] (NEW) y
#17 16.05 test as [[ (TEST2) [Y/n/?] (NEW) y
#17 16.05   Extend test to 64 bit (FEATURE_TEST_64) [Y/n/?] (NEW) y
#17 16.05 timeout (6 kb) (TIMEOUT) [Y/n/?] (NEW) y
#17 16.05 touch (5.9 kb) (TOUCH) [Y/n/?] (NEW) y
#17 16.05   Add support for SUSV3 features (-a -d -m -t -r) (FEATURE_TOUCH_SUSV3) [Y/n/?] (NEW) y
#17 16.05 tr (5.1 kb) (TR) [Y/n/?] (NEW) y
#17 16.05   Enable character classes (such as [:upper:]) (FEATURE_TR_CLASSES) [Y/n/?] (NEW) y
#17 16.05   Enable equivalence classes (FEATURE_TR_EQUIV) [Y/n/?] (NEW) y
#17 16.05 true (tiny) (TRUE) [Y/n/?] (NEW) y
#17 16.05 truncate (4.2 kb) (TRUNCATE) [Y/n/?] (NEW) y
#17 16.05 tsort (0.7 kb) (TSORT) [Y/n/?] (NEW) y
#17 16.05 tty (3.6 kb) (TTY) [Y/n/?] (NEW) y
#17 16.05 uname (3.9 kb) (UNAME) [Y/n/?] (NEW) y
#17 16.05   Operating system name (UNAME_OSNAME) [GNU/Linux] (NEW) GNU/Linux
#17 16.05 arch (1.1 kb) (BB_ARCH) [Y/n/?] (NEW) y
#17 16.05 uniq (4.9 kb) (UNIQ) [Y/n/?] (NEW) y
#17 16.05 unlink (3.2 kb) (UNLINK) [Y/n/?] (NEW) y
#17 16.05 usleep (1.3 kb) (USLEEP) [Y/n/?] (NEW) y
#17 16.05 uudecode (5.8 kb) (UUDECODE) [Y/n/?] (NEW) y
#17 16.05 base32 (4.9 kb) (BASE32) [Y/n/?] (NEW) y
#17 16.05 base64 (4.9 kb) (BASE64) [Y/n/?] (NEW) y
#17 16.05 uuencode (4.4 kb) (UUENCODE) [Y/n/?] (NEW) y
#17 16.05 wc (4.5 kb) (WC) [Y/n/?] (NEW) y
#17 16.05   Support very large counts (FEATURE_WC_LARGE) [Y/n/?] (NEW) y
#17 16.05 who (3.9 kb) (WHO) [Y/n/?] (NEW) y
#17 16.05 w (3.8 kb) (W) [Y/n/?] (NEW) y
#17 16.05 users (3.4 kb) (USERS) [Y/n/?] (NEW) y
#17 16.05 whoami (3.2 kb) (WHOAMI) [Y/n/?] (NEW) y
#17 16.05 yes (1.2 kb) (YES) [Y/n/?] (NEW) y
#17 16.05 *
#17 16.05 * Console Utilities
#17 16.05 *
#17 16.05 chvt (2 kb) (CHVT) [Y/n/?] (NEW) y
#17 16.05 clear (tiny) (CLEAR) [Y/n/?] (NEW) y
#17 16.05 deallocvt (1.9 kb) (DEALLOCVT) [Y/n/?] (NEW) y
#17 16.05 dumpkmap (1.6 kb) (DUMPKMAP) [Y/n/?] (NEW) y
#17 16.05 fgconsole (1.5 kb) (FGCONSOLE) [Y/n/?] (NEW) y
#17 16.05 kbd_mode (4.1 kb) (KBD_MODE) [Y/n/?] (NEW) y
#17 16.05 loadfont (5.2 kb) (LOADFONT) [Y/n/?] (NEW) y
#17 16.05 setfont (24 kb) (SETFONT) [Y/n/?] (NEW) y
#17 16.05   Support reading textual screen maps (FEATURE_SETFONT_TEXTUAL_MAP) [Y/n/?] (NEW) y
#17 16.05   Default directory for console-tools files (DEFAULT_SETFONT_DIR) [] (NEW) 
#17 16.05   *
#17 16.05   * Common options for loadfont and setfont
#17 16.05   *
#17 16.05   Support PSF2 console fonts (FEATURE_LOADFONT_PSF2) [Y/n] (NEW) y
#17 16.05   Support old (raw) console fonts (FEATURE_LOADFONT_RAW) [Y/n] (NEW) y
#17 16.05 loadkmap (1.8 kb) (LOADKMAP) [Y/n/?] (NEW) y
#17 16.05 openvt (7.2 kb) (OPENVT) [Y/n/?] (NEW) y
#17 16.05 reset (345 bytes) (RESET) [Y/n/?] (NEW) y
#17 16.05 resize (903 bytes) (RESIZE) [Y/n/?] (NEW) y
#17 16.05   Print environment variables (FEATURE_RESIZE_PRINT) [Y/n/?] (NEW) y
#17 16.05 setconsole (3.6 kb) (SETCONSOLE) [Y/n/?] (NEW) y
#17 16.05   Enable long options (FEATURE_SETCONSOLE_LONG_OPTIONS) [Y/n] (NEW) y
#17 16.05 setkeycodes (2.1 kb) (SETKEYCODES) [Y/n/?] (NEW) y
#17 16.05 setlogcons (1.8 kb) (SETLOGCONS) [Y/n/?] (NEW) y
#17 16.05 showkey (4.7 kb) (SHOWKEY) [Y/n/?] (NEW) y
#17 16.05 *
#17 16.05 * Debian Utilities
#17 16.05 *
#17 16.05 pipe_progress (275 bytes) (PIPE_PROGRESS) [Y/n/?] (NEW) y
#17 16.05 run-parts (6.1 kb) (RUN_PARTS) [Y/n/?] (NEW) y
#17 16.05   Enable long options (FEATURE_RUN_PARTS_LONG_OPTIONS) [Y/n] (NEW) y
#17 16.05   Support additional arguments (FEATURE_RUN_PARTS_FANCY) [Y/n/?] (NEW) y
#17 16.05 start-stop-daemon (12 kb) (START_STOP_DAEMON) [Y/n/?] (NEW) y
#17 16.05   Enable long options (FEATURE_START_STOP_DAEMON_LONG_OPTIONS) [Y/n] (NEW) y
#17 16.05   Support additional arguments (FEATURE_START_STOP_DAEMON_FANCY) [Y/n/?] (NEW) y
#17 16.05 which (3.8 kb) (WHICH) [Y/n/?] (NEW) y
#17 16.05 *
#17 16.05 * klibc-utils
#17 16.05 *
#17 16.05 minips (11 kb) (MINIPS) [N/y/?] (NEW) n
#17 16.05 nuke (2.9 kb) (NUKE) [N/y/?] (NEW) n
#17 16.05 resume (3.2 kb) (RESUME) [Y/n/?] (NEW) y
#17 16.05 run-init (7.7 kb) (RUN_INIT) [Y/n/?] (NEW) y
#17 16.05 *
#17 16.05 * Editors
#17 16.05 *
#17 16.05 awk (23 kb) (AWK) [Y/n/?] (NEW) y
#17 16.05   Enable math functions (requires libm) (FEATURE_AWK_LIBM) [Y/n/?] (NEW) y
#17 16.05   Enable a few GNU extensions (FEATURE_AWK_GNU_EXTENSIONS) [Y/n/?] (NEW) y
#17 16.05 cmp (4.9 kb) (CMP) [Y/n/?] (NEW) y
#17 16.05 diff (13 kb) (DIFF) [Y/n/?] (NEW) y
#17 16.05   Enable long options (FEATURE_DIFF_LONG_OPTIONS) [Y/n] (NEW) y
#17 16.05   Enable directory support (FEATURE_DIFF_DIR) [Y/n/?] (NEW) y
#17 16.05 ed (21 kb) (ED) [Y/n/?] (NEW) y
#17 16.05 patch (9.4 kb) (PATCH) [Y/n/?] (NEW) y
#17 16.05 sed (12 kb) (SED) [Y/n/?] (NEW) y
#17 16.05 vi (23 kb) (VI) [Y/n/?] (NEW) y
#17 16.05   Maximum screen width (FEATURE_VI_MAX_LEN) [4096] (NEW) 4096
#17 16.05   Allow to display 8-bit chars (otherwise shows dots) (FEATURE_VI_8BIT) [N/y/?] (NEW) n
#17 16.05   Enable ":" colon commands (no "ex" mode) (FEATURE_VI_COLON) [Y/n/?] (NEW) y
#17 16.05     Expand "%" and "#" in colon commands (FEATURE_VI_COLON_EXPAND) [Y/n/?] (NEW) y
#17 16.05   Enable yank/put commands and mark cmds (FEATURE_VI_YANKMARK) [Y/n/?] (NEW) y
#17 16.05   Enable search and replace cmds (FEATURE_VI_SEARCH) [Y/n/?] (NEW) y
#17 16.05     Enable regex in search and replace (FEATURE_VI_REGEX_SEARCH) [N/y/?] (NEW) n
#17 16.05   Catch signals (FEATURE_VI_USE_SIGNALS) [Y/n/?] (NEW) y
#17 16.05   Remember previous cmd and "." cmd (FEATURE_VI_DOT_CMD) [Y/n/?] (NEW) y
#17 16.05   Enable -R option and "view" mode (FEATURE_VI_READONLY) [Y/n/?] (NEW) y
#17 16.05   Enable settable options, ai ic showmatch (FEATURE_VI_SETOPTS) [Y/n/?] (NEW) y
#17 16.05   Support :set (FEATURE_VI_SET) [Y/n] (NEW) y
#17 16.05   Handle window resize (FEATURE_VI_WIN_RESIZE) [Y/n/?] (NEW) y
#17 16.05   Use 'tell me cursor position' ESC sequence to measure window (FEATURE_VI_ASK_TERMINAL) [Y/n/?] (NEW) y
#17 16.05   Support undo command "u" (FEATURE_VI_UNDO) [Y/n/?] (NEW) y
#17 16.05     Enable undo operation queuing (FEATURE_VI_UNDO_QUEUE) [Y/n/?] (NEW) y
#17 16.05       Maximum undo character queue size (FEATURE_VI_UNDO_QUEUE_MAX) [256] (NEW) 256
#17 16.05   Enable verbose status reporting (FEATURE_VI_VERBOSE_STATUS) [Y/n/?] (NEW) y
#17 16.05   Allow vi and awk to execute shell commands (FEATURE_ALLOW_EXEC) [Y/n/?] (NEW) y
#17 16.05 *
#17 16.05 * Finding Utilities
#17 16.05 *
#17 16.05 find (14 kb) (FIND) [Y/n/?] (NEW) y
#17 16.05   Enable -print0: NUL-terminated output (FEATURE_FIND_PRINT0) [Y/n/?] (NEW) y
#17 16.05   Enable -mtime: modification time matching (FEATURE_FIND_MTIME) [Y/n/?] (NEW) y
#17 16.05     Enable -atime: access time matching (FEATURE_FIND_ATIME) [Y/n/?] (NEW) y
#17 16.05     Enable -ctime: status change timestamp matching (FEATURE_FIND_CTIME) [Y/n/?] (NEW) y
#17 16.05   Enable -mmin: modification time matching by minutes (FEATURE_FIND_MMIN) [Y/n/?] (NEW) y
#17 16.05     Enable -amin: access time matching by minutes (FEATURE_FIND_AMIN) [Y/n/?] (NEW) y
#17 16.05     Enable -cmin: status change timestamp matching by minutes (FEATURE_FIND_CMIN) [Y/n/?] (NEW) y
#17 16.05   Enable -perm: permissions matching (FEATURE_FIND_PERM) [Y/n] (NEW) y
#17 16.05   Enable -type: file type matching (file/dir/link/...) (FEATURE_FIND_TYPE) [Y/n/?] (NEW) y
#17 16.05   Enable -executable: file is executable (FEATURE_FIND_EXECUTABLE) [Y/n] (NEW) y
#17 16.05   Enable -xdev: 'stay in filesystem' (FEATURE_FIND_XDEV) [Y/n] (NEW) y
#17 16.05   Enable -mindepth N and -maxdepth N (FEATURE_FIND_MAXDEPTH) [Y/n] (NEW) y
#17 16.05   Enable -newer: compare file modification times (FEATURE_FIND_NEWER) [Y/n/?] (NEW) y
#17 16.05   Enable -inum: inode number matching (FEATURE_FIND_INUM) [Y/n] (NEW) y
#17 16.05   Enable -samefile: reference file matching (FEATURE_FIND_SAMEFILE) [Y/n/?] (NEW) y
#17 16.05   Enable -exec: execute commands (FEATURE_FIND_EXEC) [Y/n/?] (NEW) y
#17 16.05     Enable -exec ... {} + (FEATURE_FIND_EXEC_PLUS) [Y/n/?] (NEW) y
#17 16.05   Enable -user: username/uid matching (FEATURE_FIND_USER) [Y/n] (NEW) y
#17 16.05   Enable -group: group/gid matching (FEATURE_FIND_GROUP) [Y/n] (NEW) y
#17 16.05   Enable the 'not' (!) operator (FEATURE_FIND_NOT) [Y/n/?] (NEW) y
#17 16.05   Enable -depth (FEATURE_FIND_DEPTH) [Y/n/?] (NEW) y
#17 16.05   Enable parens in options (FEATURE_FIND_PAREN) [Y/n/?] (NEW) y
#17 16.05   Enable -size: file size matching (FEATURE_FIND_SIZE) [Y/n] (NEW) y
#17 16.05   Enable -prune: exclude subdirectories (FEATURE_FIND_PRUNE) [Y/n/?] (NEW) y
#17 16.05   Enable -quit: exit (FEATURE_FIND_QUIT) [Y/n/?] (NEW) y
#17 16.05   Enable -delete: delete files/dirs (FEATURE_FIND_DELETE) [Y/n/?] (NEW) y
#17 16.05   Enable -empty: match empty files or directories (FEATURE_FIND_EMPTY) [Y/n/?] (NEW) y
#17 16.05   Enable -path: match pathname with shell pattern (FEATURE_FIND_PATH) [Y/n/?] (NEW) y
#17 16.05   Enable -regex: match pathname with regex (FEATURE_FIND_REGEX) [Y/n/?] (NEW) y
#17 16.05   Enable -links: link count matching (FEATURE_FIND_LINKS) [Y/n/?] (NEW) y
#17 16.05 grep (8.6 kb) (GREP) [Y/n/?] (NEW) y
#17 16.05 egrep (7.8 kb) (EGREP) [Y/n/?] (NEW) y
#17 16.05 fgrep (7.8 kb) (FGREP) [Y/n/?] (NEW) y
#17 16.05   Enable before and after context flags (-A, -B and -C) (FEATURE_GREP_CONTEXT) [Y/n/?] (NEW) y
#17 16.05 xargs (7.2 kb) (XARGS) [Y/n/?] (NEW) y
#17 16.05   Enable -p: prompt and confirmation (FEATURE_XARGS_SUPPORT_CONFIRMATION) [Y/n/?] (NEW) y
#17 16.05   Enable single and double quotes and backslash (FEATURE_XARGS_SUPPORT_QUOTES) [Y/n/?] (NEW) y
#17 16.05   Enable -x: exit if -s or -n is exceeded (FEATURE_XARGS_SUPPORT_TERMOPT) [Y/n/?] (NEW) y
#17 16.05   Enable -0: NUL-terminated input (FEATURE_XARGS_SUPPORT_ZERO_TERM) [Y/n/?] (NEW) y
#17 16.05   Enable -I STR: string to replace (FEATURE_XARGS_SUPPORT_REPL_STR) [Y/n/?] (NEW) y
#17 16.05   Enable -P N: processes to run in parallel (FEATURE_XARGS_SUPPORT_PARALLEL) [Y/n] (NEW) y
#17 16.05   Enable -a FILE: use FILE instead of stdin (FEATURE_XARGS_SUPPORT_ARGS_FILE) [Y/n] (NEW) y
#17 16.05 *
#17 16.05 * Init Utilities
#17 16.05 *
#17 16.05 bootchartd (10 kb) (BOOTCHARTD) [Y/n/?] (NEW) y
#17 16.05   Compatible, bloated header (FEATURE_BOOTCHARTD_BLOATED_HEADER) [Y/n/?] (NEW) y
#17 16.05   Support bootchartd.conf (FEATURE_BOOTCHARTD_CONFIG_FILE) [Y/n/?] (NEW) y
#17 16.05 halt (4 kb) (HALT) [Y/n/?] (NEW) y
#17 16.05 poweroff (4 kb) (POWEROFF) [Y/n/?] (NEW) y
#17 16.05 reboot (4 kb) (REBOOT) [Y/n/?] (NEW) y
#17 16.05   Before signaling init, make sure it is ready for it (FEATURE_WAIT_FOR_INIT) [Y/n/?] (NEW) y
#17 16.05 init (10 kb) (INIT) [Y/n/?] (NEW) y
#17 16.05 linuxrc: support running init from initrd (not initramfs) (LINUXRC) [Y/n/?] (NEW) y
#17 16.05   Support reading an inittab file (FEATURE_USE_INITTAB) [Y/n/?] (NEW) y
#17 16.05     Support killing processes that have been removed from inittab (FEATURE_KILL_REMOVED) [N/y/?] (NEW) n
#17 16.05   Run commands with leading dash with controlling tty (FEATURE_INIT_SCTTY) [Y/n/?] (NEW) y
#17 16.05   Enable init to write to syslog (FEATURE_INIT_SYSLOG) [Y/n/?] (NEW) y
#17 16.05   Be quiet on boot (no 'init started:' message) (FEATURE_INIT_QUIET) [Y/n] (NEW) y
#17 16.05   Support dumping core for child processes (debugging only) (FEATURE_INIT_COREDUMPS) [N/y/?] (NEW) n
#17 16.05   Initial terminal type (INIT_TERMINAL_TYPE) [linux] (NEW) linux
#17 16.05   Clear init's command line (FEATURE_INIT_MODIFY_CMDLINE) [Y/n/?] (NEW) y
#17 16.05 *
#17 16.05 * Login/Password Management Utilities
#17 16.05 *
#17 16.05 Support shadow passwords (FEATURE_SHADOWPASSWDS) [Y/n/?] (NEW) y
#17 16.05 Use internal password and group functions rather than system functions (USE_BB_PWD_GRP) [Y/n/?] (NEW) y
#17 16.05   Use internal shadow password functions (USE_BB_SHADOW) [Y/n/?] (NEW) y
#17 16.05 Use internal crypt functions (USE_BB_CRYPT) [Y/n/?] (NEW) y
#17 16.05   Enable SHA256/512 crypt functions (USE_BB_CRYPT_SHA) [Y/n/?] (NEW) y
#17 16.05 add-shell (3.1 kb) (ADD_SHELL) [Y/n/?] (NEW) y
#17 16.05 remove-shell (3 kb) (REMOVE_SHELL) [Y/n/?] (NEW) y
#17 16.05 addgroup (8.6 kb) (ADDGROUP) [Y/n/?] (NEW) y
#17 16.05   Support adding users to groups (FEATURE_ADDUSER_TO_GROUP) [Y/n/?] (NEW) y
#17 16.05 adduser (15 kb) (ADDUSER) [Y/n/?] (NEW) y
#17 16.05   Enable sanity check on user/group names in adduser and addgroup (FEATURE_CHECK_NAMES) [N/y/?] (NEW) n
#17 16.05   Last valid uid or gid for adduser and addgroup (LAST_ID) [60000] (NEW) 60000
#17 16.05   First valid system uid or gid for adduser and addgroup (FIRST_SYSTEM_ID) [100] (NEW) 100
#17 16.05   Last valid system uid or gid for adduser and addgroup (LAST_SYSTEM_ID) [999] (NEW) 999
#17 16.05 chpasswd (18 kb) (CHPASSWD) [Y/n/?] (NEW) y
#17 16.05   Default encryption method (passwd -a, cryptpw -m, chpasswd -c ALG) (FEATURE_DEFAULT_PASSWD_ALGO) [des] (NEW) des
#17 16.05 cryptpw (14 kb) (CRYPTPW) [Y/n/?] (NEW) y
#17 16.05 mkpasswd (15 kb) (MKPASSWD) [Y/n/?] (NEW) y
#17 16.05 deluser (9.1 kb) (DELUSER) [Y/n/?] (NEW) y
#17 16.05 delgroup (6.4 kb) (DELGROUP) [Y/n/?] (NEW) y
#17 16.05   Support removing users from groups (FEATURE_DEL_USER_FROM_GROUP) [Y/n/?] (NEW) y
#17 16.05 getty (10 kb) (GETTY) [Y/n/?] (NEW) y
#17 16.05 login (24 kb) (LOGIN) [Y/n/?] (NEW) y
#17 16.05   Run logged in session in a child process (LOGIN_SESSION_AS_CHILD) [N/y/?] (NEW) n
#17 16.05   Support login scripts (LOGIN_SCRIPTS) [Y/n/?] (NEW) y
#17 16.05   Support /etc/nologin (FEATURE_NOLOGIN) [Y/n/?] (NEW) y
#17 16.05   Support /etc/securetty (FEATURE_SECURETTY) [Y/n/?] (NEW) y
#17 16.05 passwd (21 kb) (PASSWD) [Y/n/?] (NEW) y
#17 16.05   Check new passwords for weakness (FEATURE_PASSWD_WEAK_CHECK) [Y/n/?] (NEW) y
#17 16.05 su (19 kb) (SU) [Y/n/?] (NEW) y
#17 16.05   Log to syslog all attempts to use su (FEATURE_SU_SYSLOG) [Y/n] (NEW) y
#17 16.05   If user's shell is not in /etc/shells, disallow -s PROG (FEATURE_SU_CHECKS_SHELLS) [Y/n] (NEW) y
#17 16.05   Allow blank passwords only on TTYs in /etc/securetty (FEATURE_SU_BLANK_PW_NEEDS_SECURE_TTY) [N/y] (NEW) n
#17 16.05 sulogin (17 kb) (SULOGIN) [Y/n/?] (NEW) y
#17 16.05 vlock (17 kb) (VLOCK) [Y/n/?] (NEW) y
#17 16.05 *
#17 16.05 * Linux Ext2 FS Progs
#17 16.05 *
#17 16.05 chattr (3.8 kb) (CHATTR) [Y/n/?] (NEW) y
#17 16.05 fsck (7.4 kb) (FSCK) [Y/n/?] (NEW) y
#17 16.05 lsattr (5.5 kb) (LSATTR) [Y/n/?] (NEW) y
#17 16.05 tune2fs (4.4 kb) (TUNE2FS) [N/y/?] (NEW) n
#17 16.05 *
#17 16.05 * Linux Module Utilities
#17 16.05 *
#17 16.05 Simplified modutils (MODPROBE_SMALL) [Y/n/?] (NEW) y
#17 16.05 depmod (27 kb) (DEPMOD) [Y/n/?] (NEW) y
#17 16.05 insmod (22 kb) (INSMOD) [Y/n/?] (NEW) y
#17 16.05 lsmod (1.9 kb) (LSMOD) [Y/n/?] (NEW) y
#17 16.05 modinfo (24 kb) (MODINFO) [Y/n/?] (NEW) y
#17 16.05 modprobe (28 kb) (MODPROBE) [Y/n/?] (NEW) y
#17 16.05 rmmod (3.3 kb) (RMMOD) [Y/n/?] (NEW) y
#17 16.05 *
#17 16.05 * Options common to multiple modutils
#17 16.05 *
#17 16.05 Accept module options on modprobe command line (FEATURE_CMDLINE_MODULE_OPTIONS) [Y/n/?] (NEW) y
#17 16.05 Skip loading of already loaded modules (FEATURE_MODPROBE_SMALL_CHECK_ALREADY_LOADED) [Y/n/?] (NEW) y
#17 16.05 Default directory containing modules (DEFAULT_MODULES_DIR) [/lib/modules] (NEW) /lib/modules
#17 16.05 Default name of modules.dep (DEFAULT_DEPMOD_FILE) [modules.dep] (NEW) modules.dep
#17 16.05 *
#17 16.05 * Linux System Utilities
#17 16.05 *
#17 16.05 acpid (9 kb) (ACPID) [Y/n/?] (NEW) y
#17 16.05   Accept and ignore redundant options (FEATURE_ACPID_COMPAT) [Y/n/?] (NEW) y
#17 16.05 blkdiscard (4.3 kb) (BLKDISCARD) [Y/n/?] (NEW) y
#17 16.05 blkid (12 kb) (BLKID) [Y/n/?] (NEW) y
#17 16.05   Print filesystem type (FEATURE_BLKID_TYPE) [Y/n/?] (NEW) y
#17 16.05 blockdev (2.3 kb) (BLOCKDEV) [Y/n/?] (NEW) y
#17 16.05 cal (5.8 kb) (CAL) [Y/n/?] (NEW) y
#17 16.05 chrt (4.7 kb) (CHRT) [Y/n/?] (NEW) y
#17 16.05 dmesg (3.7 kb) (DMESG) [Y/n/?] (NEW) y
#17 16.05   Pretty output (FEATURE_DMESG_PRETTY) [Y/n/?] (NEW) y
#17 16.05 eject (4 kb) (EJECT) [Y/n/?] (NEW) y
#17 16.05   SCSI support (FEATURE_EJECT_SCSI) [Y/n/?] (NEW) y
#17 16.05 fallocate (4.1 kb) (FALLOCATE) [Y/n/?] (NEW) y
#17 16.05 fatattr (1.9 kb) (FATATTR) [Y/n/?] (NEW) y
#17 16.05 fbset (5.9 kb) (FBSET) [Y/n/?] (NEW) y
#17 16.05   Enable extra options (FEATURE_FBSET_FANCY) [Y/n/?] (NEW) y
#17 16.05   Enable readmode support (FEATURE_FBSET_READMODE) [Y/n/?] (NEW) y
#17 16.05 fdformat (4.4 kb) (FDFORMAT) [Y/n/?] (NEW) y
#17 16.05 fdisk (37 kb) (FDISK) [Y/n/?] (NEW) y
#17 16.05   Write support (FEATURE_FDISK_WRITABLE) [Y/n/?] (NEW) y
#17 16.05     Support AIX disklabels (FEATURE_AIX_LABEL) [N/y/?] (NEW) n
#17 16.05     Support SGI disklabels (FEATURE_SGI_LABEL) [N/y/?] (NEW) n
#17 16.05     Support SUN disklabels (FEATURE_SUN_LABEL) [N/y/?] (NEW) n
#17 16.05     Support BSD disklabels (FEATURE_OSF_LABEL) [N/y/?] (NEW) n
#17 16.05     Support GPT disklabels (FEATURE_GPT_LABEL) [N/y/?] (NEW) n
#17 16.05     Support expert mode (FEATURE_FDISK_ADVANCED) [Y/n/?] (NEW) y
#17 16.05 findfs (12 kb) (FINDFS) [Y/n/?] (NEW) y
#17 16.05 flock (6.3 kb) (FLOCK) [Y/n/?] (NEW) y
#17 16.05 fdflush (1.3 kb) (FDFLUSH) [Y/n/?] (NEW) y
#17 16.05 freeramdisk (1.3 kb) (FREERAMDISK) [Y/n/?] (NEW) y
#17 16.05 fsck.minix (13 kb) (FSCK_MINIX) [Y/n/?] (NEW) y
#17 16.05 fsfreeze (3.5 kb) (FSFREEZE) [Y/n/?] (NEW) y
#17 16.05 fstrim (4.4 kb) (FSTRIM) [Y/n/?] (NEW) y
#17 16.05 getopt (5.8 kb) (GETOPT) [Y/n/?] (NEW) y
#17 16.05   Support -l LONGOPTs (FEATURE_GETOPT_LONG) [Y/n/?] (NEW) y
#17 16.05 hexdump (8.6 kb) (HEXDUMP) [Y/n/?] (NEW) y
#17 16.05 hd (7.8 kb) (HD) [Y/n/?] (NEW) y
#17 16.05 xxd (8.9 kb) (XXD) [Y/n/?] (NEW) y
#17 16.05 hwclock (5.8 kb) (HWCLOCK) [Y/n/?] (NEW) y
#17 16.05   Use FHS /var/lib/hwclock/adjtime (FEATURE_HWCLOCK_ADJTIME_FHS) [N/y/?] (NEW) n
#17 16.05 ionice (3.8 kb) (IONICE) [Y/n/?] (NEW) y
#17 16.05 ipcrm (3.2 kb) (IPCRM) [Y/n/?] (NEW) y
#17 16.05 ipcs (11 kb) (IPCS) [Y/n/?] (NEW) y
#17 16.05 last (6.1 kb) (LAST) [Y/n/?] (NEW) y
#17 16.05   Output extra information (FEATURE_LAST_FANCY) [Y/n/?] (NEW) y
#17 16.05 losetup (5.5 kb) (LOSETUP) [Y/n/?] (NEW) y
#17 16.05 lspci (6.3 kb) (LSPCI) [Y/n/?] (NEW) y
#17 16.05 lsusb (4.2 kb) (LSUSB) [Y/n/?] (NEW) y
#17 16.05 mdev (17 kb) (MDEV) [Y/n/?] (NEW) y
#17 16.05   Support /etc/mdev.conf (FEATURE_MDEV_CONF) [Y/n/?] (NEW) y
#17 16.05     Support subdirs/symlinks (FEATURE_MDEV_RENAME) [Y/n/?] (NEW) y
#17 16.05       Support regular expressions substitutions when renaming device (FEATURE_MDEV_RENAME_REGEXP) [Y/n/?] (NEW) y
#17 16.05     Support command execution at device addition/removal (FEATURE_MDEV_EXEC) [Y/n/?] (NEW) y
#17 16.05   Support loading of firmware (FEATURE_MDEV_LOAD_FIRMWARE) [Y/n/?] (NEW) y
#17 16.05   Support daemon mode (FEATURE_MDEV_DAEMON) [Y/n/?] (NEW) y
#17 16.05 mesg (1.4 kb) (MESG) [Y/n/?] (NEW) y
#17 16.05   Enable writing to tty only by group, not by everybody (FEATURE_MESG_ENABLE_ONLY_GROUP) [Y/n/?] (NEW) y
#17 16.05 mke2fs (10 kb) (MKE2FS) [Y/n/?] (NEW) y
#17 16.05 mkfs.ext2 (10 kb) (MKFS_EXT2) [Y/n/?] (NEW) y
#17 16.05 mkfs.minix (10 kb) (MKFS_MINIX) [Y/n/?] (NEW) y
#17 16.05   Support Minix fs v2 (fsck_minix/mkfs_minix) (FEATURE_MINIX2) [Y/n/?] (NEW) y
#17 16.05 mkfs_reiser (MKFS_REISER) [N/y/?] (NEW) n
#17 16.05 mkdosfs (7.2 kb) (MKDOSFS) [Y/n/?] (NEW) y
#17 16.05 mkfs.vfat (7.2 kb) (MKFS_VFAT) [Y/n/?] (NEW) y
#17 16.05 mkswap (6.3 kb) (MKSWAP) [Y/n/?] (NEW) y
#17 16.05   UUID support (FEATURE_MKSWAP_UUID) [Y/n/?] (NEW) y
#17 16.05 more (7 kb) (MORE) [Y/n/?] (NEW) y
#17 16.05 mount (23 kb) (MOUNT) [Y/n/?] (NEW) y
#17 16.05   Support -f (fake mount) (FEATURE_MOUNT_FAKE) [Y/n/?] (NEW) y
#17 16.05   Support -v (verbose) (FEATURE_MOUNT_VERBOSE) [Y/n/?] (NEW) y
#17 16.05   Support mount helpers (FEATURE_MOUNT_HELPERS) [N/y/?] (NEW) n
#17 16.05   Support specifying devices by label or UUID (FEATURE_MOUNT_LABEL) [Y/n/?] (NEW) y
#17 16.05   Support mounting NFS file systems on Linux < 2.6.23 (FEATURE_MOUNT_NFS) [N/y/?] (NEW) n
#17 16.05   Support mounting CIFS/SMB file systems (FEATURE_MOUNT_CIFS) [Y/n/?] (NEW) y
#17 16.05   Support lots of -o flags (FEATURE_MOUNT_FLAGS) [Y/n/?] (NEW) y
#17 16.05   Support /etc/fstab and -a (mount all) (FEATURE_MOUNT_FSTAB) [Y/n/?] (NEW) y
#17 16.05     Support -T <alt_fstab> (FEATURE_MOUNT_OTHERTAB) [Y/n/?] (NEW) y
#17 16.05 mountpoint (4.9 kb) (MOUNTPOINT) [Y/n/?] (NEW) y
#17 16.05 nologin (NOLOGIN) [Y/n/?] (NEW) y
#17 16.05   Enable dependencies for nologin (NOLOGIN_DEPENDENCIES) [N/y/?] (NEW) n
#17 16.05 nsenter (6.5 kb) (NSENTER) [Y/n/?] (NEW) y
#17 16.05 pivot_root (1.1 kb) (PIVOT_ROOT) [Y/n/?] (NEW) y
#17 16.05 rdate (5.6 kb) (RDATE) [Y/n/?] (NEW) y
#17 16.05 rdev (1.8 kb) (RDEV) [Y/n/?] (NEW) y
#17 16.05 readprofile (7.1 kb) (READPROFILE) [Y/n/?] (NEW) y
#17 16.05 renice (4.2 kb) (RENICE) [Y/n/?] (NEW) y
#17 16.05 rev (4.4 kb) (REV) [Y/n/?] (NEW) y
#17 16.05 rtcwake (6.8 kb) (RTCWAKE) [Y/n/?] (NEW) y
#17 16.05 script (8.6 kb) (SCRIPT) [Y/n/?] (NEW) y
#17 16.05 scriptreplay (2.4 kb) (SCRIPTREPLAY) [Y/n/?] (NEW) y
#17 16.05 setarch (3.6 kb) (SETARCH) [Y/n/?] (NEW) y
#17 16.05 linux32 (3.3 kb) (LINUX32) [Y/n/?] (NEW) y
#17 16.05 linux64 (3.3 kb) (LINUX64) [Y/n/?] (NEW) y
#17 16.05 setpriv (6.6 kb) (SETPRIV) [Y/n/?] (NEW) y
#17 16.05   Support dumping current privilege state (FEATURE_SETPRIV_DUMP) [Y/n/?] (NEW) y
#17 16.05   Support capabilities (FEATURE_SETPRIV_CAPABILITIES) [Y/n/?] (NEW) y
#17 16.05     Support capability names (FEATURE_SETPRIV_CAPABILITY_NAMES) [Y/n/?] (NEW) y
#17 16.05 setsid (3.6 kb) (SETSID) [Y/n/?] (NEW) y
#17 16.05 swapon (15 kb) (SWAPON) [Y/n/?] (NEW) y
#17 16.05   Support discard option -d (FEATURE_SWAPON_DISCARD) [Y/n/?] (NEW) y
#17 16.05   Support priority option -p (FEATURE_SWAPON_PRI) [Y/n/?] (NEW) y
#17 16.05 swapoff (14 kb) (SWAPOFF) [Y/n] (NEW) y
#17 16.05   Support specifying devices by label or UUID (FEATURE_SWAPONOFF_LABEL) [Y/n/?] (NEW) y
#17 16.05 switch_root (5.5 kb) (SWITCH_ROOT) [Y/n/?] (NEW) y
#17 16.05 taskset (4.2 kb) (TASKSET) [Y/n/?] (NEW) y
#17 16.05   Fancy output (FEATURE_TASKSET_FANCY) [Y/n/?] (NEW) y
#17 16.05     CPU list support (-c option) (FEATURE_TASKSET_CPULIST) [Y/n/?] (NEW) y
#17 16.05 uevent (3.1 kb) (UEVENT) [Y/n/?] (NEW) y
#17 16.05 umount (5.1 kb) (UMOUNT) [Y/n/?] (NEW) y
#17 16.05   Support -a (unmount all) (FEATURE_UMOUNT_ALL) [Y/n/?] (NEW) y
#17 16.05 unshare (7.2 kb) (UNSHARE) [Y/n/?] (NEW) y
#17 16.05 wall (2.6 kb) (WALL) [Y/n/?] (NEW) y
#17 16.05 *
#17 16.05 * Common options for mount/umount
#17 16.05 *
#17 16.05 Support loopback mounts (FEATURE_MOUNT_LOOP) [Y/n/?] (NEW) y
#17 16.05   Create new loopback devices if needed (FEATURE_MOUNT_LOOP_CREATE) [Y/n/?] (NEW) y
#17 16.05 Support old /etc/mtab file (FEATURE_MTAB_SUPPORT) [N/y/?] (NEW) n
#17 16.05 *
#17 16.05 * Filesystem/Volume identification
#17 16.05 *
#17 16.05 bcache filesystem (FEATURE_VOLUMEID_BCACHE) [Y/n] (NEW) y
#17 16.05 btrfs filesystem (FEATURE_VOLUMEID_BTRFS) [Y/n] (NEW) y
#17 16.05 cramfs filesystem (FEATURE_VOLUMEID_CRAMFS) [Y/n] (NEW) y
#17 16.05 erofs filesystem (FEATURE_VOLUMEID_EROFS) [Y/n/?] (NEW) y
#17 16.05 exFAT filesystem (FEATURE_VOLUMEID_EXFAT) [Y/n/?] (NEW) y
#17 16.05 Ext filesystem (FEATURE_VOLUMEID_EXT) [Y/n] (NEW) y
#17 16.05 f2fs filesystem (FEATURE_VOLUMEID_F2FS) [Y/n/?] (NEW) y
#17 16.05 fat filesystem (FEATURE_VOLUMEID_FAT) [Y/n] (NEW) y
#17 16.05 hfs filesystem (FEATURE_VOLUMEID_HFS) [Y/n] (NEW) y
#17 16.05 iso9660 filesystem (FEATURE_VOLUMEID_ISO9660) [Y/n] (NEW) y
#17 16.05 jfs filesystem (FEATURE_VOLUMEID_JFS) [Y/n] (NEW) y
#17 16.05 LittleFS filesystem (FEATURE_VOLUMEID_LFS) [Y/n/?] (NEW) y
#17 16.05 linuxraid (FEATURE_VOLUMEID_LINUXRAID) [Y/n] (NEW) y
#17 16.05 linux swap filesystem (FEATURE_VOLUMEID_LINUXSWAP) [Y/n] (NEW) y
#17 16.05 luks filesystem (FEATURE_VOLUMEID_LUKS) [Y/n] (NEW) y
#17 16.05 minix filesystem (FEATURE_VOLUMEID_MINIX) [Y/n] (NEW) y
#17 16.05 nilfs filesystem (FEATURE_VOLUMEID_NILFS) [Y/n/?] (NEW) y
#17 16.05 ntfs filesystem (FEATURE_VOLUMEID_NTFS) [Y/n] (NEW) y
#17 16.05 ocfs2 filesystem (FEATURE_VOLUMEID_OCFS2) [Y/n] (NEW) y
#17 16.05 Reiser filesystem (FEATURE_VOLUMEID_REISERFS) [Y/n] (NEW) y
#17 16.05 romfs filesystem (FEATURE_VOLUMEID_ROMFS) [Y/n] (NEW) y
#17 16.05 SquashFS filesystem (FEATURE_VOLUMEID_SQUASHFS) [Y/n/?] (NEW) y
#17 16.05 sysv filesystem (FEATURE_VOLUMEID_SYSV) [Y/n] (NEW) y
#17 16.05 UBIFS filesystem (FEATURE_VOLUMEID_UBIFS) [Y/n/?] (NEW) y
#17 16.05 udf filesystem (FEATURE_VOLUMEID_UDF) [Y/n] (NEW) y
#17 16.05 xfs filesystem (FEATURE_VOLUMEID_XFS) [Y/n] (NEW) y
#17 16.05 *
#17 16.05 * Miscellaneous Utilities
#17 16.05 *
#17 16.05 adjtimex (4.7 kb) (ADJTIMEX) [Y/n/?] (NEW) y
#17 16.05 ascii (ASCII) [Y/n/?] (NEW) y
#17 16.05 bbconfig (9.7 kb) (BBCONFIG) [N/y/?] (NEW) n
#17 16.05 bc (45 kb) (BC) [Y/n/?] (NEW) y
#17 16.05 dc (36 kb) (DC) [Y/n/?] (NEW) y
#17 16.05   Use bc code base for dc (larger, more features) (FEATURE_DC_BIG) [Y] (NEW) y
#17 16.05     Interactive mode (+4kb) (FEATURE_BC_INTERACTIVE) [Y/n/?] (NEW) y
#17 16.05     Enable bc/dc long options (FEATURE_BC_LONG_OPTIONS) [Y/n] (NEW) y
#17 16.05 beep (2.4 kb) (BEEP) [Y/n/?] (NEW) y
#17 16.05   default frequency (FEATURE_BEEP_FREQ) [4000] (NEW) 4000
#17 16.05   default length (FEATURE_BEEP_LENGTH_MS) [30] (NEW) 30
#17 16.05 chat (6.3 kb) (CHAT) [Y/n/?] (NEW) y
#17 16.05   Enable NOFAIL expect strings (FEATURE_CHAT_NOFAIL) [Y/n/?] (NEW) y
#17 16.05   Force STDIN to be a TTY (FEATURE_CHAT_TTY_HIFI) [N/y/?] (NEW) n
#17 16.05   Enable implicit Carriage Return (FEATURE_CHAT_IMPLICIT_CR) [Y/n/?] (NEW) y
#17 16.05   Swallow options (FEATURE_CHAT_SWALLOW_OPTS) [Y/n/?] (NEW) y
#17 16.05   Support weird SEND escapes (FEATURE_CHAT_SEND_ESCAPES) [Y/n/?] (NEW) y
#17 16.05   Support variable-length ABORT conditions (FEATURE_CHAT_VAR_ABORT_LEN) [Y/n/?] (NEW) y
#17 16.05   Support revoking of ABORT conditions (FEATURE_CHAT_CLR_ABORT) [Y/n/?] (NEW) y
#17 16.05 conspy (10 kb) (CONSPY) [Y/n/?] (NEW) y
#17 16.05 crond (14 kb) (CROND) [Y/n/?] (NEW) y
#17 16.05   Support -d (redirect output to stderr) (FEATURE_CROND_D) [Y/n/?] (NEW) y
#17 16.05   Report command output via email (using sendmail) (FEATURE_CROND_CALL_SENDMAIL) [Y/n/?] (NEW) y
#17 16.05   Support special times (@reboot, @daily, etc) in crontabs (FEATURE_CROND_SPECIAL_TIMES) [Y/n/?] (NEW) y
#17 16.05   crond spool directory (FEATURE_CROND_DIR) [/var/spool/cron] (NEW) /var/spool/cron
#17 16.05 crontab (10 kb) (CRONTAB) [Y/n/?] (NEW) y
#17 16.05 devfsd (obsolete) (DEVFSD) [N/y/?] (NEW) n
#17 16.05 Use devfs names for all devices (obsolete) (FEATURE_DEVFS) [N/y/?] (NEW) n
#17 16.05 devmem (2.5 kb) (DEVMEM) [Y/n/?] (NEW) y
#17 16.05 fbsplash (26 kb) (FBSPLASH) [Y/n/?] (NEW) y
#17 16.05 flash_eraseall (5.9 kb) (FLASH_ERASEALL) [N/y/?] (NEW) n
#17 16.05 flash_lock (2.1 kb) (FLASH_LOCK) [N/y/?] (NEW) n
#17 16.05 flash_unlock (1.3 kb) (FLASH_UNLOCK) [N/y/?] (NEW) n
#17 16.05 flashcp (5.3 kb) (FLASHCP) [N/y/?] (NEW) n
#17 16.05 hdparm (25 kb) (HDPARM) [Y/n/?] (NEW) y
#17 16.05   Support obtaining detailed information directly from drives (FEATURE_HDPARM_GET_IDENTITY) [Y/n/?] (NEW) y
#17 16.05   Register an IDE interface (DANGEROUS) (FEATURE_HDPARM_HDIO_SCAN_HWIF) [Y/n/?] (NEW) y
#17 16.05   Un-register an IDE interface (DANGEROUS) (FEATURE_HDPARM_HDIO_UNREGISTER_HWIF) [Y/n/?] (NEW) y
#17 16.05   Perform device reset (DANGEROUS) (FEATURE_HDPARM_HDIO_DRIVE_RESET) [Y/n/?] (NEW) y
#17 16.05   Tristate device for hotswap (DANGEROUS) (FEATURE_HDPARM_HDIO_TRISTATE_HWIF) [Y/n/?] (NEW) y
#17 16.05   Get/set using_dma flag (FEATURE_HDPARM_HDIO_GETSET_DMA) [Y/n/?] (NEW) y
#17 16.05 hexedit (21 kb) (HEXEDIT) [Y/n/?] (NEW) y
#17 16.05 i2cget (5.5 kb) (I2CGET) [Y/n/?] (NEW) y
#17 16.05 i2cset (6.7 kb) (I2CSET) [Y/n/?] (NEW) y
#17 16.05 i2cdump (7.1 kb) (I2CDUMP) [Y/n/?] (NEW) y
#17 16.05 i2cdetect (7.1 kb) (I2CDETECT) [Y/n/?] (NEW) y
#17 16.05 i2ctransfer (4.0 kb) (I2CTRANSFER) [Y/n/?] (NEW) y
#17 16.05 inotifyd (3.6 kb) (INOTIFYD) [N/y/?] (NEW) n
#17 16.05 less (16 kb) (LESS) [Y/n/?] (NEW) y
#17 16.05   Max number of input lines less will try to eat (FEATURE_LESS_MAXLINES) [9999999] (NEW) 9999999
#17 16.05   Enable bracket searching (FEATURE_LESS_BRACKETS) [Y/n/?] (NEW) y
#17 16.05   Enable -m/-M (FEATURE_LESS_FLAGS) [Y/n/?] (NEW) y
#17 16.05   Enable -S (FEATURE_LESS_TRUNCATE) [Y/n/?] (NEW) y
#17 16.05   Enable marks (FEATURE_LESS_MARKS) [Y/n/?] (NEW) y
#17 16.05   Enable regular expressions (FEATURE_LESS_REGEXP) [Y/n/?] (NEW) y
#17 16.05   Enable automatic resizing on window size changes (FEATURE_LESS_WINCH) [Y/n/?] (NEW) y
#17 16.05     Use 'tell me cursor position' ESC sequence to measure window (FEATURE_LESS_ASK_TERMINAL) [Y/n/?] (NEW) y
#17 16.05   Enable flag changes ('-' command) (FEATURE_LESS_DASHCMD) [Y/n/?] (NEW) y
#17 16.05     Enable -N (dynamic switching of line numbers) (FEATURE_LESS_LINENUMS) [Y/n] (NEW) y
#17 16.05     Enable -R ('raw control characters') (FEATURE_LESS_RAW) [Y/n/?] (NEW) y
#17 16.05     Take options from $LESS environment variable (FEATURE_LESS_ENV) [Y/n/?] (NEW) y
#17 16.05 lsscsi (2.5 kb) (LSSCSI) [Y/n/?] (NEW) y
#17 16.05 makedevs (9.2 kb) (MAKEDEVS) [Y/n/?] (NEW) y
#17 16.05   Choose makedevs behaviour
#17 16.05     1. leaf (FEATURE_MAKEDEVS_LEAF) (NEW)
#17 16.05   > 2. table (FEATURE_MAKEDEVS_TABLE) (NEW)
#17 16.05   choice[1-2]: 2
#17 16.05 man (26 kb) (MAN) [Y/n/?] (NEW) y
#17 16.05 microcom (5.7 kb) (MICROCOM) [Y/n/?] (NEW) y
#17 16.05 mim (0.5 kb) (MIM) [Y/n/?] (NEW) y
#17 16.05 mt (2.5 kb) (MT) [Y/n/?] (NEW) y
#17 16.05 nandwrite (4.8 kb) (NANDWRITE) [Y/n/?] (NEW) y
#17 16.05 nanddump (5.2 kb) (NANDDUMP) [Y/n/?] (NEW) y
#17 16.05 partprobe (3.5 kb) (PARTPROBE) [Y/n/?] (NEW) y
#17 16.05 raidautorun (1.3 kb) (RAIDAUTORUN) [Y/n/?] (NEW) y
#17 16.05 readahead (1.5 kb) (READAHEAD) [Y/n/?] (NEW) y
#17 16.05 rfkill (4.4 kb) (RFKILL) [N/y/?] (NEW) n
#17 16.05 runlevel (559 bytes) (RUNLEVEL) [Y/n/?] (NEW) y
#17 16.05 rx (2.9 kb) (RX) [Y/n/?] (NEW) y
#17 16.05 seedrng (1.3 kb) (SEEDRNG) [Y/n/?] (NEW) y
#17 16.05 setfattr (3.7 kb) (SETFATTR) [Y/n/?] (NEW) y
#17 16.05 setserial (6.9 kb) (SETSERIAL) [Y/n/?] (NEW) y
#17 16.05 strings (4.6 kb) (STRINGS) [Y/n/?] (NEW) y
#17 16.05 time (6.8 kb) (TIME) [Y/n/?] (NEW) y
#17 16.05 tree (0.6 kb) (TREE) [Y/n/?] (NEW) y
#17 16.05 ts (450 bytes) (TS) [Y/n] (NEW) y
#17 16.05 ttysize (432 bytes) (TTYSIZE) [Y/n/?] (NEW) y
#17 16.05 ubiattach (4.2 kb) (UBIATTACH) [Y/n/?] (NEW) y
#17 16.05 ubidetach (4.1 kb) (UBIDETACH) [Y/n/?] (NEW) y
#17 16.05 ubimkvol (5.3 kb) (UBIMKVOL) [Y/n/?] (NEW) y
#17 16.05 ubirmvol (4.9 kb) (UBIRMVOL) [Y/n/?] (NEW) y
#17 16.05 ubirsvol (4.2 kb) (UBIRSVOL) [Y/n/?] (NEW) y
#17 16.05 ubiupdatevol (5.2 kb) (UBIUPDATEVOL) [Y/n/?] (NEW) y
#17 16.05 ubirename (2.4 kb) (UBIRENAME) [Y/n/?] (NEW) y
#17 16.05 volname (1.6 kb) (VOLNAME) [Y/n/?] (NEW) y
#17 16.05 watchdog (5.3 kb) (WATCHDOG) [Y/n/?] (NEW) y
#17 16.05   Open watchdog device twice, closing it gracefully in between (FEATURE_WATCHDOG_OPEN_TWICE) [N/y/?] (NEW) n
#17 16.05 *
#17 16.05 * Networking Utilities
#17 16.05 *
#17 16.05 Enable IPv6 support (FEATURE_IPV6) [Y/n/?] (NEW) y
#17 16.05 Enable Unix domain socket support (usually not needed) (FEATURE_UNIX_LOCAL) [N/y/?] (NEW) n
#17 16.05 Prefer IPv4 addresses from DNS queries (FEATURE_PREFER_IPV4_ADDRESS) [Y/n/?] (NEW) y
#17 16.05 Verbose resolution errors (VERBOSE_RESOLUTION_ERRORS) [N/y/?] (NEW) n
#17 16.05 Support /etc/networks (FEATURE_ETC_NETWORKS) [N/y/?] (NEW) n
#17 16.05 Consult /etc/services even for well-known ports (FEATURE_ETC_SERVICES) [N/y/?] (NEW) n
#17 16.05 Support infiniband HW (FEATURE_HWIB) [Y/n/?] (NEW) y
#17 16.05 In TLS code, support ciphers which use deprecated SHA1 (FEATURE_TLS_SHA1) [N/y/?] (NEW) n
#17 16.05 arp (10 kb) (ARP) [Y/n/?] (NEW) y
#17 16.05 arping (9 kb) (ARPING) [Y/n/?] (NEW) y
#17 16.05 brctl (4.7 kb) (BRCTL) [Y/n/?] (NEW) y
#17 16.05   Fancy options (FEATURE_BRCTL_FANCY) [Y/n/?] (NEW) y
#17 16.05     Support show (FEATURE_BRCTL_SHOW) [Y/n/?] (NEW) y
#17 16.05 dnsd (9.8 kb) (DNSD) [Y/n/?] (NEW) y
#17 16.05 ether-wake (4.9 kb) (ETHER_WAKE) [Y/n/?] (NEW) y
#17 16.05 ftpd (30 kb) (FTPD) [Y/n/?] (NEW) y
#17 16.05   Enable -w (upload commands) (FEATURE_FTPD_WRITE) [Y/n/?] (NEW) y
#17 16.05   Enable workaround for RFC-violating clients (FEATURE_FTPD_ACCEPT_BROKEN_LIST) [Y/n/?] (NEW) y
#17 16.05   Enable authentication (FEATURE_FTPD_AUTHENTICATION) [Y/n/?] (NEW) y
#17 16.05 ftpget (7.8 kb) (FTPGET) [Y/n/?] (NEW) y
#17 16.05 ftpput (7.5 kb) (FTPPUT) [Y/n/?] (NEW) y
#17 16.05   Enable long options in ftpget/ftpput (FEATURE_FTPGETPUT_LONG_OPTIONS) [Y/n] (NEW) y
#17 16.05 hostname (5.5 kb) (HOSTNAME) [Y/n/?] (NEW) y
#17 16.05 dnsdomainname (3.6 kb) (DNSDOMAINNAME) [Y/n/?] (NEW) y
#17 16.05 httpd (32 kb) (HTTPD) [Y/n/?] (NEW) y
#17 16.05   Default port (FEATURE_HTTPD_PORT_DEFAULT) [80] (NEW) 80
#17 16.05   Support 'Ranges:' header (FEATURE_HTTPD_RANGES) [Y/n/?] (NEW) y
#17 16.05   Enable -u <user> option (FEATURE_HTTPD_SETUID) [Y/n/?] (NEW) y
#17 16.05   Enable HTTP authentication (FEATURE_HTTPD_BASIC_AUTH) [Y/n/?] (NEW) y
#17 16.05     Support MD5-encrypted passwords in HTTP authentication (FEATURE_HTTPD_AUTH_MD5) [Y/n/?] (NEW) y
#17 16.05   Support Common Gateway Interface (CGI) (FEATURE_HTTPD_CGI) [Y/n/?] (NEW) y
#17 16.05     Support running scripts through an interpreter (FEATURE_HTTPD_CONFIG_WITH_SCRIPT_INTERPR) [Y/n/?] (NEW) y
#17 16.05     Set REMOTE_PORT environment variable for CGI (FEATURE_HTTPD_SET_REMOTE_PORT_TO_ENV) [Y/n/?] (NEW) y
#17 16.05   Enable -e option (useful for CGIs written as shell scripts) (FEATURE_HTTPD_ENCODE_URL_STR) [Y/n/?] (NEW) y
#17 16.05   Support custom error pages (FEATURE_HTTPD_ERROR_PAGES) [Y/n/?] (NEW) y
#17 16.05   Support reverse proxy (FEATURE_HTTPD_PROXY) [Y/n/?] (NEW) y
#17 16.05   Support GZIP content encoding (FEATURE_HTTPD_GZIP) [Y/n/?] (NEW) y
#17 16.05   Support caching via ETag header (FEATURE_HTTPD_ETAG) [Y/n/?] (NEW) y
#17 16.05   Add Last-Modified header to response (FEATURE_HTTPD_LAST_MODIFIED) [Y/n/?] (NEW) y
#17 16.05   Add Date header to response (FEATURE_HTTPD_DATE) [Y/n/?] (NEW) y
#17 16.05   ACL IP (FEATURE_HTTPD_ACL_IP) [Y/n/?] (NEW) y
#17 16.05 ifconfig (12 kb) (IFCONFIG) [Y/n/?] (NEW) y
#17 16.05   Enable status reporting output (+7k) (FEATURE_IFCONFIG_STATUS) [Y/n/?] (NEW) y
#17 16.05   Enable slip-specific options "keepalive" and "outfill" (FEATURE_IFCONFIG_SLIP) [Y/n/?] (NEW) y
#17 16.05   Enable options "mem_start", "io_addr", and "irq" (FEATURE_IFCONFIG_MEMSTART_IOADDR_IRQ) [Y/n/?] (NEW) y
#17 16.05   Enable option "hw" (ether only) (FEATURE_IFCONFIG_HW) [Y/n/?] (NEW) y
#17 16.05   Set the broadcast automatically (FEATURE_IFCONFIG_BROADCAST_PLUS) [Y/n/?] (NEW) y
#17 16.05 ifenslave (13 kb) (IFENSLAVE) [Y/n/?] (NEW) y
#17 16.05 ifplugd (10 kb) (IFPLUGD) [Y/n/?] (NEW) y
#17 16.05 ifup (14 kb) (IFUP) [Y/n/?] (NEW) y
#17 16.05 ifdown (13 kb) (IFDOWN) [Y/n/?] (NEW) y
#17 16.05   Absolute path to ifstate file (IFUPDOWN_IFSTATE_PATH) [/var/run/ifstate] (NEW) /var/run/ifstate
#17 16.05   Use ip tool (else ifconfig/route is used) (FEATURE_IFUPDOWN_IP) [Y/n/?] (NEW) y
#17 16.05   Support IPv4 (FEATURE_IFUPDOWN_IPV4) [Y/n/?] (NEW) y
#17 16.05   Support IPv6 (FEATURE_IFUPDOWN_IPV6) [Y/n/?] (NEW) y
#17 16.05   Enable mapping support (FEATURE_IFUPDOWN_MAPPING) [Y/n/?] (NEW) y
#17 16.05   Support external DHCP clients (FEATURE_IFUPDOWN_EXTERNAL_DHCP) [N/y/?] (NEW) n
#17 16.05 inetd (18 kb) (INETD) [Y/n/?] (NEW) y
#17 16.05   Support echo service on port 7 (FEATURE_INETD_SUPPORT_BUILTIN_ECHO) [Y/n/?] (NEW) y
#17 16.05   Support discard service on port 8 (FEATURE_INETD_SUPPORT_BUILTIN_DISCARD) [Y/n/?] (NEW) y
#17 16.05   Support time service on port 37 (FEATURE_INETD_SUPPORT_BUILTIN_TIME) [Y/n/?] (NEW) y
#17 16.05   Support daytime service on port 13 (FEATURE_INETD_SUPPORT_BUILTIN_DAYTIME) [Y/n/?] (NEW) y
#17 16.05   Support chargen service on port 19 (FEATURE_INETD_SUPPORT_BUILTIN_CHARGEN) [Y/n/?] (NEW) y
#17 16.05   Support RPC services (FEATURE_INETD_RPC) [N/y/?] (NEW) n
#17 16.05 ip (35 kb) (IP) [Y/n/?] (NEW) y
#17 16.05 ipaddr (14 kb) (IPADDR) [Y/n/?] (NEW) y
#17 16.05 iplink (17 kb) (IPLINK) [Y/n/?] (NEW) y
#17 16.05 iproute (15 kb) (IPROUTE) [Y/n/?] (NEW) y
#17 16.05 iptunnel (9.6 kb) (IPTUNNEL) [Y/n/?] (NEW) y
#17 16.05 iprule (10 kb) (IPRULE) [Y/n/?] (NEW) y
#17 16.05 ipneigh (8.3 kb) (IPNEIGH) [Y/n/?] (NEW) y
#17 16.05 ip address (FEATURE_IP_ADDRESS) [Y/?] (NEW) y
#17 16.05 ip link (FEATURE_IP_LINK) [Y/?] (NEW) y
#17 16.05 ip route (FEATURE_IP_ROUTE) [Y/?] (NEW) y
#17 16.05   ip route configuration directory (FEATURE_IP_ROUTE_DIR) [/etc/iproute2] (NEW) /etc/iproute2
#17 16.05 ip tunnel (FEATURE_IP_TUNNEL) [Y/?] (NEW) y
#17 16.05 ip rule (FEATURE_IP_RULE) [Y/?] (NEW) y
#17 16.05 ip neighbor (FEATURE_IP_NEIGH) [Y/?] (NEW) y
#17 16.05 Support displaying rarely used link types (FEATURE_IP_RARE_PROTOCOLS) [N/y/?] (NEW) n
#17 16.05 ipcalc (4.4 kb) (IPCALC) [Y/n/?] (NEW) y
#17 16.05   Enable long options (FEATURE_IPCALC_LONG_OPTIONS) [Y/n] (NEW) y
#17 16.05   Fancy IPCALC, more options, adds 1 kbyte (FEATURE_IPCALC_FANCY) [Y/n/?] (NEW) y
#17 16.05 fakeidentd (8.7 kb) (FAKEIDENTD) [Y/n/?] (NEW) y
#17 16.05 nameif (6.6 kb) (NAMEIF) [Y/n/?] (NEW) y
#17 16.05   Extended nameif (FEATURE_NAMEIF_EXTENDED) [Y/n/?] (NEW) y
#17 16.05 nbd-client (6 kb) (NBDCLIENT) [Y/n/?] (NEW) y
#17 16.05 nc (11 kb) (NC) [Y/n/?] (NEW) y
#17 16.05 netcat (11 kb) (NETCAT) [N/y/?] (NEW) n
#17 16.05   Netcat server options (-l) (NC_SERVER) [Y/n/?] (NEW) y
#17 16.05   Netcat extensions (-eiw and -f FILE) (NC_EXTRA) [Y/n/?] (NEW) y
#17 16.05   Netcat 1.10 compatibility (+2.5k) (NC_110_COMPAT) [Y/n/?] (NEW) y
#17 16.05 netstat (10 kb) (NETSTAT) [Y/n/?] (NEW) y
#17 16.05   Enable wide output (FEATURE_NETSTAT_WIDE) [Y/n/?] (NEW) y
#17 16.05   Enable PID/Program name output (FEATURE_NETSTAT_PRG) [Y/n/?] (NEW) y
#17 16.05 nslookup (9.7 kb) (NSLOOKUP) [Y/n/?] (NEW) y
#17 16.05   Use internal resolver code instead of libc (FEATURE_NSLOOKUP_BIG) [Y/n] (NEW) y
#17 16.05     Enable long options (FEATURE_NSLOOKUP_LONG_OPTIONS) [Y/n] (NEW) y
#17 16.05 ntpd (22 kb) (NTPD) [Y/n/?] (NEW) y
#17 16.05   Make ntpd usable as a NTP server (FEATURE_NTPD_SERVER) [Y/n/?] (NEW) y
#17 16.05   Make ntpd understand /etc/ntp.conf (FEATURE_NTPD_CONF) [Y/n/?] (NEW) y
#17 16.05   Support md5/sha1 message authentication codes (FEATURE_NTP_AUTH) [Y/n] (NEW) y
#17 16.05 ping (10 kb) (PING) [Y/n/?] (NEW) y
#17 16.05 ping6 (11 kb) (PING6) [Y/n/?] (NEW) y
#17 16.05 Enable fancy ping output (FEATURE_FANCY_PING) [Y/n/?] (NEW) y
#17 16.05 pscan (6 kb) (PSCAN) [Y/n/?] (NEW) y
#17 16.05 route (8.7 kb) (ROUTE) [Y/n/?] (NEW) y
#17 16.05 slattach (6.2 kb) (SLATTACH) [Y/n/?] (NEW) y
#17 16.05 ssl_client (25 kb) (SSL_CLIENT) [Y/n/?] (NEW) y
#17 16.05 tc (8.3 kb) (TC) [Y/n/?] (NEW) y
#17 16.05   Enable ingress (FEATURE_TC_INGRESS) [Y/n] (NEW) y
#17 16.05 tcpsvd (14 kb) (TCPSVD) [Y/n/?] (NEW) y
#17 16.05 udpsvd (13 kb) (UDPSVD) [Y/n/?] (NEW) y
#17 16.05 telnet (8.8 kb) (TELNET) [Y/n/?] (NEW) y
#17 16.05   Pass TERM type to remote host (FEATURE_TELNET_TTYPE) [Y/n/?] (NEW) y
#17 16.05   Pass USER type to remote host (FEATURE_TELNET_AUTOLOGIN) [Y/n/?] (NEW) y
#17 16.05   Enable window size autodetection (FEATURE_TELNET_WIDTH) [Y/n] (NEW) y
#17 16.05 telnetd (12 kb) (TELNETD) [Y/n/?] (NEW) y
#17 16.05   Support standalone telnetd (not inetd only) (FEATURE_TELNETD_STANDALONE) [Y/n/?] (NEW) y
#17 16.05     Default port (FEATURE_TELNETD_PORT_DEFAULT) [23] (NEW) 23
#17 16.05     Support -w SEC option (inetd wait mode) (FEATURE_TELNETD_INETD_WAIT) [Y/n/?] (NEW) y
#17 16.05 tftp (11 kb) (TFTP) [Y/n/?] (NEW) y
#17 16.05   Enable progress bar (FEATURE_TFTP_PROGRESS_BAR) [Y/n] (NEW) y
#17 16.05   tftp-hpa compat (support -c get/put FILE) (FEATURE_TFTP_HPA_COMPAT) [Y/n] (NEW) y
#17 16.05 tftpd (10 kb) (TFTPD) [Y/n/?] (NEW) y
#17 16.05   Enable 'tftp get' and/or tftpd upload code (FEATURE_TFTP_GET) [Y/n/?] (NEW) y
#17 16.05   Enable 'tftp put' and/or tftpd download code (FEATURE_TFTP_PUT) [Y/n/?] (NEW) y
#17 16.05   Enable 'blksize' and 'tsize' protocol options (FEATURE_TFTP_BLOCKSIZE) [Y/n/?] (NEW) y
#17 16.05   Enable debug (TFTP_DEBUG) [N/y/?] (NEW) n
#17 16.05 traceroute (11 kb) (TRACEROUTE) [Y/n/?] (NEW) y
#17 16.05 traceroute6 (13 kb) (TRACEROUTE6) [Y/n/?] (NEW) y
#17 16.05 Enable verbose output (FEATURE_TRACEROUTE_VERBOSE) [Y/n/?] (NEW) y
#17 16.05 Enable -I option (use ICMP instead of UDP) (FEATURE_TRACEROUTE_USE_ICMP) [Y/n] (NEW) y
#17 16.05 tunctl (6.2 kb) (TUNCTL) [Y/n/?] (NEW) y
#17 16.05   Support owner:group assignment (FEATURE_TUNCTL_UG) [Y/n/?] (NEW) y
#17 16.05 vconfig (2.3 kb) (VCONFIG) [Y/n/?] (NEW) y
#17 16.05 wget (38 kb) (WGET) [Y/n/?] (NEW) y
#17 16.05   Enable long options (FEATURE_WGET_LONG_OPTIONS) [Y/n] (NEW) y
#17 16.05   Enable progress bar (+2k) (FEATURE_WGET_STATUSBAR) [Y/n] (NEW) y
#17 16.05   Enable FTP protocol (+1k) (FEATURE_WGET_FTP) [Y/n/?] (NEW) y
#17 16.05   Enable HTTP authentication (FEATURE_WGET_AUTHENTICATION) [Y/n/?] (NEW) y
#17 16.05   Enable timeout option -T SEC (FEATURE_WGET_TIMEOUT) [Y/n/?] (NEW) y
#17 16.05   Support HTTPS using internal TLS code (FEATURE_WGET_HTTPS) [Y/n/?] (NEW) y
#17 16.05   Try to connect to HTTPS using openssl (FEATURE_WGET_OPENSSL) [Y/n/?] (NEW) y
#17 16.05 whois (6.3 kb) (WHOIS) [Y/n/?] (NEW) y
#17 16.05 zcip (8.4 kb) (ZCIP) [Y/n/?] (NEW) y
#17 16.05 udhcpd (21 kb) (UDHCPD) [Y/n/?] (NEW) y
#17 16.05   Select IP address based on client MAC (FEATURE_UDHCPD_BASE_IP_ON_MAC) [N/y/?] (NEW) n
#17 16.05   Rewrite lease file at every new acknowledge (FEATURE_UDHCPD_WRITE_LEASES_EARLY) [Y/n/?] (NEW) y
#17 16.05   Absolute path to lease file (DHCPD_LEASES_FILE) [/var/lib/misc/udhcpd.leases] (NEW) /var/lib/misc/udhcpd.leases
#17 16.05 dumpleases (5.1 kb) (DUMPLEASES) [Y/n/?] (NEW) y
#17 16.05 dhcprelay (5.2 kb) (DHCPRELAY) [Y/n/?] (NEW) y
#17 16.05 udhcpc (24 kb) (UDHCPC) [Y/n/?] (NEW) y
#17 16.05   Verify that the offered address is free, using ARP ping (FEATURE_UDHCPC_ARPING) [Y/n/?] (NEW) y
#17 16.05   Do not pass malformed host and domain names (FEATURE_UDHCPC_SANITIZEOPT) [Y/n/?] (NEW) y
#17 16.05   Absolute path to config script (UDHCPC_DEFAULT_SCRIPT) [/usr/share/udhcpc/default.script] (NEW) /usr/share/udhcpc/default.script
#17 16.05 Absolute path to config script for IPv6 (UDHCPC6_DEFAULT_SCRIPT) [/usr/share/udhcpc/default6.script] (NEW) /usr/share/udhcpc/default6.script
#17 16.05 udhcpc6 (21 kb) (UDHCPC6) [Y/n/?] (NEW) y
#17 16.05   Support RFC 3646 (DNS server and search list) (FEATURE_UDHCPC6_RFC3646) [Y/n/?] (NEW) y
#17 16.05   Support RFC 4704 (Client FQDN) (FEATURE_UDHCPC6_RFC4704) [Y/n/?] (NEW) y
#17 16.05   Support RFC 4833 (Timezones) (FEATURE_UDHCPC6_RFC4833) [Y/n/?] (NEW) y
#17 16.05   Support RFC 5970 (Network Boot) (FEATURE_UDHCPC6_RFC5970) [Y/n/?] (NEW) y
#17 16.05 *
#17 16.05 * Common options for DHCP applets
#17 16.05 *
#17 16.05 Default interface name (UDHCPC_DEFAULT_INTERFACE) [eth0] (NEW) eth0
#17 16.05 Enable '-P port' option for udhcpd and udhcpc (FEATURE_UDHCP_PORT) [N/y/?] (NEW) n
#17 16.05 Maximum verbosity level (0..9) (UDHCP_DEBUG) [2] (NEW) 2
#17 16.05 DHCP options slack buffer size (UDHCPC_SLACK_FOR_BUGGY_SERVERS) [80] (NEW) 80
#17 16.05 Support RFC 3397 domain search options (FEATURE_UDHCP_RFC3397) [Y/n/?] (NEW) y
#17 16.05 Support 802.1Q VLAN parameters options (FEATURE_UDHCP_8021Q) [Y/n/?] (NEW) y
#17 16.05 ifup udhcpc command line options (IFUPDOWN_UDHCPC_CMD_OPTIONS) [-R -n] (NEW) -R -n
#17 16.05 *
#17 16.05 * Print Utilities
#17 16.05 *
#17 16.05 lpd (5.5 kb) (LPD) [Y/n/?] (NEW) y
#17 16.05 lpr (9.9 kb) (LPR) [Y/n/?] (NEW) y
#17 16.05 lpq (9.9 kb) (LPQ) [Y/n/?] (NEW) y
#17 16.05 *
#17 16.05 * Mail Utilities
#17 16.05 *
#17 16.05 Default charset (FEATURE_MIME_CHARSET) [us-ascii] (NEW) us-ascii
#17 16.05 makemime (5.4 kb) (MAKEMIME) [Y/n/?] (NEW) y
#17 16.05 popmaildir (10 kb) (POPMAILDIR) [Y/n/?] (NEW) y
#17 16.05   Allow message filters and custom delivery program (FEATURE_POPMAILDIR_DELIVERY) [Y/n/?] (NEW) y
#17 16.05 reformime (7.5 kb) (REFORMIME) [Y/n/?] (NEW) y
#17 16.05   Accept and ignore options other than -x and -X (FEATURE_REFORMIME_COMPAT) [Y/n/?] (NEW) y
#17 16.05 sendmail (14 kb) (SENDMAIL) [Y/n/?] (NEW) y
#17 16.05 *
#17 16.05 * Process Utilities
#17 16.05 *
#17 16.05 Faster /proc scanning code (+100 bytes) (FEATURE_FAST_TOP) [N/y/?] (NEW) n
#17 16.05 Support thread display in ps/pstree/top (FEATURE_SHOW_THREADS) [Y/n/?] (NEW) y
#17 16.05 free (3.1 kb) (FREE) [Y/n/?] (NEW) y
#17 16.05 fuser (7 kb) (FUSER) [Y/n/?] (NEW) y
#17 16.05 iostat (7.6 kb) (IOSTAT) [Y/n/?] (NEW) y
#17 16.05 kill (3.1 kb) (KILL) [Y/n/?] (NEW) y
#17 16.05 killall (5.6 kb) (KILLALL) [Y/n/?] (NEW) y
#17 16.05 killall5 (5.3 kb) (KILLALL5) [Y/n/?] (NEW) y
#17 16.05 lsof (3.4 kb) (LSOF) [Y/n/?] (NEW) y
#17 16.05 mpstat (9.8 kb) (MPSTAT) [Y/n/?] (NEW) y
#17 16.05 nmeter (11 kb) (NMETER) [Y/n/?] (NEW) y
#17 16.05 pgrep (6.5 kb) (PGREP) [Y/n/?] (NEW) y
#17 16.05 pkill (7.5 kb) (PKILL) [Y/n/?] (NEW) y
#17 16.05 pidof (6.3 kb) (PIDOF) [Y/n/?] (NEW) y
#17 16.05   Enable single shot (-s) (FEATURE_PIDOF_SINGLE) [Y/n/?] (NEW) y
#17 16.05   Enable omitting pids (-o PID) (FEATURE_PIDOF_OMIT) [Y/n/?] (NEW) y
#17 16.05 pmap (6 kb) (PMAP) [Y/n/?] (NEW) y
#17 16.05 powertop (9.6 kb) (POWERTOP) [Y/n/?] (NEW) y
#17 16.05   Accept keyboard commands (FEATURE_POWERTOP_INTERACTIVE) [Y/n/?] (NEW) y
#17 16.05 ps (11 kb) (PS) [Y/n/?] (NEW) y
#17 16.05   Enable -o time and -o etime specifiers (FEATURE_PS_TIME) [Y/n] (NEW) y
#17 16.05     Support Linux prior to 2.4.0 and non-ELF systems (FEATURE_PS_UNUSUAL_SYSTEMS) [N/y/?] (NEW) n
#17 16.05   Enable -o rgroup, -o ruser, -o nice specifiers (FEATURE_PS_ADDITIONAL_COLUMNS) [Y/n] (NEW) y
#17 16.05 pstree (9.3 kb) (PSTREE) [Y/n/?] (NEW) y
#17 16.05 pwdx (3.7 kb) (PWDX) [Y/n/?] (NEW) y
#17 16.05 smemcap (2.5 kb) (SMEMCAP) [Y/n/?] (NEW) y
#17 16.05 sysctl (7.4 kb) (BB_SYSCTL) [Y/n/?] (NEW) y
#17 16.05 top (18 kb) (TOP) [Y/n/?] (NEW) y
#17 16.05   Accept keyboard commands (FEATURE_TOP_INTERACTIVE) [Y/n/?] (NEW) y
#17 16.05   Show CPU per-process usage percentage (FEATURE_TOP_CPU_USAGE_PERCENTAGE) [Y/n/?] (NEW) y
#17 16.05     Show CPU global usage percentage (FEATURE_TOP_CPU_GLOBAL_PERCENTS) [Y/n/?] (NEW) y
#17 16.05       SMP CPU usage display ('c' key) (FEATURE_TOP_SMP_CPU) [Y/n/?] (NEW) y
#17 16.05     Show 1/10th of a percent in CPU/mem statistics (FEATURE_TOP_DECIMALS) [Y/n/?] (NEW) y
#17 16.05   Show CPU process runs on ('j' field) (FEATURE_TOP_SMP_PROCESS) [Y/n/?] (NEW) y
#17 16.05   Topmem command ('s' key) (FEATURE_TOPMEM) [Y/n/?] (NEW) y
#17 16.05 uptime (3.7 kb) (UPTIME) [Y/n/?] (NEW) y
#17 16.05   Show the number of users (FEATURE_UPTIME_UTMP_SUPPORT) [Y/n/?] (NEW) y
#17 16.05 watch (4.4 kb) (WATCH) [Y/n/?] (NEW) y
#17 16.05 *
#17 16.05 * Runit Utilities
#17 16.05 *
#17 16.05 chpst (9 kb) (CHPST) [Y/n/?] (NEW) y
#17 16.05 setuidgid (4 kb) (SETUIDGID) [Y/n/?] (NEW) y
#17 16.05 envuidgid (3.9 kb) (ENVUIDGID) [Y/n/?] (NEW) y
#17 16.05 envdir (2.5 kb) (ENVDIR) [Y/n/?] (NEW) y
#17 16.05 softlimit (4.5 kb) (SOFTLIMIT) [Y/n/?] (NEW) y
#17 16.05 runsv (7.8 kb) (RUNSV) [Y/n/?] (NEW) y
#17 16.05 runsvdir (6.3 kb) (RUNSVDIR) [Y/n/?] (NEW) y
#17 16.05   Enable scrolling argument log (FEATURE_RUNSVDIR_LOG) [N/y/?] (NEW) n
#17 16.05 sv (8.5 kb) (SV) [Y/n/?] (NEW) y
#17 16.05   Default directory for services (SV_DEFAULT_SERVICE_DIR) [/var/service] (NEW) /var/service
#17 16.05 svc (8.4 kb) (SVC) [Y/n/?] (NEW) y
#17 16.05 svok (1.5 kb) (SVOK) [Y/n/?] (NEW) y
#17 16.05 svlogd (16 kb) (SVLOGD) [Y/n/?] (NEW) y
#17 16.05 *
#17 16.05 * Shells
#17 16.05 *
#17 16.05 Choose which shell is aliased to 'sh' name
#17 16.05 > 1. ash (SH_IS_ASH) (NEW)
#17 16.05   2. hush (SH_IS_HUSH) (NEW)
#17 16.05   3. none (SH_IS_NONE) (NEW)
#17 16.05 choice[1-3?]: 1
#17 16.05 Choose which shell is aliased to 'bash' name
#17 16.05   1. ash (BASH_IS_ASH) (NEW)
#17 16.05   2. hush (BASH_IS_HUSH) (NEW)
#17 16.05 > 3. none (BASH_IS_NONE) (NEW)
#17 16.05 choice[1-3?]: 3
#17 16.05 ash (78 kb) (ASH) [Y/n/?] (NEW) y
#17 16.05   Optimize for size instead of speed (ASH_OPTIMIZE_FOR_SIZE) [Y/n] (NEW) y
#17 16.05   Use internal glob() implementation (ASH_INTERNAL_GLOB) [Y/n/?] (NEW) y
#17 16.05   bash-compatible extensions (ASH_BASH_COMPAT) [Y/n] (NEW) y
#17 16.05     'source' and '.' builtins search current directory after $PATH (ASH_BASH_SOURCE_CURDIR) [N/y/?] (NEW) n
#17 16.05     command_not_found_handle hook support (ASH_BASH_NOT_FOUND_HOOK) [Y/n/?] (NEW) y
#17 16.05   Job control (ASH_JOB_CONTROL) [Y/n] (NEW) y
#17 16.05   Alias support (ASH_ALIAS) [Y/n] (NEW) y
#17 16.05   Pseudorandom generator and $RANDOM variable (ASH_RANDOM_SUPPORT) [Y/n/?] (NEW) y
#17 16.05   Expand prompt string (ASH_EXPAND_PRMT) [Y/n/?] (NEW) y
#17 16.05   Idle timeout variable $TMOUT (ASH_IDLE_TIMEOUT) [Y/n/?] (NEW) y
#17 16.05   Check for new mail in interactive shell (ASH_MAIL) [Y/n/?] (NEW) y
#17 16.05   echo builtin (ASH_ECHO) [Y/n] (NEW) y
#17 16.05   printf builtin (ASH_PRINTF) [Y/n] (NEW) y
#17 16.05   test builtin (ASH_TEST) [Y/n] (NEW) y
#17 16.05   sleep builtin (ASH_SLEEP) [Y/n] (NEW) y
#17 16.05   help builtin (ASH_HELP) [Y/n] (NEW) y
#17 16.05   getopts builtin (ASH_GETOPTS) [Y/n] (NEW) y
#17 16.05   command builtin (ASH_CMDCMD) [Y/n/?] (NEW) y
#17 16.05 cttyhack (2.4 kb) (CTTYHACK) [Y/n/?] (NEW) y
#17 16.05 hush (68 kb) (HUSH) [Y/n/?] (NEW) y
#17 16.05 Internal shell for embedded script support (SHELL_HUSH) [Y] (NEW) y
#17 16.05   bash-compatible extensions (HUSH_BASH_COMPAT) [Y/n] (NEW) y
#17 16.05     Brace expansion (HUSH_BRACE_EXPANSION) [Y/n/?] (NEW) y
#17 16.05     'source' and '.' builtins search current directory after $PATH (HUSH_BASH_SOURCE_CURDIR) [N/y/?] (NEW) n
#17 16.05   $LINENO variable (bashism) (HUSH_LINENO_VAR) [Y/n] (NEW) y
#17 16.05   Interactive mode (HUSH_INTERACTIVE) [Y/n/?] (NEW) y
#17 16.05     Save command history to .hush_history (HUSH_SAVEHISTORY) [Y/n] (NEW) y
#17 16.05     Job control (HUSH_JOB) [Y/n/?] (NEW) y
#17 16.05   Support command substitution (HUSH_TICK) [Y/n/?] (NEW) y
#17 16.05   Support if/then/elif/else/fi (HUSH_IF) [Y/n] (NEW) y
#17 16.05   Support for, while and until loops (HUSH_LOOPS) [Y/n] (NEW) y
#17 16.05   Support case ... esac statement (HUSH_CASE) [Y/n/?] (NEW) y
#17 16.05   Support funcname() { commands; } syntax (HUSH_FUNCTIONS) [Y/n/?] (NEW) y
#17 16.05     local builtin (HUSH_LOCAL) [Y/n/?] (NEW) y
#17 16.05   Pseudorandom generator and $RANDOM variable (HUSH_RANDOM_SUPPORT) [Y/n/?] (NEW) y
#17 16.05   Support 'hush -x' option and 'set -x' command (HUSH_MODE_X) [Y/n/?] (NEW) y
#17 16.05   echo builtin (HUSH_ECHO) [Y/n] (NEW) y
#17 16.05   printf builtin (HUSH_PRINTF) [Y/n] (NEW) y
#17 16.05   test builtin (HUSH_TEST) [Y/n] (NEW) y
#17 16.05   help builtin (HUSH_HELP) [Y/n] (NEW) y
#17 16.05   export builtin (HUSH_EXPORT) [Y/n] (NEW) y
#17 16.05     Support 'export -n' option (HUSH_EXPORT_N) [Y/n/?] (NEW) y
#17 16.05   readonly builtin (HUSH_READONLY) [Y/n/?] (NEW) y
#17 16.05   kill builtin (supports kill %jobspec) (HUSH_KILL) [Y/n] (NEW) y
#17 16.05   wait builtin (HUSH_WAIT) [Y/n] (NEW) y
#17 16.05   command builtin (HUSH_COMMAND) [Y/n] (NEW) y
#17 16.05   trap builtin (HUSH_TRAP) [Y/n] (NEW) y
#17 16.05   type builtin (HUSH_TYPE) [Y/n] (NEW) y
#17 16.05   times builtin (HUSH_TIMES) [Y/n] (NEW) y
#17 16.05   read builtin (HUSH_READ) [Y/n] (NEW) y
#17 16.05   set builtin (HUSH_SET) [Y/n] (NEW) y
#17 16.05   unset builtin (HUSH_UNSET) [Y/n] (NEW) y
#17 16.05   ulimit builtin (HUSH_ULIMIT) [Y/n] (NEW) y
#17 16.05   umask builtin (HUSH_UMASK) [Y/n] (NEW) y
#17 16.05   getopts builtin (HUSH_GETOPTS) [Y/n] (NEW) y
#17 16.05   memleak builtin (debugging) (HUSH_MEMLEAK) [N/y] (NEW) n
#17 16.05 *
#17 16.05 * Options common to all shells
#17 16.05 *
#17 16.05 POSIX math support (FEATURE_SH_MATH) [Y/n/?] (NEW) y
#17 16.05   Extend POSIX math support to 64 bit (FEATURE_SH_MATH_64) [Y/n/?] (NEW) y
#17 16.05   Support BASE#nnnn literals (FEATURE_SH_MATH_BASE) [Y/n] (NEW) y
#17 16.05 Hide message on interactive shell startup (FEATURE_SH_EXTRA_QUIET) [Y/n/?] (NEW) y
#17 16.05 Standalone shell (FEATURE_SH_STANDALONE) [N/y/?] (NEW) n
#17 16.05 Run 'nofork' applets directly (FEATURE_SH_NOFORK) [N/y/?] (NEW) n
#17 16.05 read -t N.NNN support (+110 bytes) (FEATURE_SH_READ_FRAC) [Y/n/?] (NEW) y
#17 16.05 Use $HISTFILESIZE (FEATURE_SH_HISTFILESIZE) [Y/n/?] (NEW) y
#17 16.05 Embed scripts in the binary (FEATURE_SH_EMBEDDED_SCRIPTS) [Y/n/?] (NEW) y
#17 16.05 *
#17 16.05 * System Logging Utilities
#17 16.05 *
#17 16.05 klogd (5.7 kb) (KLOGD) [Y/n/?] (NEW) y
#17 16.05   *
#17 16.05   * klogd should not be used together with syslog to kernel printk buffer
#17 16.05   *
#17 16.05   Use the klogctl() interface (FEATURE_KLOGD_KLOGCTL) [Y/n/?] (NEW) y
#17 16.05 logger (6.3 kb) (LOGGER) [Y/n/?] (NEW) y
#17 16.05 logread (4.8 kb) (LOGREAD) [Y/n/?] (NEW) y
#17 16.05   Double buffering (FEATURE_LOGREAD_REDUCED_LOCKING) [Y/n/?] (NEW) y
#17 16.05 syslogd (13 kb) (SYSLOGD) [Y/n/?] (NEW) y
#17 16.05   Rotate message files (FEATURE_ROTATE_LOGFILE) [Y/n/?] (NEW) y
#17 16.05   Remote Log support (FEATURE_REMOTE_LOG) [Y/n/?] (NEW) y
#17 16.05   Support -D (drop dups) option (FEATURE_SYSLOGD_DUP) [Y/n/?] (NEW) y
#17 16.05   Support syslog.conf (FEATURE_SYSLOGD_CFG) [Y/n/?] (NEW) y
#17 16.05   Include milliseconds in timestamps (FEATURE_SYSLOGD_PRECISE_TIMESTAMPS) [N/y/?] (NEW) n
#17 16.05   Read buffer size in bytes (FEATURE_SYSLOGD_READ_BUFFER_SIZE) [256] (NEW) 256
#17 16.05   Circular Buffer support (FEATURE_IPC_SYSLOG) [Y/n/?] (NEW) y
#17 16.05     Circular buffer size in Kbytes (minimum 4KB) (FEATURE_IPC_SYSLOG_BUFFER_SIZE) [16] (NEW) 16
#17 16.05   Linux kernel printk buffer support (FEATURE_KMSG_SYSLOG) [Y/n/?] (NEW) y
#17 26.40 scripts/kconfig/conf -s Config.in
#17 26.42 #
#17 26.42 # using defaults found in .config
#17 26.42 #
#17 29.53   SPLIT   include/autoconf.h -> include/config/*
#17 30.14   GEN     include/bbconfigopts.h
#17 30.21   GEN     include/common_bufsiz.h
#17 30.25   GEN     include/embedded_scripts.h
#17 30.48   HOSTCC  applets/usage
#17 30.48   HOSTCC  applets/applet_tables
#17 30.72   GEN     include/usage_compressed.h
#17 30.80   GEN     include/applet_tables.h include/NUM_APPLETS.h
#17 30.81   GEN     include/applet_tables.h include/NUM_APPLETS.h
#17 30.82   HOSTCC  applets/usage_pod
#17 31.01   CC      applets/applets.o
#17 31.21   LD      applets/built-in.o
#17 31.26   DOC     busybox.pod
#17 31.30   DOC     BusyBox.txt
#17 31.35   DOC     busybox.1
#17 32.16   DOC     BusyBox.html
#17 33.51   LD      archival/built-in.o
#17 33.51   CC      archival/bbunzip.o
#17 33.54   CC      archival/bzip2.o
#17 33.55   LD      archival/libarchive/built-in.o
#17 33.56   CC      archival/libarchive/common.o
#17 33.56   CC      archival/dpkg.o
#17 33.56   CC      archival/cpio.o
#17 33.57   CC      archival/dpkg_deb.o
#17 33.57   CC      archival/chksum_and_xwrite_tar_header.o
#17 33.58   CC      archival/lzop.o
#17 33.58   CC      archival/rpm.o
#17 33.60   CC      archival/tar.o
#17 33.60   CC      archival/gzip.o
#17 33.60   CC      archival/unzip.o
#17 33.60   CC      console-tools/chvt.o
#17 33.61   LD      console-tools/built-in.o
#17 33.61   CC      console-tools/clear.o
#17 33.63   CC      console-tools/deallocvt.o
#17 33.65   CC      archival/libarchive/data_align.o
#17 33.65   CC      console-tools/dumpkmap.o
#17 33.66   CC      archival/libarchive/data_extract_all.o
#17 33.66   CC      console-tools/fgconsole.o
#17 33.73   LD      coreutils/built-in.o
#17 33.77   CC      coreutils/basename.o
#17 34.09   CC      coreutils/cat.o
#17 34.13   CC      archival/libarchive/data_extract_to_command.o
#17 34.43   CC      console-tools/kbd_mode.o
#17 34.52   CC      console-tools/loadfont.o
#17 34.55   CC      coreutils/chgrp.o
#17 34.56   CC      archival/libarchive/data_extract_to_stdout.o
#17 34.57   LD      coreutils/libcoreutils/built-in.o
#17 34.62   CC      coreutils/libcoreutils/cp_mv_stat.o
#17 34.69   CC      coreutils/libcoreutils/getopt_mk_fifo_nod.o
#17 34.71   LD      debianutils/built-in.o
#17 34.73   CC      debianutils/pipe_progress.o
#17 34.84   CC      debianutils/run_parts.o
#17 35.04   CC      archival/libarchive/data_skip.o
#17 35.08   CC      coreutils/chmod.o
#17 35.16   LD      klibc-utils/built-in.o
#17 35.17   CC      console-tools/loadkmap.o
#17 35.19   CC      klibc-utils/resume.o
#17 35.21   CC      debianutils/start_stop_daemon.o
#17 35.28   AR      coreutils/libcoreutils/lib.a
#17 35.33   CC      debianutils/which.o
#17 35.34   CC      coreutils/chown.o
#17 35.38   CC      archival/libarchive/decompress_bunzip2.o
#17 35.39   CC      archival/libarchive/decompress_gunzip.o
#17 35.40   CC      console-tools/openvt.o
#17 35.56   CC      archival/libarchive/decompress_unlzma.o
#17 35.56   CC      console-tools/reset.o
#17 35.58   CC      coreutils/chroot.o
#17 35.61   LD      e2fsprogs/built-in.o
#17 35.65   CC      e2fsprogs/chattr.o
#17 35.65   CC      coreutils/cksum.o
#17 35.71   AR      klibc-utils/lib.a
#17 35.75   CC      console-tools/resize.o
#17 35.80   LD      editors/built-in.o
#17 35.83   CC      editors/awk.o
#17 35.86   CC      archival/libarchive/decompress_unxz.o
#17 35.90   CC      coreutils/comm.o
#17 35.94   CC      e2fsprogs/e2fs_lib.o
#17 35.97   CC      console-tools/setconsole.o
#17 36.05   CC      editors/cmp.o
#17 36.14   LD      findutils/built-in.o
#17 36.17   CC      findutils/find.o
#17 36.22   LD      init/built-in.o
#17 36.28   CC      coreutils/cp.o
#17 36.28   CC      init/bootchartd.o
#17 36.29   CC      e2fsprogs/fsck.o
#17 36.33   CC      e2fsprogs/lsattr.o
#17 36.44   AR      debianutils/lib.a
#17 36.45   CC      console-tools/setkeycodes.o
#17 36.55   CC      archival/libarchive/filter_accept_all.o
#17 36.63   LD      libbb/built-in.o
#17 36.65   CC      libbb/appletlib.o
#17 36.72   CC      findutils/grep.o
#17 36.83   CC      init/halt.o
#17 36.85   CC      console-tools/setlogcons.o
#17 36.96   CC      editors/diff.o
#17 37.01   CC      coreutils/cut.o
#17 37.08   CC      archival/libarchive/filter_accept_list.o
#17 37.20   CC      libbb/ask_confirmation.o
#17 37.20   CC      init/init.o
#17 37.22   CC      coreutils/date.o
#17 37.39   CC      editors/ed.o
#17 37.39   CC      console-tools/showkey.o
#17 37.48   LD      libpwdgrp/built-in.o
#17 37.51   CC      libpwdgrp/pwd_grp.o
#17 37.56   CC      libbb/auto_string.o
#17 37.69   CC      archival/libarchive/filter_accept_list_reassign.o
#17 37.82   CC      findutils/xargs.o
#17 37.84   LD      loginutils/built-in.o
#17 37.89   CC      loginutils/add-remove-shell.o
#17 37.92   CC      archival/libarchive/filter_accept_reject_list.o
#17 38.00   CC      libpwdgrp/uidgid_get.o
#17 38.01   AR      console-tools/lib.a
#17 38.09   LD      mailutils/built-in.o
#17 38.14   CC      mailutils/mail.o
#17 38.23   CC      loginutils/addgroup.o
#17 38.27   LD      miscutils/built-in.o
#17 38.28   CC      miscutils/adjtimex.o
#17 38.37   AR      libpwdgrp/lib.a
#17 38.39   CC      coreutils/dd.o
#17 38.50   AR      init/lib.a
#17 38.55   CC      editors/patch.o
#17 38.67   CC      mailutils/makemime.o
#17 38.72   CC      miscutils/ascii.o
#17 38.72   LD      modutils/built-in.o
#17 38.75   CC      libbb/bb_askpass.o
#17 38.79   CC      modutils/modinfo.o
#17 38.79   CC      editors/sed.o
#17 38.88   CC      archival/libarchive/find_list_entry.o
#17 38.93   CC      loginutils/adduser.o
#17 39.16   CC      coreutils/df.o
#17 39.20   CC      miscutils/bc.o
#17 39.23   LD      networking/built-in.o
#17 39.32   CC      networking/arp.o
#17 39.36   CC      modutils/modprobe-small.o
#17 39.38   CC      mailutils/popmaildir.o
#17 39.46   CC      loginutils/chpasswd.o
#17 39.52   CC      modutils/modutils.o
#17 39.55   CC      archival/libarchive/get_header_ar.o
#17 39.56   CC      libbb/bb_bswap_64.o
#17 39.67   CC      mailutils/reformime.o
#17 39.70   LD      networking/libiproute/built-in.o
#17 39.73   CC      networking/libiproute/ip_parse_common_args.o
#17 39.76   CC      loginutils/cryptpw.o
#17 39.87   CC      networking/arping.o
#17 40.00   AR      findutils/lib.a
#17 40.05   CC      loginutils/deluser.o
#17 40.08   LD      networking/udhcp/built-in.o
#17 40.09   CC      networking/udhcp/arpping.o
#17 40.17   LD      printutils/built-in.o
#17 40.21   CC      printutils/lpd.o
#17 40.29   CC      miscutils/beep.o
#17 40.29   CC      networking/libiproute/ipaddress.o
#17 40.30   CC      libbb/bb_cat.o
#17 40.46   CC      editors/vi.o
#17 40.64   CC      networking/udhcp/common.o
#17 40.70   CC      networking/udhcp/d6_dhcpc.o
#17 40.71   CC      loginutils/getty.o
#17 40.83   CC      networking/udhcp/d6_packet.o
#17 40.94   AR      archival/lib.a
#17 41.03   CC      networking/udhcp/d6_socket.o
#17 41.04   CC      coreutils/dirname.o
#17 41.09   CC      printutils/lpr.o
#17 41.21   CC      libbb/bb_do_delay.o
#17 41.22   CC      networking/udhcp/dhcpc.o
#17 41.34   CC      archival/libarchive/get_header_cpio.o
#17 41.38   CC      networking/libiproute/iplink.o
#17 41.46   CC      networking/udhcp/dhcpd.o
#17 41.55   CC      coreutils/dos2unix.o
#17 41.58   CC      loginutils/login.o
#17 41.68   CC      miscutils/chat.o
#17 41.73   CC      mailutils/sendmail.o
#17 41.81   CC      archival/libarchive/get_header_tar.o
#17 41.84   LD      procps/built-in.o
#17 41.85   CC      libbb/bb_getgroups.o
#17 41.86   CC      procps/free.o
#17 41.90   CC      coreutils/du.o
#17 42.06   CC      procps/fuser.o
#17 42.19   CC      miscutils/conspy.o
#17 42.22   CC      libbb/bb_getsockname.o
#17 42.30   CC      networking/udhcp/dhcprelay.o
#17 42.38   CC      loginutils/passwd.o
#17 42.46   CC      archival/libarchive/get_header_tar_bz2.o
#17 42.46   AR      e2fsprogs/lib.a
#17 42.46   AR      printutils/lib.a
#17 42.50   CC      networking/brctl.o
#17 42.53   LD      runit/built-in.o
#17 42.54   CC      libbb/bb_pwd.o
#17 42.56 modutils/modutils.c: In function 'filename2modname':
#17 42.56   CC      runit/chpst.o
#17 42.57 modutils/modutils.c:115:1: warning: function may return address of local variable [-Wreturn-local-addr]
#17 42.57   115 | }
#17 42.57       | ^
#17 42.57 modutils/modutils.c:94:14: note: declared here
#17 42.57    94 |         char local_modname[MODULE_NAME_LEN];
#17 42.57       |              ^~~~~~~~~~~~~
#17 42.61   CC      coreutils/echo.o
#17 42.64   CC      runit/runsv.o
#17 42.79   CC      networking/dnsd.o
#17 42.84   CC      loginutils/su.o
#17 42.86   AR      mailutils/lib.a
#17 42.86   CC      procps/iostat.o
#17 42.93   CC      networking/udhcp/domain_codec.o
#17 42.98   LD      selinux/built-in.o
#17 43.02   AR      selinux/lib.a
#17 43.03   CC      archival/libarchive/get_header_tar_gz.o
#17 43.05   CC      runit/runsvdir.o
#17 43.08   CC      libbb/bb_qsort.o
#17 43.12   CC      coreutils/env.o
#17 43.12   CC      networking/libiproute/ipneigh.o
#17 43.29   CC      loginutils/sulogin.o
#17 43.33   CC      networking/ether-wake.o
#17 43.54   AR      modutils/lib.a
#17 43.56   CC      procps/kill.o
#17 43.62   CC      archival/libarchive/get_header_tar_lzma.o
#17 43.70   CC      miscutils/crond.o
#17 43.70   LD      shell/built-in.o
#17 43.73   CC      shell/ash.o
#17 43.76   LD      sysklogd/built-in.o
#17 43.78   CC      networking/ftpd.o
#17 43.78   CC      loginutils/vlock.o
#17 43.82   CC      sysklogd/klogd.o
#17 43.90   CC      procps/lsof.o
#17 43.95   CC      networking/ftpgetput.o
#17 43.97   CC      miscutils/crontab.o
#17 44.05   CC      networking/libiproute/iproute.o
#17 44.11   CC      procps/mpstat.o
#17 44.14   CC      coreutils/expand.o
#17 44.20   CC      archival/libarchive/get_header_tar_xz.o
#17 44.41   CC      sysklogd/logread.o
#17 44.46   CC      shell/ash_ptr_hack.o
#17 44.47   CC      libbb/bb_strtonum.o
#17 44.50   CC      runit/sv.o
#17 44.55   CC      networking/udhcp/dumpleases.o
#17 44.60   AR      loginutils/lib.a
#17 44.65   CC      networking/udhcp/packet.o
#17 44.66   CC      archival/libarchive/header_list.o
#17 44.76   CC      procps/nmeter.o
#17 44.77   CC      networking/hostname.o
#17 44.79   CC      shell/cttyhack.o
#17 44.86   CC      coreutils/expr.o
#17 44.99   CC      sysklogd/syslogd_and_logger.o
#17 45.00   CC      shell/hush.o
#17 45.05   CC      networking/udhcp/signalpipe.o
#17 45.20   CC      archival/libarchive/header_skip.o
#17 45.25   CC      procps/pgrep.o
#17 45.29   CC      libbb/capability.o
#17 45.32   LD      util-linux/built-in.o
#17 45.36   CC      util-linux/acpid.o
#17 45.48   CC      networking/httpd.o
#17 45.55   CC      miscutils/devmem.o
#17 45.66   CC      archival/libarchive/header_verbose_list.o
#17 45.74   CC      libbb/change_identity.o
#17 45.78   CC      networking/ifconfig.o
#17 45.80   CC      networking/udhcp/socket.o
#17 46.22   CC      networking/libiproute/iprule.o
#17 46.28   AR      networking/udhcp/lib.a
#17 46.36   CC      shell/match.o
#17 46.46   CC      runit/svlogd.o
#17 46.74   CC      coreutils/factor.o
#17 46.77   CC      libbb/chomp.o
#17 46.87   CC      procps/pidof.o
#17 46.94   CC      archival/libarchive/init_handle.o
#17 46.95   CC      util-linux/blkdiscard.o
#17 47.10   CC      coreutils/false.o
#17 47.10   CC      procps/pmap.o
#17 47.20   CC      procps/powertop.o
#17 47.24   AR      sysklogd/lib.a
#17 47.26   CC      networking/libiproute/iptunnel.o
#17 47.31   CC      archival/libarchive/lzo1x_1.o
#17 47.39   AR      editors/lib.a
#17 47.41   CC      shell/math.o
#17 47.45   CC      miscutils/fbsplash.o
#17 47.49   CC      networking/ifenslave.o
#17 47.50   CC      util-linux/blkid.o
#17 47.53   CC      coreutils/fold.o
#17 47.54   CC      libbb/common_bufsiz.o
#17 47.62   CC      networking/libiproute/libnetlink.o
#17 47.84 shell/hush.c: In function 'expand_one_var':
#17 47.85 shell/hush.c:6606:15: warning: 'exp_word' is used uninitialized [-Wuninitialized]
#17 47.85  6606 |         char *exp_word = exp_word; /* for compiler */
#17 47.85       |               ^~~~~~~~
#17 47.86 shell/hush.c:6606:15: note: 'exp_word' was declared here
#17 47.86  6606 |         char *exp_word = exp_word; /* for compiler */
#17 47.86       |               ^~~~~~~~
#17 47.92   CC      shell/random.o
#17 47.97   CC      util-linux/blockdev.o
#17 48.03   CC      libbb/compare_string_array.o
#17 48.09   LD      util-linux/volume_id/built-in.o
#17 48.12   CC      util-linux/volume_id/bcache.o
#17 48.12   CC      procps/ps.o
#17 48.21   CC      util-linux/cal.o
#17 48.25   CC      miscutils/hdparm.o
#17 48.26   CC      networking/libiproute/ll_addr.o
#17 48.34   CC      coreutils/head.o
#17 48.36   CC      networking/ifplugd.o
#17 48.36   CC      shell/shell_common.o
#17 48.60   CC      util-linux/volume_id/btrfs.o
#17 48.77   CC      libbb/concat_path_file.o
#17 48.78   CC      miscutils/hexedit.o
#17 48.80   CC      util-linux/chrt.o
#17 49.04   CC      miscutils/i2c_tools.o
#17 49.12   CC      coreutils/hostid.o
#17 49.18   CC      networking/libiproute/ll_map.o
#17 49.19   CC      archival/libarchive/lzo1x_1o.o
#17 49.32   CC      util-linux/volume_id/cramfs.o
#17 49.37   CC      networking/ifupdown.o
#17 49.40   CC      miscutils/less.o
#17 49.41 procps/powertop.c: In function 'read_cstate_counts':
#17 49.41 procps/powertop.c:181:34: warning: '%s' directive writing up to 255 bytes into a region of size 171 [-Wformat-overflow=]
#17 49.41   181 |                 sprintf(buf, "%s/%s/power", "/proc/acpi/processor", d->d_name);
#17 49.41       |                                  ^~
#17 49.41 procps/powertop.c:181:17: note: 'sprintf' output between 28 and 283 bytes into a destination of size 192
#17 49.41   181 |                 sprintf(buf, "%s/%s/power", "/proc/acpi/processor", d->d_name);
#17 49.41       |                 ^~~~~~~~~~~~~~~~~~~~~~~~~~~~~~~~~~~~~~~~~~~~~~~~~~~~~~~~~~~~~~
#17 49.48   CC      procps/pstree.o
#17 49.55   CC      util-linux/dmesg.o
#17 49.74   CC      networking/libiproute/ll_proto.o
#17 49.77   CC      libbb/concat_subpath_file.o
#17 49.85   CC      coreutils/id.o
#17 49.97   CC      util-linux/volume_id/erofs.o
#17 49.99   CC      networking/libiproute/ll_types.o
#17 50.04   CC      miscutils/lsscsi.o
#17 50.20   CC      libbb/const_hack.o
#17 50.28   CC      archival/libarchive/lzo1x_d.o
#17 50.44   CC      coreutils/install.o
#17 50.49   CC      util-linux/volume_id/exfat.o
#17 50.54   CC      networking/inetd.o
#17 50.61   CC      procps/pwdx.o
#17 50.86   CC      util-linux/eject.o
#17 50.94   CC      procps/smemcap.o
#17 50.94 miscutils/i2c_tools.c: In function 'list_i2c_busses_and_exit':
#17 50.95   CC      libbb/copy_file.o
#17 50.96 miscutils/i2c_tools.c:1152:46: warning: '%s' directive output may be truncated writing up to 255 bytes into a region of size 236 [-Wformat-truncation=]
#17 50.96  1152 |                 snprintf(path, NAME_MAX, "%s/%s/name",
#17 50.96       |                                              ^~
#17 50.97 miscutils/i2c_tools.c:1152:17: note: 'snprintf' output between 25 and 280 bytes into a destination of size 255
#17 50.97  1152 |                 snprintf(path, NAME_MAX, "%s/%s/name",
#17 50.97       |                 ^~~~~~~~~~~~~~~~~~~~~~~~~~~~~~~~~~~~~~
#17 50.97  1153 |                          i2cdev_path, de->d_name);
#17 50.97       |                          ~~~~~~~~~~~~~~~~~~~~~~~~
#17 50.97 miscutils/i2c_tools.c:1157:38: warning: '%s' directive output may be truncated writing up to 255 bytes into a region of size 236 [-Wformat-truncation=]
#17 50.97  1157 |                                  "%s/%s/device/name",
#17 50.97       |                                      ^~
#17 50.97 miscutils/i2c_tools.c:1156:25: note: 'snprintf' output between 32 and 287 bytes into a destination of size 255
#17 50.97  1156 |                         snprintf(path, NAME_MAX,
#17 50.97       |                         ^~~~~~~~~~~~~~~~~~~~~~~~
#17 50.97  1157 |                                  "%s/%s/device/name",
#17 50.97       |                                  ~~~~~~~~~~~~~~~~~~~~
#17 50.97  1158 |                                  i2cdev_path, de->d_name);
#17 50.97       |                                  ~~~~~~~~~~~~~~~~~~~~~~~~
#17 50.98 miscutils/i2c_tools.c:1165:38: warning: '%s' directive output may be truncated writing up to 255 bytes into a region of size 236 [-Wformat-truncation=]
#17 50.98  1165 |                                  "%s/%s/device/name",
#17 50.98       |                                      ^~
#17 50.98 miscutils/i2c_tools.c:1164:25: note: 'snprintf' output between 32 and 287 bytes into a destination of size 255
#17 50.98  1164 |                         snprintf(path, NAME_MAX,
#17 50.98       |                         ^~~~~~~~~~~~~~~~~~~~~~~~
#17 50.98  1165 |                                  "%s/%s/device/name",
#17 50.98       |                                  ~~~~~~~~~~~~~~~~~~~~
#17 50.98  1166 |                                  i2cdev_path, de->d_name);
#17 50.98       |                                  ~~~~~~~~~~~~~~~~~~~~~~~~
#17 50.99 miscutils/i2c_tools.c:1177:54: warning: '%s' directive output may be truncated writing up to 255 bytes into a region of size 236 [-Wformat-truncation=]
#17 50.99  1177 |                                                  "%s/%s/device/%s/name",
#17 50.99       |                                                      ^~
#17 50.99 miscutils/i2c_tools.c:1176:41: note: 'snprintf' output between 33 and 543 bytes into a destination of size 255
#17 50.99  1176 |                                         snprintf(path, NAME_MAX,
#17 50.99       |                                         ^~~~~~~~~~~~~~~~~~~~~~~~
#17 50.99  1177 |                                                  "%s/%s/device/%s/name",
#17 50.99       |                                                  ~~~~~~~~~~~~~~~~~~~~~~~
#17 50.99  1178 |                                                  i2cdev_path, de->d_name,
#17 50.99       |                                                  ~~~~~~~~~~~~~~~~~~~~~~~~
#17 50.99  1179 |                                                  subde->d_name);
#17 50.99       |                                                  ~~~~~~~~~~~~~~
#17 51.01   CC      miscutils/makedevs.o
#17 51.04   CC      archival/libarchive/open_transformer.o
#17 51.11   CC      coreutils/link.o
#17 51.15   CC      networking/libiproute/rt_names.o
#17 51.36   CC      networking/interface.o
#17 51.36   CC      util-linux/volume_id/ext.o
#17 51.39   CC      util-linux/fallocate.o
#17 51.42   CC      networking/ip.o
#17 51.73   CC      libbb/copyfd.o
#17 51.80   CC      miscutils/man.o
#17 51.89   CC      miscutils/microcom.o
#17 51.90   AR      runit/lib.a
#17 51.94   CC      miscutils/mt.o
#17 51.95   CC      libbb/correct_password.o
#17 51.99   CC      networking/libiproute/rtm_map.o
#17 52.00   CC      util-linux/volume_id/f2fs.o
#17 52.01   CC      util-linux/fatattr.o
#17 52.22   CC      procps/sysctl.o
#17 52.23   CC      archival/libarchive/seek_by_jump.o
#17 52.26   CC      libbb/crc32.o
#17 52.45   CC      util-linux/volume_id/fat.o
#17 52.48   CC      util-linux/volume_id/get_devname.o
#17 52.49   CC      coreutils/ln.o
#17 52.52   CC      libbb/default_error_retval.o
#17 52.57   CC      networking/libiproute/utils.o
#17 52.79   CC      util-linux/fbset.o
#17 52.83   CC      networking/ipcalc.o
#17 52.86   CC      procps/top.o
#17 52.96   CC      coreutils/logname.o
#17 52.98   CC      util-linux/fdformat.o
#17 52.98   CC      archival/libarchive/seek_by_read.o
#17 52.98   CC      procps/uptime.o
#17 53.04   CC      networking/isrv.o
#17 53.06   CC      util-linux/volume_id/hfs.o
#17 53.30   CC      libbb/device_open.o
#17 53.33   CC      miscutils/nandwrite.o
#17 53.35   CC      coreutils/ls.o
#17 53.37   CC      archival/libarchive/unpack_ar_archive.o
#17 53.45   CC      networking/isrv_identd.o
#17 53.53   CC      util-linux/volume_id/iso9660.o
#17 53.64   CC      libbb/dump.o
#17 53.77   CC      networking/nameif.o
#17 53.85   CC      archival/libarchive/unsafe_prefix.o
#17 53.94   CC      util-linux/volume_id/jfs.o
#17 53.96   CC      miscutils/partprobe.o
#17 53.96   CC      libbb/duration.o
#17 53.97   CC      libbb/endofname.o
#17 53.99   CC      util-linux/fdisk.o
#17 53.99   CC      coreutils/md5_sha1_sum.o
#17 54.13   CC      util-linux/volume_id/lfs.o
#17 54.26   CC      archival/libarchive/unsafe_symlink_target.o
#17 54.36   CC      util-linux/findfs.o
#17 54.39   CC      procps/watch.o
#17 54.47   CC      networking/nbd-client.o
#17 54.55   CC      miscutils/raidautorun.o
#17 54.59   CC      util-linux/flock.o
#17 54.61   CC      util-linux/volume_id/linux_raid.o
#17 ...

#15 [stage-1  3/14] RUN <<EOF (#!/bin/bash...)
#15 171.5 Selecting previously unselected package python3-minimal:riscv64.
#15 171.5 (Reading database ... (Reading database ... 5%(Reading database ... 10%(Reading database ... 15%(Reading database ... 20%(Reading database ... 25%(Reading database ... 30%(Reading database ... 35%(Reading database ... 40%(Reading database ... 45%(Reading database ... 50%(Reading database ... 55%(Reading database ... 60%(Reading database ... 65%(Reading database ... 70%(Reading database ... 75%(Reading database ... 80%(Reading database ... 85%(Reading database ... 90%(Reading database ... 95%(Reading database ... 100%(Reading database ... 6048 files and directories currently installed.)
#15 171.5 Preparing to unpack .../00-python3-minimal_3.13.5-1_riscv64.deb ...
#15 171.5 Unpacking python3-minimal:riscv64 (3.13.5-1) ...
#15 171.7 Selecting previously unselected package media-types.
#15 171.7 Preparing to unpack .../01-media-types_13.0.0_all.deb ...
#15 171.8 Unpacking media-types (13.0.0) ...
#15 172.0 Selecting previously unselected package netbase.
#15 172.0 Preparing to unpack .../02-netbase_6.5_all.deb ...
#15 172.1 Unpacking netbase (6.5) ...
#15 172.3 Selecting previously unselected package libbz2-1.0:riscv64.
#15 172.3 Preparing to unpack .../03-libbz2-1.0_1.0.8-6_riscv64.deb ...
#15 172.4 Unpacking libbz2-1.0:riscv64 (1.0.8-6) ...
#15 172.6 Selecting previously unselected package libdb5.3t64:riscv64.
#15 172.6 Preparing to unpack .../04-libdb5.3t64_5.3.28+dfsg2-9_riscv64.deb ...
#15 172.6 Unpacking libdb5.3t64:riscv64 (5.3.28+dfsg2-9) ...
#15 173.0 Selecting previously unselected package libffi8:riscv64.
#15 173.0 Preparing to unpack .../05-libffi8_3.4.8-2_riscv64.deb ...
#15 173.0 Unpacking libffi8:riscv64 (3.4.8-2) ...
#15 173.2 Selecting previously unselected package liblzma5:riscv64.
#15 173.2 Preparing to unpack .../06-liblzma5_5.8.1-1+deb13u1_riscv64.deb ...
#15 173.3 Unpacking liblzma5:riscv64 (5.8.1-1+deb13u1) ...
#15 173.5 Selecting previously unselected package libtinfo6:riscv64.
#15 173.5 Preparing to unpack .../07-libtinfo6_6.5+20250216-2_riscv64.deb ...
#15 173.6 Unpacking libtinfo6:riscv64 (6.5+20250216-2) ...
#15 173.8 Selecting previously unselected package libncursesw6:riscv64.
#15 173.8 Preparing to unpack .../08-libncursesw6_6.5+20250216-2_riscv64.deb ...
#15 173.9 Unpacking libncursesw6:riscv64 (6.5+20250216-2) ...
#15 174.3 Selecting previously unselected package readline-common.
#15 174.3 Preparing to unpack .../09-readline-common_8.2-6_all.deb ...
#15 174.3 Unpacking readline-common (8.2-6) ...
#15 174.6 Selecting previously unselected package libreadline8t64:riscv64.
#15 174.6 Preparing to unpack .../10-libreadline8t64_8.2-6_riscv64.deb ...
#15 174.7 Adding 'diversion of /lib/riscv64-linux-gnu/libhistory.so.8 to /lib/riscv64-linux-gnu/libhistory.so.8.usr-is-merged by libreadline8t64'
#15 174.7 Adding 'diversion of /lib/riscv64-linux-gnu/libhistory.so.8.2 to /lib/riscv64-linux-gnu/libhistory.so.8.2.usr-is-merged by libreadline8t64'
#15 174.7 Adding 'diversion of /lib/riscv64-linux-gnu/libreadline.so.8 to /lib/riscv64-linux-gnu/libreadline.so.8.usr-is-merged by libreadline8t64'
#15 174.8 Adding 'diversion of /lib/riscv64-linux-gnu/libreadline.so.8.2 to /lib/riscv64-linux-gnu/libreadline.so.8.2.usr-is-merged by libreadline8t64'
#15 174.8 Unpacking libreadline8t64:riscv64 (8.2-6) ...
#15 175.2 Selecting previously unselected package libsqlite3-0:riscv64.
#15 175.2 Preparing to unpack .../11-libsqlite3-0_3.46.1-7+deb13u2_riscv64.deb ...
#15 175.2 Unpacking libsqlite3-0:riscv64 (3.46.1-7+deb13u2) ...
#15 175.6 Selecting previously unselected package libuuid1:riscv64.
#15 175.6 Preparing to unpack .../12-libuuid1_2.41.5-0+deb13u1_riscv64.deb ...
#15 175.7 Unpacking libuuid1:riscv64 (2.41.5-0+deb13u1) ...
#15 175.9 Selecting previously unselected package libpython3.13-stdlib:riscv64.
#15 175.9 Preparing to unpack .../13-libpython3.13-stdlib_3.13.5-2+deb13u5_riscv64.deb ...
#15 175.9 Unpacking libpython3.13-stdlib:riscv64 (3.13.5-2+deb13u5) ...
#15 176.6 Selecting previously unselected package python3.13:riscv64.
#15 176.6 Preparing to unpack .../14-python3.13_3.13.5-2+deb13u5_riscv64.deb ...
#15 176.6 Unpacking python3.13:riscv64 (3.13.5-2+deb13u5) ...
#15 176.8 Selecting previously unselected package libpython3-stdlib:riscv64.
#15 176.8 Preparing to unpack .../15-libpython3-stdlib_3.13.5-1_riscv64.deb ...
#15 176.9 Unpacking libpython3-stdlib:riscv64 (3.13.5-1) ...
#15 177.0 Setting up python3-minimal:riscv64 (3.13.5-1) ...
#15 ...

#17 [busybox-builder 4/4] RUN     curl -fsSLO https://busybox.net/downloads/busybox-1.36.1.tar.bz2 &&     tar -xf busybox-1.36.1.tar.bz2 -C /busybox --strip-components=1 &&     cd /busybox &&     make defconfig &&     sed "/CONFIG_STATIC\b/s/.*/CONFIG_STATIC=y/" -i .config &&     sed -i 's/CONFIG_TC=y/# CONFIG_TC is not set/' .config &&     make -j$(grep -c '^processor' /proc/cpuinfo) &&     make install CONFIG_PREFIX=/busybox-install
#17 54.71   CC      util-linux/volume_id/linux_swap.o
#17 54.82   CC      libbb/executable.o
#17 54.83   CC      coreutils/mkdir.o
#17 54.84   CC      miscutils/readahead.o
#17 54.84   CC      networking/nc.o
#17 54.86   CC      miscutils/runlevel.o
#17 54.92   AR      networking/libiproute/lib.a
#17 54.93   CC      libbb/fclose_nonstdin.o
#17 54.97   CC      util-linux/freeramdisk.o
#17 55.02   AR      archival/libarchive/lib.a
#17 55.03   CC      miscutils/rx.o
#17 55.03   CC      coreutils/mkfifo.o
#17 55.07   CC      libbb/fflush_stdout_and_exit.o
#17 55.12   CC      networking/netstat.o
#17 55.13   CC      util-linux/volume_id/luks.o
#17 55.17   AR      procps/lib.a
#17 55.20   CC      util-linux/fsck_minix.o
#17 55.21   CC      coreutils/mknod.o
#17 55.33   CC      miscutils/seedrng.o
#17 55.35   CC      libbb/fgets_str.o
#17 55.37   CC      miscutils/setfattr.o
#17 55.38   CC      networking/nslookup.o
#17 55.40   CC      util-linux/fsfreeze.o
#17 55.41   CC      networking/ntpd.o
#17 55.42   CC      util-linux/volume_id/minix.o
#17 55.45   CC      miscutils/setserial.o
#17 55.54   CC      networking/parse_pasv_epsv.o
#17 55.59   CC      coreutils/mktemp.o
#17 55.67   CC      util-linux/volume_id/nilfs.o
#17 55.69   CC      networking/ping.o
#17 55.70   CC      util-linux/volume_id/ntfs.o
#17 55.71   CC      miscutils/strings.o
#17 55.78   CC      coreutils/mv.o
#17 55.83   CC      libbb/find_mount_point.o
#17 55.94   CC      coreutils/nice.o
#17 56.02   CC      util-linux/fstrim.o
#17 56.10   CC      networking/pscan.o
#17 56.11   CC      libbb/find_pid_by_name.o
#17 56.15   CC      coreutils/nl.o
#17 56.17   CC      coreutils/nohup.o
#17 56.36   CC      coreutils/nproc.o
#17 56.42   CC      util-linux/volume_id/ocfs2.o
#17 56.45   CC      miscutils/time.o
#17 56.46   CC      networking/route.o
#17 56.55   CC      libbb/find_root_device.o
#17 56.64   CC      util-linux/getopt.o
#17 56.64   CC      util-linux/volume_id/reiserfs.o
#17 56.66   CC      coreutils/od.o
#17 56.70   CC      networking/slattach.o
#17 56.76   CC      libbb/full_write.o
#17 56.78   CC      miscutils/tree.o
#17 56.81   CC      libbb/get_console.o
#17 56.85   CC      networking/ssl_client.o
#17 57.03   CC      util-linux/hexdump.o
#17 57.03   CC      libbb/get_cpu_count.o
#17 57.04   CC      util-linux/volume_id/romfs.o
#17 57.13   CC      miscutils/ts.o
#17 57.19   CC      util-linux/hexdump_xxd.o
#17 57.32   CC      coreutils/paste.o
#17 57.34   CC      libbb/get_last_path_component.o
#17 57.36   CC      networking/tcpudp.o
#17 57.39   CC      util-linux/volume_id/squashfs.o
#17 57.41   CC      libbb/get_line_from_file.o
#17 57.43   CC      networking/tcpudp_perhost.o
#17 57.46   CC      util-linux/hwclock.o
#17 57.47   CC      util-linux/volume_id/sysv.o
#17 57.54   CC      networking/telnet.o
#17 57.56   CC      coreutils/printenv.o
#17 57.57   CC      miscutils/ttysize.o
#17 57.79   CC      networking/telnetd.o
#17 57.80   CC      util-linux/volume_id/ubifs.o
#17 57.85   CC      util-linux/volume_id/udf.o
#17 57.88   CC      libbb/get_shell_name.o
#17 57.93   CC      util-linux/ionice.o
#17 57.93   CC      miscutils/ubi_tools.o
#17 58.00   CC      coreutils/printf.o
#17 58.04   CC      util-linux/volume_id/util.o
#17 58.15   CC      util-linux/volume_id/volume_id.o
#17 58.16   CC      util-linux/ipcrm.o
#17 58.19   CC      util-linux/volume_id/xfs.o
#17 58.25   CC      miscutils/ubirename.o
#17 58.30   CC      libbb/get_volsize.o
#17 58.42   CC      miscutils/volname.o
#17 58.46   CC      networking/tftp.o
#17 58.48   CC      miscutils/watchdog.o
#17 58.50   CC      util-linux/ipcs.o
#17 58.58   CC      libbb/getopt32.o
#17 58.58   CC      coreutils/pwd.o
#17 58.63   CC      libbb/getopt_allopts.o
#17 58.64   CC      networking/tls.o
#17 58.66 networking/tftp.c: In function 'tftpd_main':
#17 58.66 networking/tftp.c:886:15: warning: 'local_file' is used uninitialized [-Wuninitialized]
#17 58.66   886 |         char *local_file = local_file;
#17 58.66       |               ^~~~~~~~~~
#17 58.67 networking/tftp.c:886:15: note: 'local_file' was declared here
#17 58.67   886 |         char *local_file = local_file;
#17 58.67       |               ^~~~~~~~~~
#17 58.74   CC      util-linux/last_fancy.o
#17 58.78   CC      networking/tls_aes.o
#17 58.81   CC      coreutils/readlink.o
#17 58.84   CC      libbb/getpty.o
#17 58.86   CC      networking/tls_aesgcm.o
#17 58.94   CC      libbb/hash_md5_sha.o
#17 58.96   CC      networking/tls_fe.o
#17 58.97   CC      util-linux/losetup.o
#17 59.11   AR      miscutils/lib.a
#17 59.11   CC      networking/tls_pstm.o
#17 59.19   AS      libbb/hash_md5_sha256_x86-32_shaNI.o
#17 59.19   AR      util-linux/volume_id/lib.a
#17 59.22   AS      libbb/hash_md5_sha256_x86-64_shaNI.o
#17 59.26   CC      coreutils/realpath.o
#17 59.27   CC      util-linux/lspci.o
#17 59.28   AS      libbb/hash_md5_sha_x86-32_shaNI.o
#17 59.29   CC      networking/tls_pstm_montgomery_reduce.o
#17 59.30   CC      util-linux/lsusb.o
#17 59.30   CC      coreutils/rm.o
#17 59.35   CC      networking/tls_pstm_mul_comba.o
#17 59.44   CC      networking/tls_pstm_sqr_comba.o
#17 59.50   AS      libbb/hash_md5_sha_x86-64.o
#17 59.53   CC      util-linux/mdev.o
#17 59.57   CC      coreutils/rmdir.o
#17 59.60   AS      libbb/hash_md5_sha_x86-64_shaNI.o
#17 59.68   CC      util-linux/mesg.o
#17 59.68   CC      networking/tls_rsa.o
#17 59.72   CC      libbb/herror_msg.o
#17 59.76   CC      coreutils/seq.o
#17 59.80   CC      util-linux/mkfs_ext2.o
#17 59.83   CC      libbb/human_readable.o
#17 59.92   CC      networking/tls_sp_c32.o
#17 59.95   CC      coreutils/shred.o
#17 59.97   CC      util-linux/mkfs_minix.o
#17 60.00   CC      networking/traceroute.o
#17 60.05   CC      networking/tunctl.o
#17 60.14   CC      libbb/in_ether.o
#17 60.20   CC      util-linux/mkfs_vfat.o
#17 60.30   CC      libbb/inet_cksum.o
#17 60.50   CC      libbb/inet_common.o
#17 60.57   CC      util-linux/mkswap.o
#17 60.61   CC      util-linux/more.o
#17 60.70   CC      coreutils/shuf.o
#17 60.73   CC      coreutils/sleep.o
#17 60.77   CC      coreutils/sort.o
#17 60.83   CC      libbb/inode_hash.o
#17 60.84   CC      util-linux/mount.o
#17 60.89   CC      networking/vconfig.o
#17 60.91   CC      libbb/isdirectory.o
#17 60.92   CC      coreutils/split.o
#17 60.94   CC      networking/wget.o
#17 61.02   CC      coreutils/stat.o
#17 61.05   CC      libbb/isqrt.o
#17 61.06   CC      util-linux/mountpoint.o
#17 61.12   CC      coreutils/stty.o
#17 61.13   CC      networking/whois.o
#17 61.22   CC      coreutils/sum.o
#17 61.27   CC      networking/zcip.o
#17 61.30   CC      coreutils/sync.o
#17 61.41   CC      libbb/iterate_on_dir.o
#17 61.50   CC      util-linux/nsenter.o
#17 61.53   CC      util-linux/pivot_root.o
#17 61.54   CC      coreutils/tac.o
#17 61.60   CC      coreutils/tail.o
#17 61.64   CC      coreutils/tee.o
#17 61.81   CC      coreutils/test.o
#17 61.91   CC      coreutils/test_ptr_hack.o
#17 61.97   CC      coreutils/touch.o
#17 61.98   CC      util-linux/rdate.o
#17 61.99   CC      coreutils/timeout.o
#17 62.01   CC      util-linux/rdev.o
#17 62.09   CC      util-linux/readprofile.o
#17 62.24   CC      coreutils/tr.o
#17 62.24   CC      libbb/kernel_version.o
#17 62.33   CC      libbb/last_char_is.o
#17 62.37   CC      libbb/lineedit.o
#17 62.47   CC      util-linux/renice.o
#17 62.58   CC      coreutils/true.o
#17 62.59   CC      util-linux/rev.o
#17 62.68   CC      libbb/lineedit_ptr_hack.o
#17 62.69   CC      coreutils/truncate.o
#17 62.70   CC      util-linux/rtcwake.o
#17 62.80   CC      libbb/llist.o
#17 62.84   CC      coreutils/tsort.o
#17 62.89   CC      libbb/logenv.o
#17 63.00   CC      libbb/login.o
#17 63.02   CC      coreutils/tty.o
#17 63.04   CC      util-linux/script.o
#17 63.07   CC      util-linux/scriptreplay.o
#17 63.20   CC      coreutils/uname.o
#17 63.28   CC      util-linux/setarch.o
#17 63.39   CC      libbb/loop.o
#17 63.49   CC      libbb/make_directory.o
#17 63.53   CC      coreutils/uniq.o
#17 63.54   CC      util-linux/setpriv.o
#17 63.56   CC      libbb/makedev.o
#17 63.57   CC      libbb/match_fstype.o
#17 63.66   CC      util-linux/setsid.o
#17 63.77   CC      coreutils/unlink.o
#17 63.81   CC      libbb/messages.o
#17 64.00   CC      libbb/missing_syscalls.o
#17 64.03   CC      coreutils/usleep.o
#17 64.07   CC      libbb/mode_string.o
#17 64.07   CC      util-linux/swaponoff.o
#17 64.12   CC      libbb/nuke_str.o
#17 64.19   CC      util-linux/switch_root.o
#17 64.21   CC      coreutils/uudecode.o
#17 64.22   CC      libbb/obscure.o
#17 64.37   CC      libbb/parse_config.o
#17 64.47   CC      util-linux/taskset.o
#17 64.49   CC      libbb/parse_mode.o
#17 64.50   CC      coreutils/uuencode.o
#17 64.58   CC      util-linux/uevent.o
#17 64.75   CC      libbb/percent_decode.o
#17 64.78   CC      util-linux/umount.o
#17 64.83   CC      libbb/perror_msg.o
#17 64.83   AR      networking/lib.a
#17 64.85   CC      libbb/perror_nomsg.o
#17 64.87   CC      libbb/perror_nomsg_and_die.o
#17 64.96   CC      coreutils/wc.o
#17 65.02   CC      util-linux/unshare.o
#17 65.06   CC      libbb/pidfile.o
#17 65.10   CC      libbb/platform.o
#17 65.14   CC      libbb/print_flags.o
#17 65.14   CC      util-linux/wall.o
#17 65.16   CC      libbb/print_numbered_lines.o
#17 65.20   CC      libbb/printable.o
#17 65.27   CC      coreutils/who.o
#17 65.28   CC      libbb/printable_string.o
#17 65.32   CC      libbb/process_escape_sequence.o
#17 65.36   CC      libbb/procps.o
#17 65.40   CC      coreutils/whoami.o
#17 65.43   CC      libbb/progress.o
#17 65.53   CC      libbb/ptr_to_globals.o
#17 65.63   CC      libbb/pw_encrypt.o
#17 65.64   CC      coreutils/yes.o
#17 65.64   CC      libbb/read.o
#17 65.65   CC      libbb/read_key.o
#17 65.66   CC      libbb/read_printf.o
#17 65.67   CC      libbb/recursive_action.o
#17 65.72   CC      libbb/remove_file.o
#17 65.78   CC      libbb/replace.o
#17 65.82   AR      util-linux/lib.a
#17 65.82   CC      libbb/rtc.o
#17 65.84   CC      libbb/run_shell.o
#17 65.91   CC      libbb/safe_gethostname.o
#17 66.02   CC      libbb/safe_poll.o
#17 66.02   CC      libbb/safe_strncpy.o
#17 66.16   CC      libbb/safe_write.o
#17 66.20   CC      libbb/securetty.o
#17 66.22   CC      libbb/setup_environment.o
#17 66.23   CC      libbb/signals.o
#17 66.24   CC      libbb/simplify_path.o
#17 66.30   CC      libbb/single_argv.o
#17 66.35   CC      libbb/skip_whitespace.o
#17 66.38   CC      libbb/speed_table.o
#17 66.50   CC      libbb/str_tolower.o
#17 66.51   CC      libbb/strrstr.o
#17 66.58   CC      libbb/sysconf.o
#17 66.60   CC      libbb/time.o
#17 66.64   CC      libbb/trim.o
#17 66.66   CC      libbb/u_signal_names.o
#17 66.66   CC      libbb/ubi.o
#17 66.67   CC      libbb/udp_io.o
#17 66.68   CC      libbb/unicode.o
#17 66.78   CC      libbb/update_passwd.o
#17 66.81   CC      libbb/utmp.o
#17 67.03   CC      libbb/uuencode.o
#17 67.05   CC      libbb/verror_msg.o
#17 67.06   CC      libbb/vfork_daemon_rexec.o
#17 67.16   CC      libbb/warn_ignoring_args.o
#17 67.24   CC      libbb/wfopen.o
#17 67.28   CC      libbb/wfopen_input.o
#17 67.29   CC      libbb/write.o
#17 67.30   CC      libbb/xatonum.o
#17 67.34   CC      libbb/xconnect.o
#17 67.44   CC      libbb/xfunc_die.o
#17 67.55   CC      libbb/xfuncs.o
#17 67.58   CC      libbb/xfuncs_printf.o
#17 67.62   CC      libbb/xgetcwd.o
#17 67.64   CC      libbb/xgethostbyname.o
#17 67.69   CC      libbb/xreadlink.o
#17 67.74   CC      libbb/xrealloc_vector.o
#17 67.80   CC      libbb/xregcomp.o
#17 67.97   AR      coreutils/lib.a
#17 69.32   AR      libbb/lib.a
#17 69.48   AR      shell/lib.a
#17 69.56   LINK    busybox_unstripped
#17 70.64 Static linking against glibc, can't use --gc-sections
#17 70.67 Trying libraries: m resolv rt
#17 ...

#15 [stage-1  3/14] RUN <<EOF (#!/bin/bash...)
#15 187.9 Selecting previously unselected package python3:riscv64.
#15 187.9 (Reading database ... (Reading database ... 5%(Reading database ... 10%(Reading database ... 15%(Reading database ... 20%(Reading database ... 25%(Reading database ... 30%(Reading database ... 35%(Reading database ... 40%(Reading database ... 45%(Reading database ... 50%(Reading database ... 55%(Reading database ... 60%(Reading database ... 65%(Reading database ... 70%(Reading database ... 75%(Reading database ... 80%(Reading database ... 85%(Reading database ... 90%(Reading database ... 95%(Reading database ... 100%(Reading database ... 6569 files and directories currently installed.)
#15 187.9 Preparing to unpack .../000-python3_3.13.5-1_riscv64.deb ...
#15 187.9 Unpacking python3:riscv64 (3.13.5-1) ...
#15 188.1 Selecting previously unselected package bzip2.
#15 188.1 Preparing to unpack .../001-bzip2_1.0.8-6_amd64.deb ...
#15 188.2 Unpacking bzip2 (1.0.8-6) ...
#15 188.4 Selecting previously unselected package openssl.
#15 188.4 Preparing to unpack .../002-openssl_3.5.7-1~deb13u2_amd64.deb ...
#15 188.5 Unpacking openssl (3.5.7-1~deb13u2) ...
#15 189.0 Selecting previously unselected package ca-certificates.
#15 189.0 Preparing to unpack .../003-ca-certificates_20250419_all.deb ...
#15 189.1 Unpacking ca-certificates (20250419) ...
#15 189.4 Selecting previously unselected package perl-modules-5.40.
#15 189.4 Preparing to unpack .../004-perl-modules-5.40_5.40.1-6+deb13u1_all.deb ...
#15 189.4 Unpacking perl-modules-5.40 (5.40.1-6+deb13u1) ...
#15 190.4 Selecting previously unselected package libgdbm6t64:amd64.
#15 190.4 Preparing to unpack .../005-libgdbm6t64_1.24-2_amd64.deb ...
#15 190.4 Unpacking libgdbm6t64:amd64 (1.24-2) ...
#15 190.7 Selecting previously unselected package libgdbm-compat4t64:amd64.
#15 190.7 Preparing to unpack .../006-libgdbm-compat4t64_1.24-2_amd64.deb ...
#15 190.7 Unpacking libgdbm-compat4t64:amd64 (1.24-2) ...
#15 191.0 Selecting previously unselected package libperl5.40:amd64.
#15 191.0 Preparing to unpack .../007-libperl5.40_5.40.1-6+deb13u1_amd64.deb ...
#15 191.0 Unpacking libperl5.40:amd64 (5.40.1-6+deb13u1) ...
#15 192.1 Selecting previously unselected package perl.
#15 192.1 Preparing to unpack .../008-perl_5.40.1-6+deb13u1_amd64.deb ...
#15 192.1 Unpacking perl (5.40.1-6+deb13u1) ...
#15 192.5 Selecting previously unselected package libunistring5:amd64.
#15 192.5 Preparing to unpack .../009-libunistring5_1.3-2_amd64.deb ...
#15 192.5 Unpacking libunistring5:amd64 (1.3-2) ...
#15 192.8 Selecting previously unselected package libidn2-0:amd64.
#15 192.8 Preparing to unpack .../010-libidn2-0_2.3.8-2_amd64.deb ...
#15 192.9 Unpacking libidn2-0:amd64 (2.3.8-2) ...
#15 193.1 Selecting previously unselected package libffi8:amd64.
#15 193.1 Preparing to unpack .../011-libffi8_3.4.8-2_amd64.deb ...
#15 193.2 Unpacking libffi8:amd64 (3.4.8-2) ...
#15 193.5 Selecting previously unselected package libp11-kit0:amd64.
#15 193.5 Preparing to unpack .../012-libp11-kit0_0.25.5-3_amd64.deb ...
#15 193.5 Unpacking libp11-kit0:amd64 (0.25.5-3) ...
#15 193.9 Selecting previously unselected package libtasn1-6:amd64.
#15 193.9 Preparing to unpack .../013-libtasn1-6_4.20.0-2+deb13u1_amd64.deb ...
#15 193.9 Unpacking libtasn1-6:amd64 (4.20.0-2+deb13u1) ...
#15 194.2 Selecting previously unselected package libgnutls30t64:amd64.
#15 194.2 Preparing to unpack .../014-libgnutls30t64_3.8.9-3+deb13u4_amd64.deb ...
#15 194.2 Unpacking libgnutls30t64:amd64 (3.8.9-3+deb13u4) ...
#15 194.7 Selecting previously unselected package libpsl5t64:amd64.
#15 194.7 Preparing to unpack .../015-libpsl5t64_0.21.2-1.1+b1_amd64.deb ...
#15 194.7 Unpacking libpsl5t64:amd64 (0.21.2-1.1+b1) ...
#15 194.9 Selecting previously unselected package wget.
#15 194.9 Preparing to unpack .../016-wget_1.25.0-2_amd64.deb ...
#15 195.0 Unpacking wget (1.25.0-2) ...
#15 195.4 Selecting previously unselected package xz-utils.
#15 195.4 Preparing to unpack .../017-xz-utils_5.8.1-1+deb13u1_amd64.deb ...
#15 195.4 Unpacking xz-utils (5.8.1-1+deb13u1) ...
#15 195.7 Selecting previously unselected package autoconf.
#15 195.7 Preparing to unpack .../018-autoconf_2.72-3.1_all.deb ...
#15 195.7 Unpacking autoconf (2.72-3.1) ...
#15 196.1 Selecting previously unselected package autotools-dev.
#15 196.1 Preparing to unpack .../019-autotools-dev_20240727.1_all.deb ...
#15 196.1 Unpacking autotools-dev (20240727.1) ...
#15 196.4 Selecting previously unselected package automake.
#15 196.4 Preparing to unpack .../020-automake_1%3a1.17-4_all.deb ...
#15 196.4 Unpacking automake (1:1.17-4) ...
#15 196.7 Selecting previously unselected package libsframe1:amd64.
#15 196.7 Preparing to unpack .../021-libsframe1_2.44-3_amd64.deb ...
#15 196.8 Unpacking libsframe1:amd64 (2.44-3) ...
#15 197.0 Selecting previously unselected package binutils-common:amd64.
#15 197.0 Preparing to unpack .../022-binutils-common_2.44-3_amd64.deb ...
#15 197.0 Unpacking binutils-common:amd64 (2.44-3) ...
#15 197.6 Selecting previously unselected package libbinutils:amd64.
#15 197.6 Preparing to unpack .../023-libbinutils_2.44-3_amd64.deb ...
#15 197.7 Unpacking libbinutils:amd64 (2.44-3) ...
#15 198.0 Selecting previously unselected package libgprofng0:amd64.
#15 198.0 Preparing to unpack .../024-libgprofng0_2.44-3_amd64.deb ...
#15 198.0 Unpacking libgprofng0:amd64 (2.44-3) ...
#15 198.4 Selecting previously unselected package libctf-nobfd0:amd64.
#15 198.4 Preparing to unpack .../025-libctf-nobfd0_2.44-3_amd64.deb ...
#15 198.4 Unpacking libctf-nobfd0:amd64 (2.44-3) ...
#15 198.7 Selecting previously unselected package libctf0:amd64.
#15 198.7 Preparing to unpack .../026-libctf0_2.44-3_amd64.deb ...
#15 198.7 Unpacking libctf0:amd64 (2.44-3) ...
#15 199.0 Selecting previously unselected package libjansson4:amd64.
#15 199.0 Preparing to unpack .../027-libjansson4_2.14-2+b3_amd64.deb ...
#15 199.1 Unpacking libjansson4:amd64 (2.14-2+b3) ...
#15 199.2 Selecting previously unselected package binutils-x86-64-linux-gnu.
#15 199.2 Preparing to unpack .../028-binutils-x86-64-linux-gnu_2.44-3_amd64.deb ...
#15 199.3 Unpacking binutils-x86-64-linux-gnu (2.44-3) ...
#15 199.8 Selecting previously unselected package binutils.
#15 199.8 Preparing to unpack .../029-binutils_2.44-3_amd64.deb ...
#15 199.8 Unpacking binutils (2.44-3) ...
#15 200.1 Selecting previously unselected package binutils-riscv64-linux-gnu.
#15 200.1 Preparing to unpack .../030-binutils-riscv64-linux-gnu_2.44-3_amd64.deb ...
#15 200.2 Unpacking binutils-riscv64-linux-gnu (2.44-3) ...
#15 201.1 Selecting previously unselected package bison.
#15 201.1 Preparing to unpack .../031-bison_2%3a3.8.2+dfsg-1+b2_amd64.deb ...
#15 ...

#17 [busybox-builder 4/4] RUN     curl -fsSLO https://busybox.net/downloads/busybox-1.36.1.tar.bz2 &&     tar -xf busybox-1.36.1.tar.bz2 -C /busybox --strip-components=1 &&     cd /busybox &&     make defconfig &&     sed "/CONFIG_STATIC\b/s/.*/CONFIG_STATIC=y/" -i .config &&     sed -i 's/CONFIG_TC=y/# CONFIG_TC is not set/' .config &&     make -j$(grep -c '^processor' /proc/cpuinfo) &&     make install CONFIG_PREFIX=/busybox-install
#17 74.18  Library m is needed, can't exclude it (yet)
#17 75.20  Library resolv is needed, can't exclude it (yet)
#17 77.12  Library rt is not needed, excluding it
#17 78.13  Library m is needed, can't exclude it (yet)
#17 79.29  Library resolv is needed, can't exclude it (yet)
#17 79.29 Final link with: m resolv
#17 ...

#15 [stage-1  3/14] RUN <<EOF (#!/bin/bash...)
#15 201.1 Unpacking bison (2:3.8.2+dfsg-1+b2) ...
#15 201.4 Selecting previously unselected package libc-dev-bin.
#15 201.4 Preparing to unpack .../032-libc-dev-bin_2.41-12+deb13u4_amd64.deb ...
#15 201.4 Unpacking libc-dev-bin (2.41-12+deb13u4) ...
#15 201.6 Selecting previously unselected package linux-libc-dev.
#15 201.6 Preparing to unpack .../033-linux-libc-dev_6.12.107-1_all.deb ...
#15 201.6 Unpacking linux-libc-dev (6.12.107-1) ...
#15 202.8 Selecting previously unselected package libcrypt-dev:amd64.
#15 202.8 Preparing to unpack .../034-libcrypt-dev_1%3a4.4.38-1_amd64.deb ...
#15 202.8 Unpacking libcrypt-dev:amd64 (1:4.4.38-1) ...
#15 203.0 Selecting previously unselected package rpcsvc-proto.
#15 203.0 Preparing to unpack .../035-rpcsvc-proto_1.4.3-1_amd64.deb ...
#15 203.1 Unpacking rpcsvc-proto (1.4.3-1) ...
#15 203.3 Selecting previously unselected package libc6-dev:amd64.
#15 203.3 Preparing to unpack .../036-libc6-dev_2.41-12+deb13u4_amd64.deb ...
#15 203.4 Unpacking libc6-dev:amd64 (2.41-12+deb13u4) ...
#15 203.9 Selecting previously unselected package libisl23:amd64.
#15 203.9 Preparing to unpack .../037-libisl23_0.27-1_amd64.deb ...
#15 203.9 Unpacking libisl23:amd64 (0.27-1) ...
#15 204.2 Selecting previously unselected package libmpfr6:amd64.
#15 204.2 Preparing to unpack .../038-libmpfr6_4.2.2-1_amd64.deb ...
#15 204.2 Unpacking libmpfr6:amd64 (4.2.2-1) ...
#15 204.5 Selecting previously unselected package libmpc3:amd64.
#15 204.5 Preparing to unpack .../039-libmpc3_1.3.1-1+b3_amd64.deb ...
#15 204.6 Unpacking libmpc3:amd64 (1.3.1-1+b3) ...
#15 204.7 Selecting previously unselected package cpp-14-x86-64-linux-gnu.
#15 204.7 Preparing to unpack .../040-cpp-14-x86-64-linux-gnu_14.2.0-19_amd64.deb ...
#15 204.8 Unpacking cpp-14-x86-64-linux-gnu (14.2.0-19) ...
#15 206.2 Selecting previously unselected package cpp-14.
#15 206.2 Preparing to unpack .../041-cpp-14_14.2.0-19_amd64.deb ...
#15 206.2 Unpacking cpp-14 (14.2.0-19) ...
#15 206.4 Selecting previously unselected package cpp-x86-64-linux-gnu.
#15 206.4 Preparing to unpack .../042-cpp-x86-64-linux-gnu_4%3a14.2.0-1_amd64.deb ...
#15 206.5 Unpacking cpp-x86-64-linux-gnu (4:14.2.0-1) ...
#15 206.7 Selecting previously unselected package cpp.
#15 206.7 Preparing to unpack .../043-cpp_4%3a14.2.0-1_amd64.deb ...
#15 206.8 Unpacking cpp (4:14.2.0-1) ...
#15 ...

#17 [busybox-builder 4/4] RUN     curl -fsSLO https://busybox.net/downloads/busybox-1.36.1.tar.bz2 &&     tar -xf busybox-1.36.1.tar.bz2 -C /busybox --strip-components=1 &&     cd /busybox &&     make defconfig &&     sed "/CONFIG_STATIC\b/s/.*/CONFIG_STATIC=y/" -i .config &&     sed -i 's/CONFIG_TC=y/# CONFIG_TC is not set/' .config &&     make -j$(grep -c '^processor' /proc/cpuinfo) &&     make install CONFIG_PREFIX=/busybox-install
#17 90.13   /busybox-install//bin/arch -> busybox
#17 90.14   /busybox-install//bin/ash -> busybox
#17 90.17   /busybox-install//bin/base32 -> busybox
#17 90.19   /busybox-install//bin/base64 -> busybox
#17 90.20   /busybox-install//bin/cat -> busybox
#17 90.21   /busybox-install//bin/chattr -> busybox
#17 90.23   /busybox-install//bin/chgrp -> busybox
#17 90.25   /busybox-install//bin/chmod -> busybox
#17 90.26   /busybox-install//bin/chown -> busybox
#17 90.28   /busybox-install//bin/conspy -> busybox
#17 90.29   /busybox-install//bin/cp -> busybox
#17 90.32   /busybox-install//bin/cpio -> busybox
#17 90.33   /busybox-install//bin/cttyhack -> busybox
#17 90.35   /busybox-install//bin/date -> busybox
#17 90.38   /busybox-install//bin/dd -> busybox
#17 90.40   /busybox-install//bin/df -> busybox
#17 90.42   /busybox-install//bin/dmesg -> busybox
#17 90.45   /busybox-install//bin/dnsdomainname -> busybox
#17 90.46   /busybox-install//bin/dumpkmap -> busybox
#17 90.50   /busybox-install//bin/echo -> busybox
#17 90.50   /busybox-install//bin/ed -> busybox
#17 90.52   /busybox-install//bin/egrep -> busybox
#17 90.53   /busybox-install//bin/false -> busybox
#17 90.56   /busybox-install//bin/fatattr -> busybox
#17 90.61   /busybox-install//bin/fdflush -> busybox
#17 90.63   /busybox-install//bin/fgrep -> busybox
#17 90.66   /busybox-install//bin/fsync -> busybox
#17 90.72   /busybox-install//bin/getopt -> busybox
#17 90.75   /busybox-install//bin/grep -> busybox
#17 90.77   /busybox-install//bin/gunzip -> busybox
#17 90.81   /busybox-install//bin/gzip -> busybox
#17 90.84   /busybox-install//bin/hostname -> busybox
#17 90.84   /busybox-install//bin/hush -> busybox
#17 90.86   /busybox-install//bin/ionice -> busybox
#17 90.87   /busybox-install//bin/iostat -> busybox
#17 90.90   /busybox-install//bin/ipcalc -> busybox
#17 90.94   /busybox-install//bin/kbd_mode -> busybox
#17 90.95   /busybox-install//bin/kill -> busybox
#17 90.97   /busybox-install//bin/link -> busybox
#17 90.98   /busybox-install//bin/linux32 -> busybox
#17 91.00   /busybox-install//bin/linux64 -> busybox
#17 91.01   /busybox-install//bin/ln -> busybox
#17 91.01   /busybox-install//bin/login -> busybox
#17 91.03   /busybox-install//bin/ls -> busybox
#17 91.08   /busybox-install//bin/lsattr -> busybox
#17 91.12   /busybox-install//bin/lzop -> busybox
#17 91.15   /busybox-install//bin/makemime -> busybox
#17 91.17   /busybox-install//bin/mkdir -> busybox
#17 91.19   /busybox-install//bin/mknod -> busybox
#17 91.20   /busybox-install//bin/mktemp -> busybox
#17 91.22   /busybox-install//bin/more -> busybox
#17 91.28   /busybox-install//bin/mount -> busybox
#17 91.30   /busybox-install//bin/mountpoint -> busybox
#17 91.31   /busybox-install//bin/mpstat -> busybox
#17 91.32   /busybox-install//bin/mt -> busybox
#17 91.34   /busybox-install//bin/mv -> busybox
#17 91.35   /busybox-install//bin/netstat -> busybox
#17 91.36   /busybox-install//bin/nice -> busybox
#17 91.37   /busybox-install//bin/pidof -> busybox
#17 91.39   /busybox-install//bin/ping -> busybox
#17 91.45   /busybox-install//bin/ping6 -> busybox
#17 91.48   /busybox-install//bin/pipe_progress -> busybox
#17 91.56   /busybox-install//bin/printenv -> busybox
#17 91.59   /busybox-install//bin/ps -> busybox
#17 91.62   /busybox-install//bin/pwd -> busybox
#17 91.64   /busybox-install//bin/reformime -> busybox
#17 91.66   /busybox-install//bin/resume -> busybox
#17 91.68   /busybox-install//bin/rev -> busybox
#17 91.73   /busybox-install//bin/rm -> busybox
#17 91.75   /busybox-install//bin/rmdir -> busybox
#17 91.79   /busybox-install//bin/rpm -> busybox
#17 91.80   /busybox-install//bin/run-parts -> busybox
#17 91.82   /busybox-install//bin/scriptreplay -> busybox
#17 91.83   /busybox-install//bin/sed -> busybox
#17 91.88   /busybox-install//bin/setarch -> busybox
#17 91.95   /busybox-install//bin/setpriv -> busybox
#17 91.96   /busybox-install//bin/setserial -> busybox
#17 92.00   /busybox-install//bin/sh -> busybox
#17 92.02   /busybox-install//bin/sleep -> busybox
#17 92.07   /busybox-install//bin/stat -> busybox
#17 92.10   /busybox-install//bin/stty -> busybox
#17 92.11   /busybox-install//bin/su -> busybox
#17 92.12   /busybox-install//bin/sync -> busybox
#17 92.12   /busybox-install//bin/tar -> busybox
#17 92.15   /busybox-install//bin/touch -> busybox
#17 92.15   /busybox-install//bin/true -> busybox
#17 92.17   /busybox-install//bin/umount -> busybox
#17 92.20   /busybox-install//bin/uname -> busybox
#17 92.21   /busybox-install//bin/usleep -> busybox
#17 92.27   /busybox-install//bin/vi -> busybox
#17 92.30   /busybox-install//bin/watch -> busybox
#17 92.30   /busybox-install//bin/zcat -> busybox
#17 92.32   /busybox-install//linuxrc -> bin/busybox
#17 92.33   /busybox-install//sbin/acpid -> ../bin/busybox
#17 92.35   /busybox-install//sbin/adjtimex -> ../bin/busybox
#17 92.37   /busybox-install//sbin/arp -> ../bin/busybox
#17 92.41   /busybox-install//sbin/blkid -> ../bin/busybox
#17 92.46   /busybox-install//sbin/blockdev -> ../bin/busybox
#17 92.48   /busybox-install//sbin/bootchartd -> ../bin/busybox
#17 92.53   /busybox-install//sbin/depmod -> ../bin/busybox
#17 92.55   /busybox-install//sbin/devmem -> ../bin/busybox
#17 92.57   /busybox-install//sbin/fbsplash -> ../bin/busybox
#17 92.60   /busybox-install//sbin/fdisk -> ../bin/busybox
#17 92.61   /busybox-install//sbin/findfs -> ../bin/busybox
#17 92.64   /busybox-install//sbin/freeramdisk -> ../bin/busybox
#17 92.66   /busybox-install//sbin/fsck -> ../bin/busybox
#17 92.69   /busybox-install//sbin/fsck.minix -> ../bin/busybox
#17 92.71   /busybox-install//sbin/fstrim -> ../bin/busybox
#17 92.74   /busybox-install//sbin/getty -> ../bin/busybox
#17 92.74   /busybox-install//sbin/halt -> ../bin/busybox
#17 92.76   /busybox-install//sbin/hdparm -> ../bin/busybox
#17 92.77   /busybox-install//sbin/hwclock -> ../bin/busybox
#17 92.82   /busybox-install//sbin/ifconfig -> ../bin/busybox
#17 92.82   /busybox-install//sbin/ifdown -> ../bin/busybox
#17 92.83   /busybox-install//sbin/ifenslave -> ../bin/busybox
#17 92.88   /busybox-install//sbin/ifup -> ../bin/busybox
#17 92.88   /busybox-install//sbin/init -> ../bin/busybox
#17 92.90   /busybox-install//sbin/insmod -> ../bin/busybox
#17 92.95   /busybox-install//sbin/ip -> ../bin/busybox
#17 92.95   /busybox-install//sbin/ipaddr -> ../bin/busybox
#17 92.98   /busybox-install//sbin/iplink -> ../bin/busybox
#17 92.99   /busybox-install//sbin/ipneigh -> ../bin/busybox
#17 93.00   /busybox-install//sbin/iproute -> ../bin/busybox
#17 93.00   /busybox-install//sbin/iprule -> ../bin/busybox
#17 93.01   /busybox-install//sbin/iptunnel -> ../bin/busybox
#17 93.02   /busybox-install//sbin/klogd -> ../bin/busybox
#17 93.05   /busybox-install//sbin/loadkmap -> ../bin/busybox
#17 93.06   /busybox-install//sbin/logread -> ../bin/busybox
#17 93.07   /busybox-install//sbin/losetup -> ../bin/busybox
#17 93.09   /busybox-install//sbin/lsmod -> ../bin/busybox
#17 93.12   /busybox-install//sbin/makedevs -> ../bin/busybox
#17 93.14   /busybox-install//sbin/mdev -> ../bin/busybox
#17 93.15   /busybox-install//sbin/mkdosfs -> ../bin/busybox
#17 93.16   /busybox-install//sbin/mke2fs -> ../bin/busybox
#17 93.17   /busybox-install//sbin/mkfs.ext2 -> ../bin/busybox
#17 93.24   /busybox-install//sbin/mkfs.minix -> ../bin/busybox
#17 93.28   /busybox-install//sbin/mkfs.vfat -> ../bin/busybox
#17 93.31   /busybox-install//sbin/mkswap -> ../bin/busybox
#17 93.32   /busybox-install//sbin/modinfo -> ../bin/busybox
#17 93.34   /busybox-install//sbin/modprobe -> ../bin/busybox
#17 93.38   /busybox-install//sbin/nameif -> ../bin/busybox
#17 93.39   /busybox-install//sbin/pivot_root -> ../bin/busybox
#17 93.40   /busybox-install//sbin/poweroff -> ../bin/busybox
#17 93.41   /busybox-install//sbin/raidautorun -> ../bin/busybox
#17 93.42   /busybox-install//sbin/reboot -> ../bin/busybox
#17 93.42   /busybox-install//sbin/rmmod -> ../bin/busybox
#17 93.43   /busybox-install//sbin/route -> ../bin/busybox
#17 93.44   /busybox-install//sbin/run-init -> ../bin/busybox
#17 93.47   /busybox-install//sbin/runlevel -> ../bin/busybox
#17 93.55   /busybox-install//sbin/setconsole -> ../bin/busybox
#17 93.56   /busybox-install//sbin/slattach -> ../bin/busybox
#17 93.58   /busybox-install//sbin/start-stop-daemon -> ../bin/busybox
#17 93.63   /busybox-install//sbin/sulogin -> ../bin/busybox
#17 93.65   /busybox-install//sbin/swapoff -> ../bin/busybox
#17 93.65   /busybox-install//sbin/swapon -> ../bin/busybox
#17 93.66   /busybox-install//sbin/switch_root -> ../bin/busybox
#17 93.73   /busybox-install//sbin/sysctl -> ../bin/busybox
#17 93.74   /busybox-install//sbin/syslogd -> ../bin/busybox
#17 93.75   /busybox-install//sbin/tunctl -> ../bin/busybox
#17 93.76   /busybox-install//sbin/udhcpc -> ../bin/busybox
#17 93.78   /busybox-install//sbin/uevent -> ../bin/busybox
#17 93.79   /busybox-install//sbin/vconfig -> ../bin/busybox
#17 93.81   /busybox-install//sbin/watchdog -> ../bin/busybox
#17 93.83   /busybox-install//sbin/zcip -> ../bin/busybox
#17 93.85   /busybox-install//usr/bin/[ -> ../../bin/busybox
#17 93.86   /busybox-install//usr/bin/[[ -> ../../bin/busybox
#17 93.88   /busybox-install//usr/bin/ascii -> ../../bin/busybox
#17 93.91   /busybox-install//usr/bin/awk -> ../../bin/busybox
#17 93.92   /busybox-install//usr/bin/basename -> ../../bin/busybox
#17 93.93   /busybox-install//usr/bin/bc -> ../../bin/busybox
#17 93.94   /busybox-install//usr/bin/beep -> ../../bin/busybox
#17 94.02   /busybox-install//usr/bin/blkdiscard -> ../../bin/busybox
#17 94.04   /busybox-install//usr/bin/bunzip2 -> ../../bin/busybox
#17 94.09   /busybox-install//usr/bin/bzcat -> ../../bin/busybox
#17 94.12   /busybox-install//usr/bin/bzip2 -> ../../bin/busybox
#17 94.18   /busybox-install//usr/bin/cal -> ../../bin/busybox
#17 94.22   /busybox-install//usr/bin/chpst -> ../../bin/busybox
#17 94.28   /busybox-install//usr/bin/chrt -> ../../bin/busybox
#17 94.28   /busybox-install//usr/bin/chvt -> ../../bin/busybox
#17 94.32   /busybox-install//usr/bin/cksum -> ../../bin/busybox
#17 94.42   /busybox-install//usr/bin/clear -> ../../bin/busybox
#17 94.45   /busybox-install//usr/bin/cmp -> ../../bin/busybox
#17 94.49   /busybox-install//usr/bin/comm -> ../../bin/busybox
#17 94.49   /busybox-install//usr/bin/crc32 -> ../../bin/busybox
#17 94.55   /busybox-install//usr/bin/crontab -> ../../bin/busybox
#17 94.59   /busybox-install//usr/bin/cryptpw -> ../../bin/busybox
#17 94.63   /busybox-install//usr/bin/cut -> ../../bin/busybox
#17 94.67   /busybox-install//usr/bin/dc -> ../../bin/busybox
#17 94.72   /busybox-install//usr/bin/deallocvt -> ../../bin/busybox
#17 94.72   /busybox-install//usr/bin/diff -> ../../bin/busybox
#17 94.73   /busybox-install//usr/bin/dirname -> ../../bin/busybox
#17 94.74   /busybox-install//usr/bin/dos2unix -> ../../bin/busybox
#17 94.82   /busybox-install//usr/bin/dpkg -> ../../bin/busybox
#17 94.88   /busybox-install//usr/bin/dpkg-deb -> ../../bin/busybox
#17 94.91   /busybox-install//usr/bin/du -> ../../bin/busybox
#17 94.94   /busybox-install//usr/bin/dumpleases -> ../../bin/busybox
#17 95.04   /busybox-install//usr/bin/eject -> ../../bin/busybox
#17 95.04   /busybox-install//usr/bin/env -> ../../bin/busybox
#17 95.07   /busybox-install//usr/bin/envdir -> ../../bin/busybox
#17 95.10   /busybox-install//usr/bin/envuidgid -> ../../bin/busybox
#17 95.13   /busybox-install//usr/bin/expand -> ../../bin/busybox
#17 95.17   /busybox-install//usr/bin/expr -> ../../bin/busybox
#17 95.19   /busybox-install//usr/bin/factor -> ../../bin/busybox
#17 95.22   /busybox-install//usr/bin/fallocate -> ../../bin/busybox
#17 95.23   /busybox-install//usr/bin/fgconsole -> ../../bin/busybox
#17 95.24   /busybox-install//usr/bin/find -> ../../bin/busybox
#17 95.26   /busybox-install//usr/bin/flock -> ../../bin/busybox
#17 95.31   /busybox-install//usr/bin/fold -> ../../bin/busybox
#17 95.32   /busybox-install//usr/bin/free -> ../../bin/busybox
#17 95.33   /busybox-install//usr/bin/ftpget -> ../../bin/busybox
#17 95.34   /busybox-install//usr/bin/ftpput -> ../../bin/busybox
#17 95.35   /busybox-install//usr/bin/fuser -> ../../bin/busybox
#17 95.36   /busybox-install//usr/bin/groups -> ../../bin/busybox
#17 95.38   /busybox-install//usr/bin/hd -> ../../bin/busybox
#17 95.38   /busybox-install//usr/bin/head -> ../../bin/busybox
#17 95.42   /busybox-install//usr/bin/hexdump -> ../../bin/busybox
#17 95.44   /busybox-install//usr/bin/hexedit -> ../../bin/busybox
#17 95.46   /busybox-install//usr/bin/hostid -> ../../bin/busybox
#17 95.47   /busybox-install//usr/bin/id -> ../../bin/busybox
#17 95.49   /busybox-install//usr/bin/install -> ../../bin/busybox
#17 95.54   /busybox-install//usr/bin/ipcrm -> ../../bin/busybox
#17 95.58   /busybox-install//usr/bin/ipcs -> ../../bin/busybox
#17 95.61   /busybox-install//usr/bin/killall -> ../../bin/busybox
#17 95.63   /busybox-install//usr/bin/last -> ../../bin/busybox
#17 95.65   /busybox-install//usr/bin/less -> ../../bin/busybox
#17 95.66   /busybox-install//usr/bin/logger -> ../../bin/busybox
#17 95.66   /busybox-install//usr/bin/logname -> ../../bin/busybox
#17 95.67   /busybox-install//usr/bin/lpq -> ../../bin/busybox
#17 95.68   /busybox-install//usr/bin/lpr -> ../../bin/busybox
#17 95.70   /busybox-install//usr/bin/lsof -> ../../bin/busybox
#17 95.71   /busybox-install//usr/bin/lspci -> ../../bin/busybox
#17 95.72   /busybox-install//usr/bin/lsscsi -> ../../bin/busybox
#17 95.73   /busybox-install//usr/bin/lsusb -> ../../bin/busybox
#17 95.78   /busybox-install//usr/bin/lzcat -> ../../bin/busybox
#17 95.79   /busybox-install//usr/bin/lzma -> ../../bin/busybox
#17 95.81   /busybox-install//usr/bin/man -> ../../bin/busybox
#17 95.81   /busybox-install//usr/bin/md5sum -> ../../bin/busybox
#17 95.82   /busybox-install//usr/bin/mesg -> ../../bin/busybox
#17 95.84   /busybox-install//usr/bin/microcom -> ../../bin/busybox
#17 95.84   /busybox-install//usr/bin/mkfifo -> ../../bin/busybox
#17 95.85   /busybox-install//usr/bin/mkpasswd -> ../../bin/busybox
#17 95.87   /busybox-install//usr/bin/nc -> ../../bin/busybox
#17 95.88   /busybox-install//usr/bin/nl -> ../../bin/busybox
#17 95.90   /busybox-install//usr/bin/nmeter -> ../../bin/busybox
#17 95.90   /busybox-install//usr/bin/nohup -> ../../bin/busybox
#17 95.90   /busybox-install//usr/bin/nproc -> ../../bin/busybox
#17 95.90   /busybox-install//usr/bin/nsenter -> ../../bin/busybox
#17 95.92   /busybox-install//usr/bin/nslookup -> ../../bin/busybox
#17 95.92   /busybox-install//usr/bin/od -> ../../bin/busybox
#17 95.93   /busybox-install//usr/bin/openvt -> ../../bin/busybox
#17 95.93   /busybox-install//usr/bin/passwd -> ../../bin/busybox
#17 95.94   /busybox-install//usr/bin/paste -> ../../bin/busybox
#17 95.95   /busybox-install//usr/bin/patch -> ../../bin/busybox
#17 95.96   /busybox-install//usr/bin/pgrep -> ../../bin/busybox
#17 95.98   /busybox-install//usr/bin/pkill -> ../../bin/busybox
#17 96.01   /busybox-install//usr/bin/pmap -> ../../bin/busybox
#17 96.05   /busybox-install//usr/bin/printf -> ../../bin/busybox
#17 96.08   /busybox-install//usr/bin/pscan -> ../../bin/busybox
#17 96.11   /busybox-install//usr/bin/pstree -> ../../bin/busybox
#17 96.13   /busybox-install//usr/bin/pwdx -> ../../bin/busybox
#17 96.17   /busybox-install//usr/bin/readlink -> ../../bin/busybox
#17 96.21   /busybox-install//usr/bin/realpath -> ../../bin/busybox
#17 96.25   /busybox-install//usr/bin/renice -> ../../bin/busybox
#17 96.26   /busybox-install//usr/bin/reset -> ../../bin/busybox
#17 96.31   /busybox-install//usr/bin/resize -> ../../bin/busybox
#17 96.32   /busybox-install//usr/bin/rpm2cpio -> ../../bin/busybox
#17 96.33   /busybox-install//usr/bin/runsv -> ../../bin/busybox
#17 96.35   /busybox-install//usr/bin/runsvdir -> ../../bin/busybox
#17 96.36   /busybox-install//usr/bin/rx -> ../../bin/busybox
#17 96.38   /busybox-install//usr/bin/script -> ../../bin/busybox
#17 96.40   /busybox-install//usr/bin/seq -> ../../bin/busybox
#17 96.40   /busybox-install//usr/bin/setfattr -> ../../bin/busybox
#17 96.41   /busybox-install//usr/bin/setkeycodes -> ../../bin/busybox
#17 96.42   /busybox-install//usr/bin/setsid -> ../../bin/busybox
#17 96.42   /busybox-install//usr/bin/setuidgid -> ../../bin/busybox
#17 96.43   /busybox-install//usr/bin/sha1sum -> ../../bin/busybox
#17 96.44   /busybox-install//usr/bin/sha256sum -> ../../bin/busybox
#17 96.44   /busybox-install//usr/bin/sha3sum -> ../../bin/busybox
#17 96.47   /busybox-install//usr/bin/sha512sum -> ../../bin/busybox
#17 96.47   /busybox-install//usr/bin/showkey -> ../../bin/busybox
#17 96.49   /busybox-install//usr/bin/shred -> ../../bin/busybox
#17 96.50   /busybox-install//usr/bin/shuf -> ../../bin/busybox
#17 96.52   /busybox-install//usr/bin/smemcap -> ../../bin/busybox
#17 96.52   /busybox-install//usr/bin/softlimit -> ../../bin/busybox
#17 96.53   /busybox-install//usr/bin/sort -> ../../bin/busybox
#17 96.55   /busybox-install//usr/bin/split -> ../../bin/busybox
#17 96.55   /busybox-install//usr/bin/ssl_client -> ../../bin/busybox
#17 96.56   /busybox-install//usr/bin/strings -> ../../bin/busybox
#17 96.58   /busybox-install//usr/bin/sum -> ../../bin/busybox
#17 96.58   /busybox-install//usr/bin/sv -> ../../bin/busybox
#17 96.60   /busybox-install//usr/bin/svc -> ../../bin/busybox
#17 96.63   /busybox-install//usr/bin/svok -> ../../bin/busybox
#17 96.63   /busybox-install//usr/bin/tac -> ../../bin/busybox
#17 96.63   /busybox-install//usr/bin/tail -> ../../bin/busybox
#17 96.64   /busybox-install//usr/bin/taskset -> ../../bin/busybox
#17 96.65   /busybox-install//usr/bin/tcpsvd -> ../../bin/busybox
#17 96.66   /busybox-install//usr/bin/tee -> ../../bin/busybox
#17 96.68   /busybox-install//usr/bin/telnet -> ../../bin/busybox
#17 96.71   /busybox-install//usr/bin/test -> ../../bin/busybox
#17 96.72   /busybox-install//usr/bin/tftp -> ../../bin/busybox
#17 96.74   /busybox-install//usr/bin/time -> ../../bin/busybox
#17 96.74   /busybox-install//usr/bin/timeout -> ../../bin/busybox
#17 96.76   /busybox-install//usr/bin/top -> ../../bin/busybox
#17 96.77   /busybox-install//usr/bin/tr -> ../../bin/busybox
#17 96.80   /busybox-install//usr/bin/traceroute -> ../../bin/busybox
#17 96.82   /busybox-install//usr/bin/traceroute6 -> ../../bin/busybox
#17 96.87   /busybox-install//usr/bin/tree -> ../../bin/busybox
#17 96.90   /busybox-install//usr/bin/truncate -> ../../bin/busybox
#17 96.93   /busybox-install//usr/bin/ts -> ../../bin/busybox
#17 96.95   /busybox-install//usr/bin/tsort -> ../../bin/busybox
#17 96.97   /busybox-install//usr/bin/tty -> ../../bin/busybox
#17 97.01   /busybox-install//usr/bin/ttysize -> ../../bin/busybox
#17 97.01   /busybox-install//usr/bin/udhcpc6 -> ../../bin/busybox
#17 97.03   /busybox-install//usr/bin/udpsvd -> ../../bin/busybox
#17 97.06   /busybox-install//usr/bin/unexpand -> ../../bin/busybox
#17 97.08   /busybox-install//usr/bin/uniq -> ../../bin/busybox
#17 97.09   /busybox-install//usr/bin/unix2dos -> ../../bin/busybox
#17 97.10   /busybox-install//usr/bin/unlink -> ../../bin/busybox
#17 97.13   /busybox-install//usr/bin/unlzma -> ../../bin/busybox
#17 97.15   /busybox-install//usr/bin/unshare -> ../../bin/busybox
#17 97.18   /busybox-install//usr/bin/unxz -> ../../bin/busybox
#17 97.19   /busybox-install//usr/bin/unzip -> ../../bin/busybox
#17 97.21   /busybox-install//usr/bin/uptime -> ../../bin/busybox
#17 97.23   /busybox-install//usr/bin/users -> ../../bin/busybox
#17 97.28   /busybox-install//usr/bin/uudecode -> ../../bin/busybox
#17 97.29   /busybox-install//usr/bin/uuencode -> ../../bin/busybox
#17 97.31   /busybox-install//usr/bin/vlock -> ../../bin/busybox
#17 97.33   /busybox-install//usr/bin/volname -> ../../bin/busybox
#17 97.34   /busybox-install//usr/bin/w -> ../../bin/busybox
#17 97.37   /busybox-install//usr/bin/wall -> ../../bin/busybox
#17 97.41   /busybox-install//usr/bin/wc -> ../../bin/busybox
#17 97.43   /busybox-install//usr/bin/wget -> ../../bin/busybox
#17 97.45   /busybox-install//usr/bin/which -> ../../bin/busybox
#17 97.47   /busybox-install//usr/bin/who -> ../../bin/busybox
#17 97.49   /busybox-install//usr/bin/whoami -> ../../bin/busybox
#17 97.52   /busybox-install//usr/bin/whois -> ../../bin/busybox
#17 97.55   /busybox-install//usr/bin/xargs -> ../../bin/busybox
#17 97.56   /busybox-install//usr/bin/xxd -> ../../bin/busybox
#17 97.58   /busybox-install//usr/bin/xz -> ../../bin/busybox
#17 97.59   /busybox-install//usr/bin/xzcat -> ../../bin/busybox
#17 97.61   /busybox-install//usr/bin/yes -> ../../bin/busybox
#17 97.62   /busybox-install//usr/sbin/add-shell -> ../../bin/busybox
#17 97.64   /busybox-install//usr/sbin/addgroup -> ../../bin/busybox
#17 97.65   /busybox-install//usr/sbin/adduser -> ../../bin/busybox
#17 97.66   /busybox-install//usr/sbin/arping -> ../../bin/busybox
#17 97.69   /busybox-install//usr/sbin/brctl -> ../../bin/busybox
#17 97.70   /busybox-install//usr/sbin/chat -> ../../bin/busybox
#17 97.72   /busybox-install//usr/sbin/chpasswd -> ../../bin/busybox
#17 97.74   /busybox-install//usr/sbin/chroot -> ../../bin/busybox
#17 97.75   /busybox-install//usr/sbin/crond -> ../../bin/busybox
#17 97.76   /busybox-install//usr/sbin/delgroup -> ../../bin/busybox
#17 97.79   /busybox-install//usr/sbin/deluser -> ../../bin/busybox
#17 97.83   /busybox-install//usr/sbin/dhcprelay -> ../../bin/busybox
#17 97.84   /busybox-install//usr/sbin/dnsd -> ../../bin/busybox
#17 97.87   /busybox-install//usr/sbin/ether-wake -> ../../bin/busybox
#17 97.90   /busybox-install//usr/sbin/fakeidentd -> ../../bin/busybox
#17 97.92   /busybox-install//usr/sbin/fbset -> ../../bin/busybox
#17 97.95   /busybox-install//usr/sbin/fdformat -> ../../bin/busybox
#17 97.97   /busybox-install//usr/sbin/fsfreeze -> ../../bin/busybox
#17 98.00   /busybox-install//usr/sbin/ftpd -> ../../bin/busybox
#17 98.08   /busybox-install//usr/sbin/httpd -> ../../bin/busybox
#17 98.11   /busybox-install//usr/sbin/i2cdetect -> ../../bin/busybox
#17 98.13   /busybox-install//usr/sbin/i2cdump -> ../../bin/busybox
#17 98.14   /busybox-install//usr/sbin/i2cget -> ../../bin/busybox
#17 98.16   /busybox-install//usr/sbin/i2cset -> ../../bin/busybox
#17 98.17   /busybox-install//usr/sbin/i2ctransfer -> ../../bin/busybox
#17 98.19   /busybox-install//usr/sbin/ifplugd -> ../../bin/busybox
#17 98.21   /busybox-install//usr/sbin/inetd -> ../../bin/busybox
#17 98.24   /busybox-install//usr/sbin/killall5 -> ../../bin/busybox
#17 98.26   /busybox-install//usr/sbin/loadfont -> ../../bin/busybox
#17 98.26   /busybox-install//usr/sbin/lpd -> ../../bin/busybox
#17 98.27   /busybox-install//usr/sbin/mim -> ../../bin/busybox
#17 98.28   /busybox-install//usr/sbin/nanddump -> ../../bin/busybox
#17 98.29   /busybox-install//usr/sbin/nandwrite -> ../../bin/busybox
#17 98.32   /busybox-install//usr/sbin/nbd-client -> ../../bin/busybox
#17 98.35   /busybox-install//usr/sbin/nologin -> ../../bin/busybox
#17 98.36   /busybox-install//usr/sbin/ntpd -> ../../bin/busybox
#17 98.37   /busybox-install//usr/sbin/partprobe -> ../../bin/busybox
#17 98.39   /busybox-install//usr/sbin/popmaildir -> ../../bin/busybox
#17 98.40   /busybox-install//usr/sbin/powertop -> ../../bin/busybox
#17 98.42   /busybox-install//usr/sbin/rdate -> ../../bin/busybox
#17 98.44   /busybox-install//usr/sbin/rdev -> ../../bin/busybox
#17 98.45   /busybox-install//usr/sbin/readahead -> ../../bin/busybox
#17 98.48   /busybox-install//usr/sbin/readprofile -> ../../bin/busybox
#17 98.50   /busybox-install//usr/sbin/remove-shell -> ../../bin/busybox
#17 98.53   /busybox-install//usr/sbin/rtcwake -> ../../bin/busybox
#17 98.55   /busybox-install//usr/sbin/seedrng -> ../../bin/busybox
#17 98.57   /busybox-install//usr/sbin/sendmail -> ../../bin/busybox
#17 98.59   /busybox-install//usr/sbin/setfont -> ../../bin/busybox
#17 98.61   /busybox-install//usr/sbin/setlogcons -> ../../bin/busybox
#17 98.62   /busybox-install//usr/sbin/svlogd -> ../../bin/busybox
#17 98.64   /busybox-install//usr/sbin/telnetd -> ../../bin/busybox
#17 98.68   /busybox-install//usr/sbin/tftpd -> ../../bin/busybox
#17 98.70   /busybox-install//usr/sbin/ubiattach -> ../../bin/busybox
#17 98.72   /busybox-install//usr/sbin/ubidetach -> ../../bin/busybox
#17 98.78   /busybox-install//usr/sbin/ubimkvol -> ../../bin/busybox
#17 98.83   /busybox-install//usr/sbin/ubirename -> ../../bin/busybox
#17 98.86   /busybox-install//usr/sbin/ubirmvol -> ../../bin/busybox
#17 98.88   /busybox-install//usr/sbin/ubirsvol -> ../../bin/busybox
#17 98.89   /busybox-install//usr/sbin/ubiupdatevol -> ../../bin/busybox
#17 98.93   /busybox-install//usr/sbin/udhcpd -> ../../bin/busybox
#17 98.94 
#17 98.94 
#17 98.95 --------------------------------------------------
#17 98.95 You will probably need to make your busybox binary
#17 98.95 setuid root to ensure all configured applets will
#17 98.96 work properly.
#17 98.96 --------------------------------------------------
#17 98.97 
#17 DONE 99.5s

#15 [stage-1  3/14] RUN <<EOF (#!/bin/bash...)
#15 207.0 Selecting previously unselected package libcc1-0:amd64.
#15 207.0 Preparing to unpack .../044-libcc1-0_14.2.0-19_amd64.deb ...
#15 207.0 Unpacking libcc1-0:amd64 (14.2.0-19) ...
#15 207.2 Selecting previously unselected package libgomp1:amd64.
#15 207.3 Preparing to unpack .../045-libgomp1_14.2.0-19_amd64.deb ...
#15 207.3 Unpacking libgomp1:amd64 (14.2.0-19) ...
#15 207.6 Selecting previously unselected package libitm1:amd64.
#15 207.6 Preparing to unpack .../046-libitm1_14.2.0-19_amd64.deb ...
#15 207.7 Unpacking libitm1:amd64 (14.2.0-19) ...
#15 208.0 Selecting previously unselected package libatomic1:amd64.
#15 208.0 Preparing to unpack .../047-libatomic1_14.2.0-19_amd64.deb ...
#15 208.0 Unpacking libatomic1:amd64 (14.2.0-19) ...
#15 208.5 Selecting previously unselected package libasan8:amd64.
#15 208.5 Preparing to unpack .../048-libasan8_14.2.0-19_amd64.deb ...
#15 208.6 Unpacking libasan8:amd64 (14.2.0-19) ...
#15 209.5 Selecting previously unselected package liblsan0:amd64.
#15 209.5 Preparing to unpack .../049-liblsan0_14.2.0-19_amd64.deb ...
#15 209.5 Unpacking liblsan0:amd64 (14.2.0-19) ...
#15 210.1 Selecting previously unselected package libtsan2:amd64.
#15 210.1 Preparing to unpack .../050-libtsan2_14.2.0-19_amd64.deb ...
#15 210.2 Unpacking libtsan2:amd64 (14.2.0-19) ...
#15 211.0 Selecting previously unselected package libubsan1:amd64.
#15 211.0 Preparing to unpack .../051-libubsan1_14.2.0-19_amd64.deb ...
#15 211.1 Unpacking libubsan1:amd64 (14.2.0-19) ...
#15 212.0 Selecting previously unselected package libhwasan0:amd64.
#15 212.0 Preparing to unpack .../052-libhwasan0_14.2.0-19_amd64.deb ...
#15 212.0 Unpacking libhwasan0:amd64 (14.2.0-19) ...
#15 212.6 Selecting previously unselected package libquadmath0:amd64.
#15 212.6 Preparing to unpack .../053-libquadmath0_14.2.0-19_amd64.deb ...
#15 212.6 Unpacking libquadmath0:amd64 (14.2.0-19) ...
#15 213.0 Selecting previously unselected package libgcc-14-dev:amd64.
#15 213.0 Preparing to unpack .../054-libgcc-14-dev_14.2.0-19_amd64.deb ...
#15 213.1 Unpacking libgcc-14-dev:amd64 (14.2.0-19) ...
#15 213.6 Selecting previously unselected package gcc-14-x86-64-linux-gnu.
#15 213.6 Preparing to unpack .../055-gcc-14-x86-64-linux-gnu_14.2.0-19_amd64.deb ...
#15 213.6 Unpacking gcc-14-x86-64-linux-gnu (14.2.0-19) ...
#15 215.8 Selecting previously unselected package gcc-14.
#15 215.8 Preparing to unpack .../056-gcc-14_14.2.0-19_amd64.deb ...
#15 215.9 Unpacking gcc-14 (14.2.0-19) ...
#15 216.3 Selecting previously unselected package gcc-x86-64-linux-gnu.
#15 216.3 Preparing to unpack .../057-gcc-x86-64-linux-gnu_4%3a14.2.0-1_amd64.deb ...
#15 216.3 Unpacking gcc-x86-64-linux-gnu (4:14.2.0-1) ...
#15 216.6 Selecting previously unselected package gcc.
#15 216.6 Preparing to unpack .../058-gcc_4%3a14.2.0-1_amd64.deb ...
#15 216.6 Unpacking gcc (4:14.2.0-1) ...
#15 216.9 Selecting previously unselected package libstdc++-14-dev:amd64.
#15 216.9 Preparing to unpack .../059-libstdc++-14-dev_14.2.0-19_amd64.deb ...
#15 216.9 Unpacking libstdc++-14-dev:amd64 (14.2.0-19) ...
#15 218.0 Selecting previously unselected package g++-14-x86-64-linux-gnu.
#15 218.0 Preparing to unpack .../060-g++-14-x86-64-linux-gnu_14.2.0-19_amd64.deb ...
#15 218.0 Unpacking g++-14-x86-64-linux-gnu (14.2.0-19) ...
#15 219.7 Selecting previously unselected package g++-14.
#15 219.7 Preparing to unpack .../061-g++-14_14.2.0-19_amd64.deb ...
#15 219.8 Unpacking g++-14 (14.2.0-19) ...
#15 219.9 Selecting previously unselected package g++-x86-64-linux-gnu.
#15 219.9 Preparing to unpack .../062-g++-x86-64-linux-gnu_4%3a14.2.0-1_amd64.deb ...
#15 220.0 Unpacking g++-x86-64-linux-gnu (4:14.2.0-1) ...
#15 220.1 Selecting previously unselected package g++.
#15 220.1 Preparing to unpack .../063-g++_4%3a14.2.0-1_amd64.deb ...
#15 220.2 Unpacking g++ (4:14.2.0-1) ...
#15 220.3 Selecting previously unselected package make.
#15 220.3 Preparing to unpack .../064-make_4.4.1-2_amd64.deb ...
#15 220.4 Unpacking make (4.4.1-2) ...
#15 220.7 Selecting previously unselected package libdpkg-perl.
#15 220.7 Preparing to unpack .../065-libdpkg-perl_1.22.22_all.deb ...
#15 220.7 Unpacking libdpkg-perl (1.22.22) ...
#15 221.1 Selecting previously unselected package patch.
#15 221.1 Preparing to unpack .../066-patch_2.8-2_amd64.deb ...
#15 221.1 Unpacking patch (2.8-2) ...
#15 221.4 Selecting previously unselected package dpkg-dev.
#15 221.4 Preparing to unpack .../067-dpkg-dev_1.22.22_all.deb ...
#15 221.4 Unpacking dpkg-dev (1.22.22) ...
#15 221.7 Selecting previously unselected package build-essential.
#15 221.7 Preparing to unpack .../068-build-essential_12.12_amd64.deb ...
#15 221.7 Unpacking build-essential (12.12) ...
#15 221.9 Selecting previously unselected package checkpolicy.
#15 221.9 Preparing to unpack .../069-checkpolicy_3.8.1-1_amd64.deb ...
#15 222.0 Unpacking checkpolicy (3.8.1-1) ...
#15 222.2 Selecting previously unselected package gcc-14-riscv64-linux-gnu-base:amd64.
#15 222.2 Preparing to unpack .../070-gcc-14-riscv64-linux-gnu-base_14.2.0-19cross1_amd64.deb ...
#15 222.2 Unpacking gcc-14-riscv64-linux-gnu-base:amd64 (14.2.0-19cross1) ...
#15 222.4 Selecting previously unselected package cpp-14-riscv64-linux-gnu.
#15 222.4 Preparing to unpack .../071-cpp-14-riscv64-linux-gnu_14.2.0-19cross1_amd64.deb ...
#15 222.4 Unpacking cpp-14-riscv64-linux-gnu (14.2.0-19cross1) ...
#15 224.3 Selecting previously unselected package cpp-riscv64-linux-gnu.
#15 224.3 Preparing to unpack .../072-cpp-riscv64-linux-gnu_4%3a14.2.0-1_amd64.deb ...
#15 224.3 Unpacking cpp-riscv64-linux-gnu (4:14.2.0-1) ...
#15 224.5 Selecting previously unselected package libbrotli1:amd64.
#15 224.5 Preparing to unpack .../073-libbrotli1_1.1.0-2+b7_amd64.deb ...
#15 224.6 Unpacking libbrotli1:amd64 (1.1.0-2+b7) ...
#15 224.8 Selecting previously unselected package libkrb5support0:amd64.
#15 224.8 Preparing to unpack .../074-libkrb5support0_1.21.3-5+deb13u1_amd64.deb ...
#15 224.8 Unpacking libkrb5support0:amd64 (1.21.3-5+deb13u1) ...
#15 225.1 Selecting previously unselected package libcom-err2:amd64.
#15 225.1 Preparing to unpack .../075-libcom-err2_1.47.2-3+b12_amd64.deb ...
#15 225.2 Unpacking libcom-err2:amd64 (1.47.2-3+b12) ...
#15 225.4 Selecting previously unselected package libk5crypto3:amd64.
#15 225.4 Preparing to unpack .../076-libk5crypto3_1.21.3-5+deb13u1_amd64.deb ...
#15 225.4 Unpacking libk5crypto3:amd64 (1.21.3-5+deb13u1) ...
#15 225.7 Selecting previously unselected package libkeyutils1:amd64.
#15 225.7 Preparing to unpack .../077-libkeyutils1_1.6.3-6_amd64.deb ...
#15 225.7 Unpacking libkeyutils1:amd64 (1.6.3-6) ...
#15 226.0 Selecting previously unselected package libkrb5-3:amd64.
#15 226.0 Preparing to unpack .../078-libkrb5-3_1.21.3-5+deb13u1_amd64.deb ...
#15 226.0 Unpacking libkrb5-3:amd64 (1.21.3-5+deb13u1) ...
#15 226.3 Selecting previously unselected package libgssapi-krb5-2:amd64.
#15 226.3 Preparing to unpack .../079-libgssapi-krb5-2_1.21.3-5+deb13u1_amd64.deb ...
#15 226.3 Unpacking libgssapi-krb5-2:amd64 (1.21.3-5+deb13u1) ...
#15 226.5 Selecting previously unselected package libsasl2-modules-db:amd64.
#15 226.5 Preparing to unpack .../080-libsasl2-modules-db_2.1.28+dfsg1-9_amd64.deb ...
#15 226.6 Unpacking libsasl2-modules-db:amd64 (2.1.28+dfsg1-9) ...
#15 226.8 Selecting previously unselected package libsasl2-2:amd64.
#15 226.8 Preparing to unpack .../081-libsasl2-2_2.1.28+dfsg1-9_amd64.deb ...
#15 226.8 Unpacking libsasl2-2:amd64 (2.1.28+dfsg1-9) ...
#15 227.1 Selecting previously unselected package libldap2:amd64.
#15 227.1 Preparing to unpack .../082-libldap2_2.6.10+dfsg-1_amd64.deb ...
#15 227.2 Unpacking libldap2:amd64 (2.6.10+dfsg-1) ...
#15 227.5 Selecting previously unselected package libnghttp2-14:amd64.
#15 227.5 Preparing to unpack .../083-libnghttp2-14_1.64.0-1.1+deb13u1_amd64.deb ...
#15 227.5 Unpacking libnghttp2-14:amd64 (1.64.0-1.1+deb13u1) ...
#15 227.9 Selecting previously unselected package libnghttp3-9:amd64.
#15 227.9 Preparing to unpack .../084-libnghttp3-9_1.8.0-1_amd64.deb ...
#15 227.9 Unpacking libnghttp3-9:amd64 (1.8.0-1) ...
#15 228.2 Selecting previously unselected package librtmp1:amd64.
#15 228.2 Preparing to unpack .../085-librtmp1_2.4+20151223.gitfa8646d.1-2+b5_amd64.deb ...
#15 228.2 Unpacking librtmp1:amd64 (2.4+20151223.gitfa8646d.1-2+b5) ...
#15 228.4 Selecting previously unselected package libssh2-1t64:amd64.
#15 228.4 Preparing to unpack .../086-libssh2-1t64_1.11.1-1+deb13u2_amd64.deb ...
#15 228.4 Unpacking libssh2-1t64:amd64 (1.11.1-1+deb13u2) ...
#15 228.7 Selecting previously unselected package libcurl4t64:amd64.
#15 228.7 Preparing to unpack .../087-libcurl4t64_8.14.1-2+deb13u5_amd64.deb ...
#15 228.7 Unpacking libcurl4t64:amd64 (8.14.1-2+deb13u5) ...
#15 229.0 Selecting previously unselected package curl.
#15 229.0 Preparing to unpack .../088-curl_8.14.1-2+deb13u5_amd64.deb ...
#15 229.0 Unpacking curl (8.14.1-2+deb13u5) ...
#15 229.3 Selecting previously unselected package libfdt1:amd64.
#15 229.3 Preparing to unpack .../089-libfdt1_1.7.2-2+b1_amd64.deb ...
#15 229.3 Unpacking libfdt1:amd64 (1.7.2-2+b1) ...
#15 229.6 Selecting previously unselected package libyaml-0-2:amd64.
#15 229.6 Preparing to unpack .../090-libyaml-0-2_0.2.5-2_amd64.deb ...
#15 229.7 Unpacking libyaml-0-2:amd64 (0.2.5-2) ...
#15 229.9 Selecting previously unselected package device-tree-compiler.
#15 229.9 Preparing to unpack .../091-device-tree-compiler_1.7.2-2+b1_amd64.deb ...
#15 229.9 Unpacking device-tree-compiler (1.7.2-2+b1) ...
#15 230.1 Selecting previously unselected package gcc-14-cross-base.
#15 230.1 Preparing to unpack .../092-gcc-14-cross-base_14.2.0-19cross1_all.deb ...
#15 230.2 Unpacking gcc-14-cross-base (14.2.0-19cross1) ...
#15 230.3 Selecting previously unselected package libc6-riscv64-cross.
#15 230.3 Preparing to unpack .../093-libc6-riscv64-cross_2.41-11cross1_all.deb ...
#15 230.3 Unpacking libc6-riscv64-cross (2.41-11cross1) ...
#15 230.7 Selecting previously unselected package libgcc-s1-riscv64-cross.
#15 230.7 Preparing to unpack .../094-libgcc-s1-riscv64-cross_14.2.0-19cross1_all.deb ...
#15 230.8 Unpacking libgcc-s1-riscv64-cross (14.2.0-19cross1) ...
#15 231.0 Selecting previously unselected package libgomp1-riscv64-cross.
#15 231.0 Preparing to unpack .../095-libgomp1-riscv64-cross_14.2.0-19cross1_all.deb ...
#15 231.0 Unpacking libgomp1-riscv64-cross (14.2.0-19cross1) ...
#15 231.2 Selecting previously unselected package libitm1-riscv64-cross.
#15 231.2 Preparing to unpack .../096-libitm1-riscv64-cross_14.2.0-19cross1_all.deb ...
#15 231.3 Unpacking libitm1-riscv64-cross (14.2.0-19cross1) ...
#15 231.5 Selecting previously unselected package libatomic1-riscv64-cross.
#15 231.5 Preparing to unpack .../097-libatomic1-riscv64-cross_14.2.0-19cross1_all.deb ...
#15 231.5 Unpacking libatomic1-riscv64-cross (14.2.0-19cross1) ...
#15 231.8 Selecting previously unselected package libasan8-riscv64-cross.
#15 231.8 Preparing to unpack .../098-libasan8-riscv64-cross_14.2.0-19cross1_all.deb ...
#15 231.8 Unpacking libasan8-riscv64-cross (14.2.0-19cross1) ...
#15 232.3 Selecting previously unselected package liblsan0-riscv64-cross.
#15 232.3 Preparing to unpack .../099-liblsan0-riscv64-cross_14.2.0-19cross1_all.deb ...
#15 232.4 Unpacking liblsan0-riscv64-cross (14.2.0-19cross1) ...
#15 232.7 Selecting previously unselected package libtsan2-riscv64-cross.
#15 232.7 Preparing to unpack .../100-libtsan2-riscv64-cross_14.2.0-19cross1_all.deb ...
#15 232.8 Unpacking libtsan2-riscv64-cross (14.2.0-19cross1) ...
#15 233.3 Selecting previously unselected package libstdc++6-riscv64-cross.
#15 233.4 Preparing to unpack .../101-libstdc++6-riscv64-cross_14.2.0-19cross1_all.deb ...
#15 233.4 Unpacking libstdc++6-riscv64-cross (14.2.0-19cross1) ...
#15 233.8 Selecting previously unselected package libubsan1-riscv64-cross.
#15 233.8 Preparing to unpack .../102-libubsan1-riscv64-cross_14.2.0-19cross1_all.deb ...
#15 233.8 Unpacking libubsan1-riscv64-cross (14.2.0-19cross1) ...
#15 234.3 Selecting previously unselected package libgcc-14-dev-riscv64-cross.
#15 234.3 Preparing to unpack .../103-libgcc-14-dev-riscv64-cross_14.2.0-19cross1_all.deb ...
#15 234.3 Unpacking libgcc-14-dev-riscv64-cross (14.2.0-19cross1) ...
#15 235.2 Selecting previously unselected package gcc-14-riscv64-linux-gnu.
#15 235.2 Preparing to unpack .../104-gcc-14-riscv64-linux-gnu_14.2.0-19cross1_amd64.deb ...
#15 235.2 Unpacking gcc-14-riscv64-linux-gnu (14.2.0-19cross1) ...
#15 236.8 Selecting previously unselected package gcc-riscv64-linux-gnu.
#15 236.8 Preparing to unpack .../105-gcc-riscv64-linux-gnu_4%3a14.2.0-1_amd64.deb ...
#15 236.8 Unpacking gcc-riscv64-linux-gnu (4:14.2.0-1) ...
#15 237.1 Selecting previously unselected package libelf1t64:amd64.
#15 237.1 Preparing to unpack .../106-libelf1t64_0.192-4_amd64.deb ...
#15 237.1 Unpacking libelf1t64:amd64 (0.192-4) ...
#15 237.4 Selecting previously unselected package libdw1t64:amd64.
#15 237.4 Preparing to unpack .../107-libdw1t64_0.192-4_amd64.deb ...
#15 237.4 Unpacking libdw1t64:amd64 (0.192-4) ...
#15 237.7 Selecting previously unselected package libglib2.0-0t64:amd64.
#15 237.7 Preparing to unpack .../108-libglib2.0-0t64_2.84.4-3~deb13u5_amd64.deb ...
#15 237.8 Unpacking libglib2.0-0t64:amd64 (2.84.4-3~deb13u5) ...
#15 238.2 Selecting previously unselected package libbabeltrace1:amd64.
#15 238.2 Preparing to unpack .../109-libbabeltrace1_1.5.11-4+b2_amd64.deb ...
#15 238.2 Unpacking libbabeltrace1:amd64 (1.5.11-4+b2) ...
#15 238.5 Selecting previously unselected package libngtcp2-16:amd64.
#15 238.5 Preparing to unpack .../110-libngtcp2-16_1.11.0-1+deb13u1_amd64.deb ...
#15 238.5 Unpacking libngtcp2-16:amd64 (1.11.0-1+deb13u1) ...
#15 238.8 Selecting previously unselected package libngtcp2-crypto-gnutls8:amd64.
#15 238.8 Preparing to unpack .../111-libngtcp2-crypto-gnutls8_1.11.0-1+deb13u1_amd64.deb ...
#15 238.8 Unpacking libngtcp2-crypto-gnutls8:amd64 (1.11.0-1+deb13u1) ...
#15 239.1 Selecting previously unselected package libcurl3t64-gnutls:amd64.
#15 239.1 Preparing to unpack .../112-libcurl3t64-gnutls_8.14.1-2+deb13u5_amd64.deb ...
#15 239.1 Unpacking libcurl3t64-gnutls:amd64 (8.14.1-2+deb13u5) ...
#15 239.4 Selecting previously unselected package libjson-c5:amd64.
#15 239.4 Preparing to unpack .../113-libjson-c5_0.18+ds-1_amd64.deb ...
#15 239.5 Unpacking libjson-c5:amd64 (0.18+ds-1) ...
#15 239.7 Selecting previously unselected package libdebuginfod1t64:amd64.
#15 239.7 Preparing to unpack .../114-libdebuginfod1t64_0.192-4_amd64.deb ...
#15 239.7 Unpacking libdebuginfod1t64:amd64 (0.192-4) ...
#15 240.0 Selecting previously unselected package libipt2.
#15 240.0 Preparing to unpack .../115-libipt2_2.1.2-1_amd64.deb ...
#15 240.0 Unpacking libipt2 (2.1.2-1) ...
#15 240.3 Selecting previously unselected package libpython3.13-minimal:amd64.
#15 240.3 Preparing to unpack .../116-libpython3.13-minimal_3.13.5-2+deb13u5_amd64.deb ...
#15 240.3 Unpacking libpython3.13-minimal:amd64 (3.13.5-2+deb13u5) ...
#15 240.9 Selecting previously unselected package libreadline8t64:amd64.
#15 240.9 Preparing to unpack .../117-libreadline8t64_8.2-6_amd64.deb ...
#15 241.0 Adding 'diversion of /lib/x86_64-linux-gnu/libhistory.so.8 to /lib/x86_64-linux-gnu/libhistory.so.8.usr-is-merged by libreadline8t64'
#15 241.0 Adding 'diversion of /lib/x86_64-linux-gnu/libhistory.so.8.2 to /lib/x86_64-linux-gnu/libhistory.so.8.2.usr-is-merged by libreadline8t64'
#15 241.0 Adding 'diversion of /lib/x86_64-linux-gnu/libreadline.so.8 to /lib/x86_64-linux-gnu/libreadline.so.8.usr-is-merged by libreadline8t64'
#15 241.1 Adding 'diversion of /lib/x86_64-linux-gnu/libreadline.so.8.2 to /lib/x86_64-linux-gnu/libreadline.so.8.2.usr-is-merged by libreadline8t64'
#15 241.1 Unpacking libreadline8t64:amd64 (8.2-6) ...
#15 241.3 Selecting previously unselected package libpython3.13-stdlib:amd64.
#15 241.3 Preparing to unpack .../118-libpython3.13-stdlib_3.13.5-2+deb13u5_amd64.deb ...
#15 241.3 Unpacking libpython3.13-stdlib:amd64 (3.13.5-2+deb13u5) ...
#15 241.8 Selecting previously unselected package libpython3.13:amd64.
#15 241.8 Preparing to unpack .../119-libpython3.13_3.13.5-2+deb13u5_amd64.deb ...
#15 241.9 Unpacking libpython3.13:amd64 (3.13.5-2+deb13u5) ...
#15 242.3 Selecting previously unselected package libsource-highlight-common.
#15 242.3 Preparing to unpack .../120-libsource-highlight-common_3.1.9-4.3_all.deb ...
#15 242.3 Unpacking libsource-highlight-common (3.1.9-4.3) ...
#15 242.7 Selecting previously unselected package libsource-highlight4t64:amd64.
#15 242.7 Preparing to unpack .../121-libsource-highlight4t64_3.1.9-4.3+b1_amd64.deb ...
#15 242.7 Unpacking libsource-highlight4t64:amd64 (3.1.9-4.3+b1) ...
#15 243.0 Selecting previously unselected package gdb.
#15 243.0 Preparing to unpack .../122-gdb_16.3-1_amd64.deb ...
#15 243.0 Unpacking gdb (16.3-1) ...
#15 243.8 Selecting previously unselected package gdb-multiarch.
#15 243.8 Preparing to unpack .../123-gdb-multiarch_16.3-1_amd64.deb ...
#15 243.8 Unpacking gdb-multiarch (16.3-1) ...
#15 245.4 Selecting previously unselected package libxml2:amd64.
#15 245.4 Preparing to unpack .../124-libxml2_2.12.7+dfsg+really2.9.14-2.1+deb13u3_amd64.deb ...
#15 245.5 Unpacking libxml2:amd64 (2.12.7+dfsg+really2.9.14-2.1+deb13u3) ...
#15 245.9 Selecting previously unselected package libarchive13t64:amd64.
#15 245.9 Preparing to unpack .../125-libarchive13t64_3.7.4-4+deb13u1_amd64.deb ...
#15 245.9 Unpacking libarchive13t64:amd64 (3.7.4-4+deb13u1) ...
#15 246.3 Selecting previously unselected package genext2fs.
#15 246.3 Preparing to unpack .../126-genext2fs_1.5.0-3+b1_amd64.deb ...
#15 246.3 Unpacking genext2fs (1.5.0-3+b1) ...
#15 246.6 Selecting previously unselected package libcrypt1:riscv64.
#15 246.6 Preparing to unpack .../127-libcrypt1_1%3a4.4.38-1_riscv64.deb ...
#15 246.6 Unpacking libcrypt1:riscv64 (1:4.4.38-1) ...
#15 246.9 Selecting previously unselected package libcrypt-dev:riscv64.
#15 246.9 Preparing to unpack .../128-libcrypt-dev_1%3a4.4.38-1_riscv64.deb ...
#15 247.0 Unpacking libcrypt-dev:riscv64 (1:4.4.38-1) ...
#15 247.3 Selecting previously unselected package libc6-dev:riscv64.
#15 247.3 Preparing to unpack .../129-libc6-dev_2.41-12+deb13u4_riscv64.deb ...
#15 247.3 Unpacking libc6-dev:riscv64 (2.41-12+deb13u4) ...
#15 248.0 Selecting previously unselected package libexpat1-dev:riscv64.
#15 248.0 Preparing to unpack .../130-libexpat1-dev_2.8.3-1~deb13u1_riscv64.deb ...
#15 248.0 Unpacking libexpat1-dev:riscv64 (2.8.3-1~deb13u1) ...
#15 248.3 Selecting previously unselected package libjs-jquery.
#15 248.3 Preparing to unpack .../131-libjs-jquery_3.6.1+dfsg+~3.5.14-1_all.deb ...
#15 248.4 Unpacking libjs-jquery (3.6.1+dfsg+~3.5.14-1) ...
#15 248.6 Selecting previously unselected package libjs-underscore.
#15 248.6 Preparing to unpack .../132-libjs-underscore_1.13.4~dfsg+~1.11.4-3_all.deb ...
#15 248.6 Unpacking libjs-underscore (1.13.4~dfsg+~1.11.4-3) ...
#15 248.8 Selecting previously unselected package libjs-sphinxdoc.
#15 248.8 Preparing to unpack .../133-libjs-sphinxdoc_8.1.3-5_all.deb ...
#15 248.9 Unpacking libjs-sphinxdoc (8.1.3-5) ...
#15 249.1 Selecting previously unselected package libncurses6:riscv64.
#15 249.1 Preparing to unpack .../134-libncurses6_6.5+20250216-2_riscv64.deb ...
#15 249.2 Unpacking libncurses6:riscv64 (6.5+20250216-2) ...
#15 249.3 Selecting previously unselected package libncurses-dev:riscv64.
#15 249.3 Preparing to unpack .../135-libncurses-dev_6.5+20250216-2_riscv64.deb ...
#15 249.4 Unpacking libncurses-dev:riscv64 (6.5+20250216-2) ...
#15 249.8 Selecting previously unselected package libpixman-1-0:amd64.
#15 249.8 Preparing to unpack .../136-libpixman-1-0_0.44.0-3_amd64.deb ...
#15 249.9 Unpacking libpixman-1-0:amd64 (0.44.0-3) ...
#15 250.1 Selecting previously unselected package libpixman-1-dev:amd64.
#15 250.1 Preparing to unpack .../137-libpixman-1-dev_0.44.0-3_amd64.deb ...
#15 250.1 Unpacking libpixman-1-dev:amd64 (0.44.0-3) ...
#15 250.4 Selecting previously unselected package libpython3.13:riscv64.
#15 250.4 Preparing to unpack .../138-libpython3.13_3.13.5-2+deb13u5_riscv64.deb ...
#15 250.4 Unpacking libpython3.13:riscv64 (3.13.5-2+deb13u5) ...
#15 250.9 Selecting previously unselected package zlib1g-dev:riscv64.
#15 250.9 Preparing to unpack .../139-zlib1g-dev_1%3a1.3.dfsg+really1.3.1-1+b1_riscv64.deb ...
#15 250.9 Unpacking zlib1g-dev:riscv64 (1:1.3.dfsg+really1.3.1-1+b1) ...
#15 251.1 Selecting previously unselected package libpython3.13-dev:riscv64.
#15 251.1 Preparing to unpack .../140-libpython3.13-dev_3.13.5-2+deb13u5_riscv64.deb ...
#15 251.2 Unpacking libpython3.13-dev:riscv64 (3.13.5-2+deb13u5) ...
#15 252.7 Selecting previously unselected package libpython3-dev:riscv64.
#15 252.7 Preparing to unpack .../141-libpython3-dev_3.13.5-1_riscv64.deb ...
#15 252.7 Unpacking libpython3-dev:riscv64 (3.13.5-1) ...
#15 253.0 Selecting previously unselected package libyajl2:riscv64.
#15 253.0 Preparing to unpack .../142-libyajl2_2.1.0-5+b2_riscv64.deb ...
#15 253.0 Unpacking libyajl2:riscv64 (2.1.0-5+b2) ...
#15 253.2 Selecting previously unselected package libyajl-dev:riscv64.
#15 253.2 Preparing to unpack .../143-libyajl-dev_2.1.0-5+b2_riscv64.deb ...
#15 253.3 Unpacking libyajl-dev:riscv64 (2.1.0-5+b2) ...
#15 253.6 Selecting previously unselected package python3-autocommand.
#15 253.6 Preparing to unpack .../144-python3-autocommand_2.2.2-3_all.deb ...
#15 253.6 Unpacking python3-autocommand (2.2.2-3) ...
#15 253.8 Selecting previously unselected package python3.13-dev:riscv64.
#15 253.8 Preparing to unpack .../145-python3.13-dev_3.13.5-2+deb13u5_riscv64.deb ...
#15 253.9 Unpacking python3.13-dev:riscv64 (3.13.5-2+deb13u5) ...
#15 254.1 Selecting previously unselected package python3-dev:riscv64.
#15 254.1 Preparing to unpack .../146-python3-dev_3.13.5-1_riscv64.deb ...
#15 254.1 Unpacking python3-dev:riscv64 (3.13.5-1) ...
#15 254.3 Selecting previously unselected package python3-zipp.
#15 254.3 Preparing to unpack .../147-python3-zipp_3.21.0-1_all.deb ...
#15 254.4 Unpacking python3-zipp (3.21.0-1) ...
#15 254.6 Selecting previously unselected package python3-importlib-metadata.
#15 254.6 Preparing to unpack .../148-python3-importlib-metadata_8.7.0-1_all.deb ...
#15 254.6 Unpacking python3-importlib-metadata (8.7.0-1) ...
#15 254.9 Selecting previously unselected package python3-importlib-resources.
#15 254.9 Preparing to unpack .../149-python3-importlib-resources_6.5.2-1_all.deb ...
#15 255.0 Unpacking python3-importlib-resources (6.5.2-1) ...
#15 255.2 Selecting previously unselected package python3-more-itertools.
#15 255.2 Preparing to unpack .../150-python3-more-itertools_10.7.0-1_all.deb ...
#15 255.3 Unpacking python3-more-itertools (10.7.0-1) ...
#15 255.5 Selecting previously unselected package python3-typing-extensions.
#15 255.5 Preparing to unpack .../151-python3-typing-extensions_4.13.2-1_all.deb ...
#15 255.5 Unpacking python3-typing-extensions (4.13.2-1) ...
#15 255.7 Selecting previously unselected package python3-typeguard.
#15 255.7 Preparing to unpack .../152-python3-typeguard_4.4.2-1_all.deb ...
#15 255.7 Unpacking python3-typeguard (4.4.2-1) ...
#15 256.0 Selecting previously unselected package python3-inflect.
#15 256.0 Preparing to unpack .../153-python3-inflect_7.3.1-2_all.deb ...
#15 256.0 Unpacking python3-inflect (7.3.1-2) ...
#15 256.2 Selecting previously unselected package python3-jaraco.functools.
#15 256.2 Preparing to unpack .../154-python3-jaraco.functools_4.1.0-1_all.deb ...
#15 256.3 Unpacking python3-jaraco.functools (4.1.0-1) ...
#15 256.6 Selecting previously unselected package python3-pkg-resources.
#15 256.7 Preparing to unpack .../155-python3-pkg-resources_78.1.1-0.1_all.deb ...
#15 256.7 Unpacking python3-pkg-resources (78.1.1-0.1) ...
#15 257.0 Selecting previously unselected package python3-jaraco.text.
#15 257.0 Preparing to unpack .../156-python3-jaraco.text_4.0.0-1_all.deb ...
#15 257.0 Unpacking python3-jaraco.text (4.0.0-1) ...
#15 257.2 Selecting previously unselected package python3-setuptools.
#15 257.2 Preparing to unpack .../157-python3-setuptools_78.1.1-0.1_all.deb ...
#15 257.3 Unpacking python3-setuptools (78.1.1-0.1) ...
#15 257.8 Selecting previously unselected package python3-jaraco.context.
#15 257.8 Preparing to unpack .../158-python3-jaraco.context_6.0.1-1+deb13u1_all.deb ...
#15 257.8 Unpacking python3-jaraco.context (6.0.1-1+deb13u1) ...
#15 258.0 Selecting previously unselected package uuid-dev:riscv64.
#15 258.0 Preparing to unpack .../159-uuid-dev_2.41.5-0+deb13u1_riscv64.deb ...
#15 258.0 Unpacking uuid-dev:riscv64 (2.41.5-0+deb13u1) ...
#15 258.3 Setting up media-types (13.0.0) ...
#15 258.4 Setting up libpixman-1-0:amd64 (0.44.0-3) ...
#15 258.4 Setting up libtext-charwidth-perl:amd64 (0.04-11+b4) ...
#15 258.5 Setting up libkeyutils1:amd64 (1.6.3-6) ...
#15 258.6 Setting up libpixman-1-dev:amd64 (0.44.0-3) ...
#15 258.7 Setting up libgdbm6t64:amd64 (1.24-2) ...
#15 258.8 Setting up liblzma5:riscv64 (5.8.1-1+deb13u1) ...
#15 258.9 Setting up libgdbm-compat4t64:amd64 (1.24-2) ...
#15 259.0 Setting up libyaml-0-2:amd64 (0.2.5-2) ...
#15 259.1 Setting up libbrotli1:amd64 (1.1.0-2+b7) ...
#15 259.2 Setting up libsqlite3-0:riscv64 (3.46.1-7+deb13u2) ...
#15 259.3 Setting up binutils-common:amd64 (2.44-3) ...
#15 259.4 Setting up libyajl2:riscv64 (2.1.0-5+b2) ...
#15 259.5 Setting up libnghttp2-14:amd64 (1.64.0-1.1+deb13u1) ...
#15 259.6 Setting up linux-libc-dev (6.12.107-1) ...
#15 259.7 Setting up libctf-nobfd0:amd64 (2.44-3) ...
#15 259.7 Setting up m4 (1.4.19-8) ...
#15 259.8 Setting up libcrypt1:riscv64 (1:4.4.38-1) ...
#15 259.9 Setting up gcc-14-cross-base (14.2.0-19cross1) ...
#15 260.0 Setting up libcom-err2:amd64 (1.47.2-3+b12) ...
#15 260.1 Setting up libgomp1:amd64 (14.2.0-19) ...
#15 260.2 Setting up libfdt1:amd64 (1.7.2-2+b1) ...
#15 260.3 Setting up bzip2 (1.0.8-6) ...
#15 260.3 Setting up libtext-wrapi18n-perl (0.06-10) ...
#15 260.4 Setting up libsource-highlight-common (3.1.9-4.3) ...
#15 260.6 Setting up libsframe1:amd64 (2.44-3) ...
#15 260.7 Setting up libelf1t64:amd64 (0.192-4) ...
#15 260.8 Setting up libjansson4:amd64 (2.14-2+b3) ...
#15 261.0 Setting up libkrb5support0:amd64 (1.21.3-5+deb13u1) ...
#15 261.0 Setting up libdw1t64:amd64 (0.192-4) ...
#15 261.1 Setting up libsasl2-modules-db:amd64 (2.1.28+dfsg1-9) ...
#15 261.2 Setting up libpython3.13-minimal:amd64 (3.13.5-2+deb13u5) ...
#15 261.5 Setting up autotools-dev (20240727.1) ...
#15 261.5 Setting up rpcsvc-proto (1.4.3-1) ...
#15 261.6 Setting up gcc-14-riscv64-linux-gnu-base:amd64 (14.2.0-19cross1) ...
#15 261.7 Setting up make (4.4.1-2) ...
#15 261.8 Setting up libmpfr6:amd64 (4.2.2-1) ...
#15 262.2 Setting up xz-utils (5.8.1-1+deb13u1) ...
#15 262.3 update-alternatives: using /usr/bin/xz to provide /usr/bin/lzma (lzma) in auto mode
#15 262.3 update-alternatives: warning: skip creation of /usr/share/man/man1/lzma.1.gz because associated file /usr/share/man/man1/xz.1.gz (of link group lzma) doesn't exist
#15 262.3 update-alternatives: warning: skip creation of /usr/share/man/man1/unlzma.1.gz because associated file /usr/share/man/man1/unxz.1.gz (of link group lzma) doesn't exist
#15 262.3 update-alternatives: warning: skip creation of /usr/share/man/man1/lzcat.1.gz because associated file /usr/share/man/man1/xzcat.1.gz (of link group lzma) doesn't exist
#15 262.3 update-alternatives: warning: skip creation of /usr/share/man/man1/lzmore.1.gz because associated file /usr/share/man/man1/xzmore.1.gz (of link group lzma) doesn't exist
#15 262.3 update-alternatives: warning: skip creation of /usr/share/man/man1/lzless.1.gz because associated file /usr/share/man/man1/xzless.1.gz (of link group lzma) doesn't exist
#15 262.3 update-alternatives: warning: skip creation of /usr/share/man/man1/lzdiff.1.gz because associated file /usr/share/man/man1/xzdiff.1.gz (of link group lzma) doesn't exist
#15 262.3 update-alternatives: warning: skip creation of /usr/share/man/man1/lzcmp.1.gz because associated file /usr/share/man/man1/xzcmp.1.gz (of link group lzma) doesn't exist
#15 262.3 update-alternatives: warning: skip creation of /usr/share/man/man1/lzgrep.1.gz because associated file /usr/share/man/man1/xzgrep.1.gz (of link group lzma) doesn't exist
#15 262.3 update-alternatives: warning: skip creation of /usr/share/man/man1/lzegrep.1.gz because associated file /usr/share/man/man1/xzegrep.1.gz (of link group lzma) doesn't exist
#15 262.3 update-alternatives: warning: skip creation of /usr/share/man/man1/lzfgrep.1.gz because associated file /usr/share/man/man1/xzfgrep.1.gz (of link group lzma) doesn't exist
#15 262.3 Setting up libquadmath0:amd64 (14.2.0-19) ...
#15 262.4 Setting up checkpolicy (3.8.1-1) ...
#15 262.5 Setting up libproc2-0:amd64 (2:4.0.4-9) ...
#15 262.6 Setting up libunistring5:amd64 (1.3-2) ...
#15 262.6 Setting up libmpc3:amd64 (1.3.1-1+b3) ...
#15 262.7 Setting up libatomic1:amd64 (14.2.0-19) ...
#15 262.8 Setting up libuuid1:riscv64 (2.41.5-0+deb13u1) ...
#15 262.8 Setting up patch (2.8-2) ...
#15 262.9 Setting up libipt2 (2.1.2-1) ...
#15 263.0 Setting up device-tree-compiler (1.7.2-2+b1) ...
#15 263.1 Setting up libncursesw6:amd64 (6.5+20250216-2) ...
#15 263.2 Setting up libk5crypto3:amd64 (1.21.3-5+deb13u1) ...
#15 263.3 Setting up libsasl2-2:amd64 (2.1.28+dfsg1-9) ...
#15 263.4 Setting up libnghttp3-9:amd64 (1.8.0-1) ...
#15 263.5 Setting up libdb5.3t64:riscv64 (5.3.28+dfsg2-9) ...
#15 263.6 Setting up libyajl-dev:riscv64 (2.1.0-5+b2) ...
#15 263.7 Setting up libubsan1:amd64 (14.2.0-19) ...
#15 263.8 Setting up libffi8:amd64 (3.4.8-2) ...
#15 263.9 Setting up libffi8:riscv64 (3.4.8-2) ...
#15 263.9 Setting up perl-modules-5.40 (5.40.1-6+deb13u1) ...
#15 264.0 Setting up sensible-utils (0.0.25) ...
#15 264.1 Setting up libhwasan0:amd64 (14.2.0-19) ...
#15 264.2 Setting up libcrypt-dev:amd64 (1:4.4.38-1) ...
#15 264.3 Setting up libcrypt-dev:riscv64 (1:4.4.38-1) ...
#15 264.4 Setting up libasan8:amd64 (14.2.0-19) ...
#15 264.5 Setting up procps (2:4.0.4-9) ...
#15 264.7 Setting up bison (2:3.8.2+dfsg-1+b2) ...
#15 264.8 update-alternatives: using /usr/bin/bison.yacc to provide /usr/bin/yacc (yacc) in auto mode
#15 264.8 update-alternatives: warning: skip creation of /usr/share/man/man1/yacc.1.gz because associated file /usr/share/man/man1/bison.yacc.1.gz (of link group yacc) doesn't exist
#15 264.8 Setting up libtasn1-6:amd64 (4.20.0-2+deb13u1) ...
#15 264.9 Setting up netbase (6.5) ...
#15 265.1 Setting up libngtcp2-16:amd64 (1.11.0-1+deb13u1) ...
#15 265.2 Setting up libc6-riscv64-cross (2.41-11cross1) ...
#15 265.3 Setting up libkrb5-3:amd64 (1.21.3-5+deb13u1) ...
#15 265.3 Setting up libgomp1-riscv64-cross (14.2.0-19cross1) ...
#15 265.4 Setting up libssh2-1t64:amd64 (1.11.1-1+deb13u2) ...
#15 265.5 Setting up libtsan2:amd64 (14.2.0-19) ...
#15 265.6 Setting up libjs-jquery (3.6.1+dfsg+~3.5.14-1) ...
#15 265.7 Setting up libbinutils:amd64 (2.44-3) ...
#15 265.8 Setting up libisl23:amd64 (0.27-1) ...
#15 265.9 Setting up libbz2-1.0:riscv64 (1.0.8-6) ...
#15 266.0 Setting up libatomic1-riscv64-cross (14.2.0-19cross1) ...
#15 266.0 Setting up libc-dev-bin (2.41-12+deb13u4) ...
#15 266.1 Setting up openssl (3.5.7-1~deb13u2) ...
#15 266.2 Setting up libjson-c5:amd64 (0.18+ds-1) ...
#15 266.4 Setting up readline-common (8.2-6) ...
#15 266.5 Setting up libxml2:amd64 (2.12.7+dfsg+really2.9.14-2.1+deb13u3) ...
#15 266.5 Setting up libcc1-0:amd64 (14.2.0-19) ...
#15 266.6 Setting up libldap2:amd64 (2.6.10+dfsg-1) ...
#15 266.7 Setting up liblsan0:amd64 (14.2.0-19) ...
#15 266.9 Setting up libitm1:amd64 (14.2.0-19) ...
#15 267.0 Setting up libjs-underscore (1.13.4~dfsg+~1.11.4-3) ...
#15 267.1 Setting up libtinfo6:riscv64 (6.5+20250216-2) ...
#15 267.1 Setting up libctf0:amd64 (2.44-3) ...
#15 267.2 Setting up flex (2.6.4-8.2+b4) ...
#15 267.3 Setting up libitm1-riscv64-cross (14.2.0-19cross1) ...
#15 267.4 Setting up binutils-riscv64-linux-gnu (2.44-3) ...
#15 267.5 Setting up libidn2-0:amd64 (2.3.8-2) ...
#15 267.7 Setting up libsource-highlight4t64:amd64 (3.1.9-4.3+b1) ...
#15 267.8 Setting up cpp-14-riscv64-linux-gnu (14.2.0-19cross1) ...
#15 267.9 Setting up libperl5.40:amd64 (5.40.1-6+deb13u1) ...
#15 267.9 Setting up ca-certificates (20250419) ...
#15 270.3 Updating certificates in /etc/ssl/certs...
#15 273.6 150 added, 0 removed; done.
#15 273.8 Setting up perl (5.40.1-6+deb13u1) ...
#15 273.9 Setting up libglib2.0-0t64:amd64 (2.84.4-3~deb13u5) ...
#15 274.0 No schema files found: doing nothing.
#15 274.0 Setting up libgprofng0:amd64 (2.44-3) ...
#15 274.1 Setting up libgcc-s1-riscv64-cross (14.2.0-19cross1) ...
#15 274.2 Setting up libncurses6:riscv64 (6.5+20250216-2) ...
#15 274.3 Setting up libp11-kit0:amd64 (0.25.5-3) ...
#15 274.4 Setting up libgssapi-krb5-2:amd64 (1.21.3-5+deb13u1) ...
#15 274.5 Setting up cpp-14-x86-64-linux-gnu (14.2.0-19) ...
#15 274.6 Setting up ucf (3.0052) ...
#15 274.7 Setting up libncursesw6:riscv64 (6.5+20250216-2) ...
#15 274.8 Setting up libbabeltrace1:amd64 (1.5.11-4+b2) ...
#15 274.9 Setting up libjs-sphinxdoc (8.1.3-5) ...
#15 275.0 Setting up libdpkg-perl (1.22.22) ...
#15 275.1 Setting up cpp-14 (14.2.0-19) ...
#15 275.2 Setting up autoconf (2.72-3.1) ...
#15 275.4 Setting up libreadline8t64:amd64 (8.2-6) ...
#15 275.5 Setting up libreadline8t64:riscv64 (8.2-6) ...
#15 275.6 Setting up libasan8-riscv64-cross (14.2.0-19cross1) ...
#15 275.8 Setting up libc6-dev:amd64 (2.41-12+deb13u4) ...
#15 276.0 Setting up libc6-dev:riscv64 (2.41-12+deb13u4) ...
#15 276.1 Setting up libgcc-14-dev:amd64 (14.2.0-19) ...
#15 276.1 Setting up cpp-riscv64-linux-gnu (4:14.2.0-1) ...
#15 276.2 Setting up libstdc++-14-dev:amd64 (14.2.0-19) ...
#15 276.3 Setting up libarchive13t64:amd64 (3.7.4-4+deb13u1) ...
#15 276.4 Setting up libpython3.13-stdlib:amd64 (3.13.5-2+deb13u5) ...
#15 276.5 Setting up libpython3.13-stdlib:riscv64 (3.13.5-2+deb13u5) ...
#15 276.6 Setting up libpython3-stdlib:riscv64 (3.13.5-1) ...
#15 276.7 Setting up binutils-x86-64-linux-gnu (2.44-3) ...
#15 276.8 Setting up libpython3.13:amd64 (3.13.5-2+deb13u5) ...
#15 276.8 Setting up libpython3.13:riscv64 (3.13.5-2+deb13u5) ...
#15 276.9 Setting up cpp-x86-64-linux-gnu (4:14.2.0-1) ...
#15 277.0 Setting up libgnutls30t64:amd64 (3.8.9-3+deb13u4) ...
#15 277.1 Setting up automake (1:1.17-4) ...
#15 277.2 update-alternatives: using /usr/bin/automake-1.17 to provide /usr/bin/automake (automake) in auto mode
#15 277.2 update-alternatives: warning: skip creation of /usr/share/man/man1/automake.1.gz because associated file /usr/share/man/man1/automake-1.17.1.gz (of link group automake) doesn't exist
#15 277.2 update-alternatives: warning: skip creation of /usr/share/man/man1/aclocal.1.gz because associated file /usr/share/man/man1/aclocal-1.17.1.gz (of link group automake) doesn't exist
#15 277.3 Setting up libstdc++6-riscv64-cross (14.2.0-19cross1) ...
#15 277.3 Setting up libncurses-dev:riscv64 (6.5+20250216-2) ...
#15 277.4 Setting up libdebuginfod-common (0.192-4) ...
#15 277.9 Setting up python3.13:riscv64 (3.13.5-2+deb13u5) ...
#15 345.6 Setting up libubsan1-riscv64-cross (14.2.0-19cross1) ...
#15 345.7 Setting up libpsl5t64:amd64 (0.21.2-1.1+b1) ...
#15 345.8 Setting up liblsan0-riscv64-cross (14.2.0-19cross1) ...
#15 345.9 Setting up python3:riscv64 (3.13.5-1) ...
#15 351.5 Setting up binutils (2.44-3) ...
#15 351.7 Setting up python3-zipp (3.21.0-1) ...
#15 358.1 Setting up libtsan2-riscv64-cross (14.2.0-19cross1) ...
#15 358.2 Setting up python3-autocommand (2.2.2-3) ...
#15 367.0 Setting up dpkg-dev (1.22.22) ...
#15 367.3 Setting up libexpat1-dev:riscv64 (2.8.3-1~deb13u1) ...
#15 367.4 Setting up librtmp1:amd64 (2.4+20151223.gitfa8646d.1-2+b5) ...
#15 367.5 Setting up uuid-dev:riscv64 (2.41.5-0+deb13u1) ...
#15 367.6 Setting up python3-typing-extensions (4.13.2-1) ...
#15 376.9 Setting up zlib1g-dev:riscv64 (1:1.3.dfsg+really1.3.1-1+b1) ...
#15 377.0 Setting up genext2fs (1.5.0-3+b1) ...
#15 377.1 Setting up cpp (4:14.2.0-1) ...
#15 377.2 Setting up gcc-14-x86-64-linux-gnu (14.2.0-19) ...
#15 377.3 Setting up libngtcp2-crypto-gnutls8:amd64 (1.11.0-1+deb13u1) ...
#15 377.4 Setting up python3-more-itertools (10.7.0-1) ...
#15 388.2 Setting up python3-importlib-metadata (8.7.0-1) ...
#15 400.1 Setting up python3-jaraco.functools (4.1.0-1) ...
#15 407.6 Setting up wget (1.25.0-2) ...
#15 407.7 Setting up gcc-x86-64-linux-gnu (4:14.2.0-1) ...
#15 407.7 Setting up libcurl4t64:amd64 (8.14.1-2+deb13u5) ...
#15 407.8 Setting up python3-importlib-resources (6.5.2-1) ...
#15 417.2 Setting up libgcc-14-dev-riscv64-cross (14.2.0-19cross1) ...
#15 417.3 Setting up python3-typeguard (4.4.2-1) ...
#15 428.2 Setting up libcurl3t64-gnutls:amd64 (8.14.1-2+deb13u5) ...
#15 428.2 Setting up gcc-14 (14.2.0-19) ...
#15 428.3 Setting up python3-inflect (7.3.1-2) ...
#15 435.3 Setting up libpython3.13-dev:riscv64 (3.13.5-2+deb13u5) ...
#15 435.4 Setting up gcc-14-riscv64-linux-gnu (14.2.0-19cross1) ...
#15 435.5 Setting up g++-14-x86-64-linux-gnu (14.2.0-19) ...
#15 435.5 Setting up g++-x86-64-linux-gnu (4:14.2.0-1) ...
#15 435.6 Setting up curl (8.14.1-2+deb13u5) ...
#15 435.7 Setting up g++-14 (14.2.0-19) ...
#15 435.8 Setting up libdebuginfod1t64:amd64 (0.192-4) ...
#15 435.9 Setting up libpython3-dev:riscv64 (3.13.5-1) ...
#15 435.9 Setting up python3.13-dev:riscv64 (3.13.5-2+deb13u5) ...
#15 436.0 Setting up gcc (4:14.2.0-1) ...
#15 436.1 Setting up gcc-riscv64-linux-gnu (4:14.2.0-1) ...
#15 436.2 Setting up gdb (16.3-1) ...
#15 436.3 Setting up python3-dev:riscv64 (3.13.5-1) ...
#15 436.4 Setting up gdb-multiarch (16.3-1) ...
#15 436.4 Setting up g++ (4:14.2.0-1) ...
#15 436.5 update-alternatives: using /usr/bin/g++ to provide /usr/bin/c++ (c++) in auto mode
#15 436.5 Setting up build-essential (12.12) ...
#15 436.6 Setting up python3-jaraco.context (6.0.1-1+deb13u1) ...
#15 446.1 Setting up python3-jaraco.text (4.0.0-1) ...
#15 449.9 Setting up python3-pkg-resources (78.1.1-0.1) ...
#15 455.0 Setting up python3-setuptools (78.1.1-0.1) ...
#15 474.7 Processing triggers for libc-bin (2.41-12+deb13u4) ...
#15 474.8 Processing triggers for ca-certificates (20250419) ...
#15 474.8 Updating certificates in /etc/ssl/certs...
#15 475.4 0 added, 0 removed; done.
#15 475.4 Running hooks in /etc/ca-certificates/update.d...
#15 475.4 done.
#15 DONE 475.5s

#18 [stage-1  4/14] WORKDIR /build/initrd
#18 DONE 0.2s

#19 [stage-1  5/14] COPY --from=busybox-builder /busybox-install .
#19 DONE 0.2s

#20 [stage-1  6/14] RUN mkdir -p lib &&     for lib in /usr/lib/ld-linux-riscv64-lp64d.so.1                /usr/lib/riscv64-linux-gnu/libc.so.6                /usr/lib/riscv64-linux-gnu/libuuid.so.1                /usr/lib/riscv64-linux-gnu/libncurses.so.6                /usr/lib/riscv64-linux-gnu/libz.so.1                /usr/lib/riscv64-linux-gnu/libyajl.so.2; do         cp "$lib" ./lib/;     done
#20 DONE 0.4s

#21 [stage-1  7/14] WORKDIR /build
#21 DONE 0.2s

#22 [stage-1  8/14] RUN mkdir -p /tmp/domu-initrd/bin /tmp/domu-initrd/sbin              /tmp/domu-initrd/proc /tmp/domu-initrd/sys              /tmp/domu-initrd/dev /tmp/domu-initrd/etc/init.d &&     cp -a /build/initrd/bin/busybox /tmp/domu-initrd/bin/ &&     /tmp/domu-initrd/bin/busybox --install -s /tmp/domu-initrd/bin/ &&     printf '%s\n'         '#!/bin/sh'         'mount -t proc proc /proc'         'mount -t sysfs sysfs /sys'         'echo "domU booted!"'         'exec /bin/sh'     > /tmp/domu-initrd/etc/init.d/rcS &&     chmod +x /tmp/domu-initrd/etc/init.d/rcS &&     mkdir -p /build/domu-initrd &&     genext2fs -b 4096 -N 512 -U -d /tmp/domu-initrd/ /build/domu-initrd/domu-initrd.img &&     rm -rf /tmp/domu-initrd
#22 0.378 copying from directory /tmp/domu-initrd/
#22 DONE 0.4s

#23 [stage-1  9/14] RUN touch /bin/Image.gz
#23 DONE 0.5s

#24 [stage-1 10/14] COPY --from=registry.gitlab.com/xen-project/people/olkur/xen/tests-artifacts/qemu-system-riscv64:8.2.0-aia-riscv64     /qemu-system-riscv64 /opensbi-riscv64-generic-fw_dynamic.bin /bin/
#24 DONE 0.2s

#25 [stage-1 11/14] COPY config_tools.status config_xen.status xl.conf domu.cfg /build/configs/
#25 DONE 0.2s

#26 [stage-1 12/14] COPY Makefile .
#26 DONE 0.1s

#27 [stage-1 13/14] COPY generate_dtb.sh /build/dtb/
#27 DONE 0.2s

#28 [stage-1 14/14] RUN chmod -R 755 /bin && chown -R user:user /build
#28 DONE 4.3s

#29 exporting to image
#29 exporting layers
#29 exporting layers 38.2s done
#29 exporting manifest sha256:480de78a8ccc969cf4076f4988d2c28235a5794703839620fdb92fb5451bb58a 0.0s done
#29 exporting config sha256:27915415ce2cd4f1afb7aa7591dc22194b210e5bc2e686710223273d2c168f5a 0.1s done
#29 exporting attestation manifest sha256:29f8ca384fbdfa19409466f9847f2e6f1c785d7ae8d363fc160a17d1a261c383 0.1s done
#29 exporting manifest list sha256:0f120b5bdc7c20cdf4d9cdac1353d0f544150721b39bb21311a89afe60970ed7
#29 exporting manifest list sha256:0f120b5bdc7c20cdf4d9cdac1353d0f544150721b39bb21311a89afe60970ed7 0.0s done
#29 naming to docker.io/local/trixie-riscv64:latest done
#29 unpacking to docker.io/local/trixie-riscv64:latest
#29 unpacking to docker.io/local/trixie-riscv64:latest 7.1s done
#29 DONE 45.6s

 [33m2 warnings found (use docker --debug to expand):
[0m - FromPlatformFlagConstDisallowed: FROM --platform flag should not use constant value "linux/amd64" (line 2)
 - FromPlatformFlagConstDisallowed: FROM --platform flag should not use constant value "linux/amd64" (line 31)

real	8m54.256s
user	0m2.225s
sys	0m1.817s
