cp /build/configs/config_tools.status /build/xen/tools/config.status && cd /build/xen/tools && bash ./config.status
config.status: creating ../config/Tools.mk
config.status: creating hotplug/common/hotplugpath.sh
config.status: creating hotplug/FreeBSD/rc.d/xencommons
config.status: creating hotplug/FreeBSD/rc.d/xendriverdomain
config.status: creating hotplug/Linux/init.d/sysconfig.xencommons
config.status: creating hotplug/Linux/init.d/sysconfig.xendomains
config.status: creating hotplug/Linux/init.d/xen-watchdog
config.status: creating hotplug/Linux/init.d/xencommons
config.status: creating hotplug/Linux/init.d/xendomains
config.status: creating hotplug/Linux/init.d/xendriverdomain
config.status: creating hotplug/Linux/launch-xenstore
config.status: creating hotplug/Linux/vif-setup
config.status: creating hotplug/Linux/xen-hotplug-common.sh
config.status: creating hotplug/Linux/xendomains
config.status: creating hotplug/NetBSD/rc.d/xencommons
config.status: creating hotplug/NetBSD/rc.d/xendriverdomain
config.status: creating ocaml/libs/xs/paths.ml
config.status: creating ocaml/xenstored/paths.ml
config.status: creating ocaml/xenstored/oxenstored.conf
config.status: creating config.h
make -C /build/xen -j20 dist-tools
make[1]: Entering directory '/build/xen'
make -C tools/include install
make[2]: Entering directory '/build/xen/tools/include'
make -C xen-foreign
make[3]: Entering directory '/build/xen/tools/include/xen-foreign'
mkdir -p xen/libelf acpi
mkdir -p xen-xsm/flask
find xen/ acpi/ -type l -exec rm '{}' +
/bin/sh /build/xen/tools/include/../../xen/xsm/flask/policy/mkflask.sh /usr/bin/awk xen-xsm/flask /build/xen/tools/include/../../xen/xsm/flask/policy/initial_sids
sed -e 's#@includedir@#/xen#g' xen.COPYING.in > xen/COPYING
touch xen-xsm/.dir
ln -s /build/xen/tools/include/../../xen/include/public/*.h xen/
ln -s /build/xen/tools/include/../../xen/include/public/*/ xen/
ln -s ../xen-sys/Linux xen/sys
ln -s /build/xen/tools/include/../../xen/include/xen/libelf.h /build/xen/tools/include/../../xen/include/xen/elfstructs.h xen/libelf/
ln -s ../xen-foreign xen/foreign
ln -s /build/xen/tools/include/../../xen/include/acpi/platform acpi/
ln -s /build/xen/tools/include/../../xen/include/acpi/ac*.h acpi/
python3 mkheader.py arm32 arm32.h.tmp /build/xen/tools/include/xen-foreign/../../../xen/include/public/arch-arm.h /build/xen/tools/include/xen-foreign/../../../xen/include/public/xen.h
python3 mkheader.py arm64 arm64.h.tmp /build/xen/tools/include/xen-foreign/../../../xen/include/public/arch-arm.h /build/xen/tools/include/xen-foreign/../../../xen/include/public/xen.h
python3 mkheader.py x86_32 x86_32.h.tmp /build/xen/tools/include/xen-foreign/../../../xen/include/public/arch-x86/xen-x86_32.h /build/xen/tools/include/xen-foreign/../../../xen/include/public/arch-x86/xen.h /build/xen/tools/include/xen-foreign/../../../xen/include/public/xen.h
python3 mkheader.py x86_64 x86_64.h.tmp /build/xen/tools/include/xen-foreign/../../../xen/include/public/arch-x86/xen-x86_64.h /build/xen/tools/include/xen-foreign/../../../xen/include/public/arch-x86/xen.h /build/xen/tools/include/xen-foreign/../../../xen/include/public/xen.h
python3 mkheader.py riscv64 riscv64.h.tmp /build/xen/tools/include/xen-foreign/../../../xen/include/public/arch-riscv.h /build/xen/tools/include/xen-foreign/../../../xen/include/public/xen.h
python3 mkchecker.py checker.c arm32 arm64 x86_32 x86_64 riscv64
/build/xen/tools/include/xen-foreign/mkheader.py:183: SyntaxWarning: invalid escape sequence '\s'
  regex = "#define\s+%s\\b" % define;
/build/xen/tools/include/xen-foreign/mkheader.py:183: SyntaxWarning: invalid escape sequence '\s'
  regex = "#define\s+%s\\b" % define;
/build/xen/tools/include/xen-foreign/mkheader.py:198: SyntaxWarning: invalid escape sequence '\*'
  input = re.compile("/\*(.*?)\*/", re.S).sub("", input)
/build/xen/tools/include/xen-foreign/mkheader.py:199: SyntaxWarning: invalid escape sequence '\s'
  input = re.compile("\n\s*\n", re.S).sub("\n", input);
/build/xen/tools/include/xen-foreign/mkheader.py:203: SyntaxWarning: invalid escape sequence '\s'
  regex = "union\s+%s\s*\{(.*?)\n\};" % union;
/build/xen/tools/include/xen-foreign/mkheader.py:213: SyntaxWarning: invalid escape sequence '\s'
  regex = "(?:#ifdef ([A-Z_]+))?\nstruct\s+%s\s*\{(.*?)\n\};" % struct;
/build/xen/tools/include/xen-foreign/mkheader.py:198: SyntaxWarning: invalid escape sequence '\*'
  input = re.compile("/\*(.*?)\*/", re.S).sub("", input)
/build/xen/tools/include/xen-foreign/mkheader.py:199: SyntaxWarning: invalid escape sequence '\s'
  input = re.compile("\n\s*\n", re.S).sub("\n", input);
/build/xen/tools/include/xen-foreign/mkheader.py:203: SyntaxWarning: invalid escape sequence '\s'
  regex = "union\s+%s\s*\{(.*?)\n\};" % union;
/build/xen/tools/include/xen-foreign/mkheader.py:239: SyntaxWarning: invalid escape sequence '\s'
  output = re.sub("\\b(union\s+%s)\\b" % union, "\\1_%s" % arch, output);
/build/xen/tools/include/xen-foreign/mkheader.py:213: SyntaxWarning: invalid escape sequence '\s'
  regex = "(?:#ifdef ([A-Z_]+))?\nstruct\s+%s\s*\{(.*?)\n\};" % struct;
/build/xen/tools/include/xen-foreign/mkheader.py:243: SyntaxWarning: invalid escape sequence '\s'
  output = re.sub("\\b(struct\s+%s)\\b" % struct, "\\1_%s" % arch, output);
/build/xen/tools/include/xen-foreign/mkheader.py:183: SyntaxWarning: invalid escape sequence '\s'
  regex = "#define\s+%s\\b" % define;
/build/xen/tools/include/xen-foreign/mkheader.py:239: SyntaxWarning: invalid escape sequence '\s'
  output = re.sub("\\b(union\s+%s)\\b" % union, "\\1_%s" % arch, output);
/build/xen/tools/include/xen-foreign/mkheader.py:243: SyntaxWarning: invalid escape sequence '\s'
  output = re.sub("\\b(struct\s+%s)\\b" % struct, "\\1_%s" % arch, output);
/build/xen/tools/include/xen-foreign/mkheader.py:198: SyntaxWarning: invalid escape sequence '\*'
  input = re.compile("/\*(.*?)\*/", re.S).sub("", input)
/build/xen/tools/include/xen-foreign/mkheader.py:199: SyntaxWarning: invalid escape sequence '\s'
  input = re.compile("\n\s*\n", re.S).sub("\n", input);
/build/xen/tools/include/xen-foreign/mkheader.py:203: SyntaxWarning: invalid escape sequence '\s'
  regex = "union\s+%s\s*\{(.*?)\n\};" % union;
/build/xen/tools/include/xen-foreign/mkheader.py:213: SyntaxWarning: invalid escape sequence '\s'
  regex = "(?:#ifdef ([A-Z_]+))?\nstruct\s+%s\s*\{(.*?)\n\};" % struct;
/build/xen/tools/include/xen-foreign/mkheader.py:239: SyntaxWarning: invalid escape sequence '\s'
  output = re.sub("\\b(union\s+%s)\\b" % union, "\\1_%s" % arch, output);
/build/xen/tools/include/xen-foreign/mkheader.py:243: SyntaxWarning: invalid escape sequence '\s'
  output = re.sub("\\b(struct\s+%s)\\b" % struct, "\\1_%s" % arch, output);
/build/xen/tools/include/xen-foreign/mkheader.py:183: SyntaxWarning: invalid escape sequence '\s'
  regex = "#define\s+%s\\b" % define;
/build/xen/tools/include/xen-foreign/mkheader.py:198: SyntaxWarning: invalid escape sequence '\*'
  input = re.compile("/\*(.*?)\*/", re.S).sub("", input)
/build/xen/tools/include/xen-foreign/mkheader.py:199: SyntaxWarning: invalid escape sequence '\s'
  input = re.compile("\n\s*\n", re.S).sub("\n", input);
/build/xen/tools/include/xen-foreign/mkheader.py:183: SyntaxWarning: invalid escape sequence '\s'
  regex = "#define\s+%s\\b" % define;
/build/xen/tools/include/xen-foreign/mkheader.py:203: SyntaxWarning: invalid escape sequence '\s'
  regex = "union\s+%s\s*\{(.*?)\n\};" % union;
/build/xen/tools/include/xen-foreign/mkheader.py:213: SyntaxWarning: invalid escape sequence '\s'
  regex = "(?:#ifdef ([A-Z_]+))?\nstruct\s+%s\s*\{(.*?)\n\};" % struct;
/build/xen/tools/include/xen-foreign/mkheader.py:198: SyntaxWarning: invalid escape sequence '\*'
  input = re.compile("/\*(.*?)\*/", re.S).sub("", input)
/build/xen/tools/include/xen-foreign/mkheader.py:199: SyntaxWarning: invalid escape sequence '\s'
  input = re.compile("\n\s*\n", re.S).sub("\n", input);
/build/xen/tools/include/xen-foreign/mkheader.py:203: SyntaxWarning: invalid escape sequence '\s'
  regex = "union\s+%s\s*\{(.*?)\n\};" % union;
/build/xen/tools/include/xen-foreign/mkheader.py:213: SyntaxWarning: invalid escape sequence '\s'
  regex = "(?:#ifdef ([A-Z_]+))?\nstruct\s+%s\s*\{(.*?)\n\};" % struct;
/build/xen/tools/include/xen-foreign/mkheader.py:239: SyntaxWarning: invalid escape sequence '\s'
  output = re.sub("\\b(union\s+%s)\\b" % union, "\\1_%s" % arch, output);
/build/xen/tools/include/xen-foreign/mkheader.py:243: SyntaxWarning: invalid escape sequence '\s'
  output = re.sub("\\b(struct\s+%s)\\b" % struct, "\\1_%s" % arch, output);
/build/xen/tools/include/xen-foreign/mkheader.py:239: SyntaxWarning: invalid escape sequence '\s'
  output = re.sub("\\b(union\s+%s)\\b" % union, "\\1_%s" % arch, output);
/build/xen/tools/include/xen-foreign/mkheader.py:243: SyntaxWarning: invalid escape sequence '\s'
  output = re.sub("\\b(struct\s+%s)\\b" % struct, "\\1_%s" % arch, output);
# Avoid mixing an alignment directive with a uint64_t cast or sizeof expression
sed 's/(__align8__ \(uint64_t\))/(\1)/g' < riscv64.h.tmp > riscv64.h.tmp2
rm riscv64.h.tmp
if ! cmp -s riscv64.h.tmp2 riscv64.h; then mv -f riscv64.h.tmp2 riscv64.h; else rm -f riscv64.h.tmp2; fi
#Avoid mixing an alignment directive with a uint64_t cast or sizeof expression
sed 's/(__align8__ \(uint64_t\))/(\1)/g' < arm32.h.tmp > arm32.h.tmp2
rm arm32.h.tmp
if ! cmp -s arm32.h.tmp2 arm32.h; then mv -f arm32.h.tmp2 arm32.h; else rm -f arm32.h.tmp2; fi
#Avoid mixing an alignment directive with a uint64_t cast or sizeof expression
sed 's/(__align8__ \(uint64_t\))/(\1)/g' < arm64.h.tmp > arm64.h.tmp2
rm arm64.h.tmp
if ! cmp -s arm64.h.tmp2 arm64.h; then mv -f arm64.h.tmp2 arm64.h; else rm -f arm64.h.tmp2; fi
#Avoid mixing an alignment directive with a uint64_t cast or sizeof expression
sed 's/(__align8__ \(uint64_t\))/(\1)/g' < x86_32.h.tmp > x86_32.h.tmp2
rm x86_32.h.tmp
if ! cmp -s x86_32.h.tmp2 x86_32.h; then mv -f x86_32.h.tmp2 x86_32.h; else rm -f x86_32.h.tmp2; fi
#Avoid mixing an alignment directive with a uint64_t cast or sizeof expression
sed 's/(__align8__ \(uint64_t\))/(\1)/g' < x86_64.h.tmp > x86_64.h.tmp2
rm x86_64.h.tmp
if ! cmp -s x86_64.h.tmp2 x86_64.h; then mv -f x86_64.h.tmp2 x86_64.h; else rm -f x86_64.h.tmp2; fi
gcc -Wall -Werror -Wstrict-prototypes -O2 -fomit-frame-pointer -fno-strict-aliasing -Wdeclaration-after-statement -D__XEN_TOOLS__ -o checker checker.c
./checker > tmp.size
diff -u reference.size tmp.size
rm tmp.size
make[3]: Leaving directory '/build/xen/tools/include/xen-foreign'
/build/xen/tools/include/../../tools/cross-install -d -m0755 -p /build/xen/dist/install/xen/arch-x86
/build/xen/tools/include/../../tools/cross-install -d -m0755 -p /build/xen/dist/install/xen/arch-x86/hvm
/build/xen/tools/include/../../tools/cross-install -d -m0755 -p /build/xen/dist/install/xen/arch-arm
/build/xen/tools/include/../../tools/cross-install -d -m0755 -p /build/xen/dist/install/xen/arch-arm/hvm
/build/xen/tools/include/../../tools/cross-install -d -m0755 -p /build/xen/dist/install/xen/arch-riscv
/build/xen/tools/include/../../tools/cross-install -d -m0755 -p /build/xen/dist/install/xen/arch-riscv/hvm
/build/xen/tools/include/../../tools/cross-install -d -m0755 -p /build/xen/dist/install/xen/foreign
/build/xen/tools/include/../../tools/cross-install -d -m0755 -p /build/xen/dist/install/xen/hvm
/build/xen/tools/include/../../tools/cross-install -d -m0755 -p /build/xen/dist/install/xen/io
/build/xen/tools/include/../../tools/cross-install -d -m0755 -p /build/xen/dist/install/xen/sys
/build/xen/tools/include/../../tools/cross-install -d -m0755 -p /build/xen/dist/install/xen/xsm
/build/xen/tools/include/../../tools/cross-install -m0644 -p xen/COPYING /build/xen/dist/install/xen
/build/xen/tools/include/../../tools/cross-install -m0644 -p xen/*.h /build/xen/dist/install/xen
/build/xen/tools/include/../../tools/cross-install -m0644 -p xen/arch-x86/*.h /build/xen/dist/install/xen/arch-x86
/build/xen/tools/include/../../tools/cross-install -m0644 -p xen/arch-x86/hvm/*.h /build/xen/dist/install/xen/arch-x86/hvm
/build/xen/tools/include/../../tools/cross-install -m0644 -p xen/arch-arm/*.h /build/xen/dist/install/xen/arch-arm
/build/xen/tools/include/../../tools/cross-install -m0644 -p xen/arch-arm/hvm/*.h /build/xen/dist/install/xen/arch-arm/hvm
/build/xen/tools/include/../../tools/cross-install -m0644 -p xen/arch-riscv/hvm/*.h /build/xen/dist/install/xen/arch-riscv/hvm
/build/xen/tools/include/../../tools/cross-install -m0644 -p xen/foreign/*.h /build/xen/dist/install/xen/foreign
/build/xen/tools/include/../../tools/cross-install -m0644 -p xen/hvm/*.h /build/xen/dist/install/xen/hvm
/build/xen/tools/include/../../tools/cross-install -m0644 -p xen/io/*.h /build/xen/dist/install/xen/io
/build/xen/tools/include/../../tools/cross-install -m0644 -p xen/sys/*.h /build/xen/dist/install/xen/sys
/build/xen/tools/include/../../tools/cross-install -m0644 -p xen/xsm/*.h /build/xen/dist/install/xen/xsm
/build/xen/tools/include/../../tools/cross-install -m0644 -p xen_list.h /build/xen/dist/install
make[2]: Leaving directory '/build/xen/tools/include'
make -C tools install
make[2]: Entering directory '/build/xen/tools'
/build/xen/tools/../tools/cross-install -d -m0755 -p -m 700 /build/xen/dist/install
/build/xen/tools/../tools/cross-install -d -m0755 -p /build/xen/dist/install
/build/xen/tools/../tools/cross-install -d -m0755 -p /build/xen/dist/install
/build/xen/tools/../tools/cross-install -d -m0755 -p /build/xen/dist/install
make subdirs-install
make[3]: Entering directory '/build/xen/tools'
make[4]: Entering directory '/build/xen/tools'
make -C libs install
make[5]: Entering directory '/build/xen/tools/libs'
make[6]: Entering directory '/build/xen/tools/libs'
make -C toolcore install
make[7]: Entering directory '/build/xen/tools/libs/toolcore'
riscv64-linux-gnu-gcc  -DBUILD_ID -fno-strict-aliasing -std=gnu99 -Wall -Wstrict-prototypes -Wdeclaration-after-statement -Wno-unused-but-set-variable -Wno-unused-local-typedefs   -g3 -Werror -Og -fno-omit-frame-pointer -D__XEN_INTERFACE_VERSION__=__XEN_LATEST_INTERFACE_VERSION__ -MMD -MP -MF .handlereg.o.d -D_LARGEFILE_SOURCE -D_LARGEFILE64_SOURCE   -Wmissing-prototypes -I/build/xen/tools/libs/toolcore/../../../tools/include   -c -o handlereg.o handlereg.c 
riscv64-linux-gnu-gcc  -DPIC -DBUILD_ID -fno-strict-aliasing -std=gnu99 -Wall -Wstrict-prototypes -Wdeclaration-after-statement -Wno-unused-but-set-variable -Wno-unused-local-typedefs   -g3 -Werror -Og -fno-omit-frame-pointer -D__XEN_INTERFACE_VERSION__=__XEN_LATEST_INTERFACE_VERSION__ -MMD -MP -MF .handlereg.opic.d -D_LARGEFILE_SOURCE -D_LARGEFILE64_SOURCE   -Wmissing-prototypes -I/build/xen/tools/libs/toolcore/../../../tools/include   -fPIC -c -o handlereg.opic handlereg.c 
{ \
echo "prefix="; \
echo "includedir="; \
echo "libdir="; \
echo ""; \
echo "Name: Xentoolcore"; \
echo "Description: Central support for Xen Hypervisor userland libraries"; \
echo "Version: 1.0"; \
echo "Cflags: -I\${includedir}"; \
echo "Libs: -L\${libdir} -lxentoolcore"; \
echo "Libs.private: "; \
echo "Requires.private: "; \
} > xentoolcore.pc
mkdir -p /build/xen/tools/pkg-config
for i in /build/xen/tools/libs/toolcore/../../../tools/include/xentoolcore.h; do \
    riscv64-linux-gnu-gcc -x c -ansi -Wall -Werror -I/build/xen/tools/libs/toolcore/../../../tools/include \
          -S -o /dev/null $i || exit 1; \
    echo $i; \
done >headers.chk.new
{ \
echo "prefix=/build/xen/tools/libs/toolcore/../../.."; \
echo "includedir=/build/xen/tools/libs/toolcore/../../../tools/include"; \
echo "libdir=/build/xen/tools/libs/toolcore"; \
echo ""; \
echo "Name: Xentoolcore"; \
echo "Description: Central support for Xen Hypervisor userland libraries"; \
echo "Version: 1.0"; \
echo "Cflags: -I\${includedir}"; \
echo "Libs: -L\${libdir}      -Wl,-rpath-link=/build/xen/tools/libs/toolcore/../../../tools/libs/toolcore -lxentoolcore"; \
echo "Libs.private: "; \
echo "Requires.private: "; \
} > /build/xen/tools/pkg-config/xentoolcore.pc
mv headers.chk.new headers.chk
riscv64-linux-gnu-gcc     -pthread -Wl,-soname -Wl,libxentoolcore.so.1 -Wl,--version-script=libxentoolcore.map -shared -o libxentoolcore.so.1.0 handlereg.opic                
riscv64-linux-gnu-ar rc libxentoolcore.a handlereg.o
ln -sf libxentoolcore.so.1.0 libxentoolcore.so.1
ln -sf libxentoolcore.so.1 libxentoolcore.so
/build/xen/tools/libs/toolcore/../../../tools/cross-install -d -m0755 -p /build/xen/dist/install
/build/xen/tools/libs/toolcore/../../../tools/cross-install -d -m0755 -p /build/xen/dist/install
/build/xen/tools/libs/toolcore/../../../tools/cross-install -m0755 -p libxentoolcore.so.1.0 /build/xen/dist/install
/build/xen/tools/libs/toolcore/../../../tools/cross-install -m0644 -p libxentoolcore.a /build/xen/dist/install
ln -sf libxentoolcore.so.1.0 /build/xen/dist/install/libxentoolcore.so.1
ln -sf libxentoolcore.so.1 /build/xen/dist/install/libxentoolcore.so
for i in  /build/xen/tools/libs/toolcore/../../../tools/include/xentoolcore.h; do /build/xen/tools/libs/toolcore/../../../tools/cross-install -m0644 -p $i /build/xen/dist/install; done
/build/xen/tools/libs/toolcore/../../../tools/cross-install -m0644 -p xentoolcore.pc /build/xen/dist/install
make[7]: Leaving directory '/build/xen/tools/libs/toolcore'
make[6]: Leaving directory '/build/xen/tools/libs'
make[6]: Entering directory '/build/xen/tools/libs'
make -C toollog install
make[7]: Entering directory '/build/xen/tools/libs/toollog'
riscv64-linux-gnu-gcc  -DBUILD_ID -fno-strict-aliasing -std=gnu99 -Wall -Wstrict-prototypes -Wdeclaration-after-statement -Wno-unused-but-set-variable -Wno-unused-local-typedefs   -g3 -Werror -Og -fno-omit-frame-pointer -D__XEN_INTERFACE_VERSION__=__XEN_LATEST_INTERFACE_VERSION__ -MMD -MP -MF .xtl_core.o.d -D_LARGEFILE_SOURCE -D_LARGEFILE64_SOURCE   -Wmissing-prototypes -I/build/xen/tools/libs/toollog/../../../tools/include   -c -o xtl_core.o xtl_core.c 
riscv64-linux-gnu-gcc  -DBUILD_ID -fno-strict-aliasing -std=gnu99 -Wall -Wstrict-prototypes -Wdeclaration-after-statement -Wno-unused-but-set-variable -Wno-unused-local-typedefs   -g3 -Werror -Og -fno-omit-frame-pointer -D__XEN_INTERFACE_VERSION__=__XEN_LATEST_INTERFACE_VERSION__ -MMD -MP -MF .xtl_logger_stdio.o.d -D_LARGEFILE_SOURCE -D_LARGEFILE64_SOURCE   -Wmissing-prototypes -I/build/xen/tools/libs/toollog/../../../tools/include   -c -o xtl_logger_stdio.o xtl_logger_stdio.c 
riscv64-linux-gnu-gcc  -DPIC -DBUILD_ID -fno-strict-aliasing -std=gnu99 -Wall -Wstrict-prototypes -Wdeclaration-after-statement -Wno-unused-but-set-variable -Wno-unused-local-typedefs   -g3 -Werror -Og -fno-omit-frame-pointer -D__XEN_INTERFACE_VERSION__=__XEN_LATEST_INTERFACE_VERSION__ -MMD -MP -MF .xtl_core.opic.d -D_LARGEFILE_SOURCE -D_LARGEFILE64_SOURCE   -Wmissing-prototypes -I/build/xen/tools/libs/toollog/../../../tools/include   -fPIC -c -o xtl_core.opic xtl_core.c 
riscv64-linux-gnu-gcc  -DPIC -DBUILD_ID -fno-strict-aliasing -std=gnu99 -Wall -Wstrict-prototypes -Wdeclaration-after-statement -Wno-unused-but-set-variable -Wno-unused-local-typedefs   -g3 -Werror -Og -fno-omit-frame-pointer -D__XEN_INTERFACE_VERSION__=__XEN_LATEST_INTERFACE_VERSION__ -MMD -MP -MF .xtl_logger_stdio.opic.d -D_LARGEFILE_SOURCE -D_LARGEFILE64_SOURCE   -Wmissing-prototypes -I/build/xen/tools/libs/toollog/../../../tools/include   -fPIC -c -o xtl_logger_stdio.opic xtl_logger_stdio.c 
{ \
echo "prefix="; \
echo "includedir="; \
echo "libdir="; \
echo ""; \
echo "Name: Xentoollog"; \
echo "Description: The Xentoollog library for Xen hypervisor"; \
echo "Version: 1.0"; \
echo "Cflags: -I\${includedir}"; \
echo "Libs: -L\${libdir} -lxentoollog"; \
echo "Libs.private: "; \
echo "Requires.private: "; \
} > xentoollog.pc
{ \
echo "prefix=/build/xen/tools/libs/toollog/../../.."; \
echo "includedir=/build/xen/tools/libs/toollog/../../../tools/include"; \
echo "libdir=/build/xen/tools/libs/toollog"; \
echo ""; \
echo "Name: Xentoollog"; \
echo "Description: The Xentoollog library for Xen hypervisor"; \
echo "Version: 1.0"; \
echo "Cflags: -I\${includedir}"; \
echo "Libs: -L\${libdir}      -Wl,-rpath-link=/build/xen/tools/libs/toollog/../../../tools/libs/toollog -lxentoollog"; \
echo "Libs.private: "; \
echo "Requires.private: "; \
} > /build/xen/tools/pkg-config/xentoollog.pc
for i in /build/xen/tools/libs/toollog/../../../tools/include/xentoollog.h; do \
    riscv64-linux-gnu-gcc -x c -ansi -Wall -Werror -I/build/xen/tools/libs/toollog/../../../tools/include \
          -S -o /dev/null $i || exit 1; \
    echo $i; \
done >headers.chk.new
mv headers.chk.new headers.chk
riscv64-linux-gnu-gcc     -pthread -Wl,-soname -Wl,libxentoollog.so.1 -Wl,--version-script=libxentoollog.map -shared -o libxentoollog.so.1.0 xtl_core.opic xtl_logger_stdio.opic                
riscv64-linux-gnu-ar rc libxentoollog.a xtl_core.o xtl_logger_stdio.o
ln -sf libxentoollog.so.1.0 libxentoollog.so.1
ln -sf libxentoollog.so.1 libxentoollog.so
/build/xen/tools/libs/toollog/../../../tools/cross-install -d -m0755 -p /build/xen/dist/install
/build/xen/tools/libs/toollog/../../../tools/cross-install -d -m0755 -p /build/xen/dist/install
/build/xen/tools/libs/toollog/../../../tools/cross-install -m0755 -p libxentoollog.so.1.0 /build/xen/dist/install
/build/xen/tools/libs/toollog/../../../tools/cross-install -m0644 -p libxentoollog.a /build/xen/dist/install
ln -sf libxentoollog.so.1.0 /build/xen/dist/install/libxentoollog.so.1
ln -sf libxentoollog.so.1 /build/xen/dist/install/libxentoollog.so
for i in  /build/xen/tools/libs/toollog/../../../tools/include/xentoollog.h; do /build/xen/tools/libs/toollog/../../../tools/cross-install -m0644 -p $i /build/xen/dist/install; done
/build/xen/tools/libs/toollog/../../../tools/cross-install -m0644 -p xentoollog.pc /build/xen/dist/install
make[7]: Leaving directory '/build/xen/tools/libs/toollog'
make[6]: Leaving directory '/build/xen/tools/libs'
make[6]: Entering directory '/build/xen/tools/libs'
make -C evtchn install
make[7]: Entering directory '/build/xen/tools/libs/evtchn'
riscv64-linux-gnu-gcc  -DBUILD_ID -fno-strict-aliasing -std=gnu99 -Wall -Wstrict-prototypes -Wdeclaration-after-statement -Wno-unused-but-set-variable -Wno-unused-local-typedefs   -g3 -Werror -Og -fno-omit-frame-pointer -D__XEN_INTERFACE_VERSION__=__XEN_LATEST_INTERFACE_VERSION__ -MMD -MP -MF .core.o.d -D_LARGEFILE_SOURCE -D_LARGEFILE64_SOURCE   -Wmissing-prototypes -I/build/xen/tools/libs/evtchn/../../../tools/include  -I/build/xen/tools/libs/evtchn/../../../tools/include  -I/build/xen/tools/libs/evtchn/../../../tools/include  -c -o core.o core.c 
riscv64-linux-gnu-gcc  -DBUILD_ID -fno-strict-aliasing -std=gnu99 -Wall -Wstrict-prototypes -Wdeclaration-after-statement -Wno-unused-but-set-variable -Wno-unused-local-typedefs   -g3 -Werror -Og -fno-omit-frame-pointer -D__XEN_INTERFACE_VERSION__=__XEN_LATEST_INTERFACE_VERSION__ -MMD -MP -MF .linux.o.d -D_LARGEFILE_SOURCE -D_LARGEFILE64_SOURCE   -Wmissing-prototypes -I/build/xen/tools/libs/evtchn/../../../tools/include  -I/build/xen/tools/libs/evtchn/../../../tools/include  -I/build/xen/tools/libs/evtchn/../../../tools/include  -c -o linux.o linux.c 
riscv64-linux-gnu-gcc  -DPIC -DBUILD_ID -fno-strict-aliasing -std=gnu99 -Wall -Wstrict-prototypes -Wdeclaration-after-statement -Wno-unused-but-set-variable -Wno-unused-local-typedefs   -g3 -Werror -Og -fno-omit-frame-pointer -D__XEN_INTERFACE_VERSION__=__XEN_LATEST_INTERFACE_VERSION__ -MMD -MP -MF .core.opic.d -D_LARGEFILE_SOURCE -D_LARGEFILE64_SOURCE   -Wmissing-prototypes -I/build/xen/tools/libs/evtchn/../../../tools/include  -I/build/xen/tools/libs/evtchn/../../../tools/include  -I/build/xen/tools/libs/evtchn/../../../tools/include  -fPIC -c -o core.opic core.c 
riscv64-linux-gnu-gcc  -DPIC -DBUILD_ID -fno-strict-aliasing -std=gnu99 -Wall -Wstrict-prototypes -Wdeclaration-after-statement -Wno-unused-but-set-variable -Wno-unused-local-typedefs   -g3 -Werror -Og -fno-omit-frame-pointer -D__XEN_INTERFACE_VERSION__=__XEN_LATEST_INTERFACE_VERSION__ -MMD -MP -MF .linux.opic.d -D_LARGEFILE_SOURCE -D_LARGEFILE64_SOURCE   -Wmissing-prototypes -I/build/xen/tools/libs/evtchn/../../../tools/include  -I/build/xen/tools/libs/evtchn/../../../tools/include  -I/build/xen/tools/libs/evtchn/../../../tools/include  -fPIC -c -o linux.opic linux.c 
{ \
echo "prefix="; \
echo "includedir="; \
echo "libdir="; \
echo ""; \
echo "Name: Xenevtchn"; \
echo "Description: The Xenevtchn library for Xen hypervisor"; \
echo "Version: 1.2"; \
echo "Cflags: -I\${includedir}"; \
echo "Libs: -L\${libdir} -lxenevtchn"; \
echo "Libs.private: "; \
echo "Requires.private: xentoollog,xentoolcore"; \
} > xenevtchn.pc
{ \
echo "prefix=/build/xen/tools/libs/evtchn/../../.."; \
echo "includedir=/build/xen/tools/libs/evtchn/../../../tools/include"; \
echo "libdir=/build/xen/tools/libs/evtchn"; \
echo ""; \
echo "Name: Xenevtchn"; \
echo "Description: The Xenevtchn library for Xen hypervisor"; \
echo "Version: 1.2"; \
echo "Cflags: -I\${includedir}"; \
echo "Libs: -L\${libdir}     -Wl,-rpath-link=/build/xen/tools/libs/evtchn/../../../tools/libs/toolcore -Wl,-rpath-link=/build/xen/tools/libs/evtchn/../../../tools/libs/toollog -Wl,-rpath-link=/build/xen/tools/libs/evtchn/../../../tools/libs/evtchn -lxenevtchn"; \
echo "Libs.private: "; \
echo "Requires.private: xentoollog,xentoolcore"; \
} > /build/xen/tools/pkg-config/xenevtchn.pc
for i in /build/xen/tools/libs/evtchn/../../../tools/include/xenevtchn.h; do \
    riscv64-linux-gnu-gcc -x c -ansi -Wall -Werror -I/build/xen/tools/libs/evtchn/../../../tools/include \
          -S -o /dev/null $i || exit 1; \
    echo $i; \
done >headers.chk.new
mv headers.chk.new headers.chk
riscv64-linux-gnu-ar rc libxenevtchn.a core.o linux.o
riscv64-linux-gnu-gcc     -pthread -Wl,-soname -Wl,libxenevtchn.so.1 -Wl,--version-script=libxenevtchn.map -shared -o libxenevtchn.so.1.2 core.opic linux.opic               /build/xen/tools/libs/evtchn/../../../tools/libs/toollog/libxentoollog.so  /build/xen/tools/libs/evtchn/../../../tools/libs/toolcore/libxentoolcore.so   
ln -sf libxenevtchn.so.1.2 libxenevtchn.so.1
ln -sf libxenevtchn.so.1 libxenevtchn.so
/build/xen/tools/libs/evtchn/../../../tools/cross-install -d -m0755 -p /build/xen/dist/install
/build/xen/tools/libs/evtchn/../../../tools/cross-install -d -m0755 -p /build/xen/dist/install
/build/xen/tools/libs/evtchn/../../../tools/cross-install -m0755 -p libxenevtchn.so.1.2 /build/xen/dist/install
/build/xen/tools/libs/evtchn/../../../tools/cross-install -m0644 -p libxenevtchn.a /build/xen/dist/install
ln -sf libxenevtchn.so.1.2 /build/xen/dist/install/libxenevtchn.so.1
ln -sf libxenevtchn.so.1 /build/xen/dist/install/libxenevtchn.so
for i in  /build/xen/tools/libs/evtchn/../../../tools/include/xenevtchn.h; do /build/xen/tools/libs/evtchn/../../../tools/cross-install -m0644 -p $i /build/xen/dist/install; done
/build/xen/tools/libs/evtchn/../../../tools/cross-install -m0644 -p xenevtchn.pc /build/xen/dist/install
make[7]: Leaving directory '/build/xen/tools/libs/evtchn'
make[6]: Leaving directory '/build/xen/tools/libs'
make[6]: Entering directory '/build/xen/tools/libs'
make -C gnttab install
make[7]: Entering directory '/build/xen/tools/libs/gnttab'
riscv64-linux-gnu-gcc  -DBUILD_ID -fno-strict-aliasing -std=gnu99 -Wall -Wstrict-prototypes -Wdeclaration-after-statement -Wno-unused-but-set-variable -Wno-unused-local-typedefs   -g3 -Werror -Og -fno-omit-frame-pointer -D__XEN_INTERFACE_VERSION__=__XEN_LATEST_INTERFACE_VERSION__ -MMD -MP -MF .gnttab_core.o.d -D_LARGEFILE_SOURCE -D_LARGEFILE64_SOURCE   -Wmissing-prototypes -I/build/xen/tools/libs/gnttab/../../../tools/include  -I/build/xen/tools/libs/gnttab/../../../tools/include  -I/build/xen/tools/libs/gnttab/../../../tools/include  -c -o gnttab_core.o gnttab_core.c 
riscv64-linux-gnu-gcc  -DBUILD_ID -fno-strict-aliasing -std=gnu99 -Wall -Wstrict-prototypes -Wdeclaration-after-statement -Wno-unused-but-set-variable -Wno-unused-local-typedefs   -g3 -Werror -Og -fno-omit-frame-pointer -D__XEN_INTERFACE_VERSION__=__XEN_LATEST_INTERFACE_VERSION__ -MMD -MP -MF .gntshr_core.o.d -D_LARGEFILE_SOURCE -D_LARGEFILE64_SOURCE   -Wmissing-prototypes -I/build/xen/tools/libs/gnttab/../../../tools/include  -I/build/xen/tools/libs/gnttab/../../../tools/include  -I/build/xen/tools/libs/gnttab/../../../tools/include  -c -o gntshr_core.o gntshr_core.c 
riscv64-linux-gnu-gcc  -DBUILD_ID -fno-strict-aliasing -std=gnu99 -Wall -Wstrict-prototypes -Wdeclaration-after-statement -Wno-unused-but-set-variable -Wno-unused-local-typedefs   -g3 -Werror -Og -fno-omit-frame-pointer -D__XEN_INTERFACE_VERSION__=__XEN_LATEST_INTERFACE_VERSION__ -MMD -MP -MF .linux.o.d -D_LARGEFILE_SOURCE -D_LARGEFILE64_SOURCE   -Wmissing-prototypes -I/build/xen/tools/libs/gnttab/../../../tools/include  -I/build/xen/tools/libs/gnttab/../../../tools/include  -I/build/xen/tools/libs/gnttab/../../../tools/include  -c -o linux.o linux.c 
riscv64-linux-gnu-gcc  -DPIC -DBUILD_ID -fno-strict-aliasing -std=gnu99 -Wall -Wstrict-prototypes -Wdeclaration-after-statement -Wno-unused-but-set-variable -Wno-unused-local-typedefs   -g3 -Werror -Og -fno-omit-frame-pointer -D__XEN_INTERFACE_VERSION__=__XEN_LATEST_INTERFACE_VERSION__ -MMD -MP -MF .gnttab_core.opic.d -D_LARGEFILE_SOURCE -D_LARGEFILE64_SOURCE   -Wmissing-prototypes -I/build/xen/tools/libs/gnttab/../../../tools/include  -I/build/xen/tools/libs/gnttab/../../../tools/include  -I/build/xen/tools/libs/gnttab/../../../tools/include  -fPIC -c -o gnttab_core.opic gnttab_core.c 
riscv64-linux-gnu-gcc  -DPIC -DBUILD_ID -fno-strict-aliasing -std=gnu99 -Wall -Wstrict-prototypes -Wdeclaration-after-statement -Wno-unused-but-set-variable -Wno-unused-local-typedefs   -g3 -Werror -Og -fno-omit-frame-pointer -D__XEN_INTERFACE_VERSION__=__XEN_LATEST_INTERFACE_VERSION__ -MMD -MP -MF .gntshr_core.opic.d -D_LARGEFILE_SOURCE -D_LARGEFILE64_SOURCE   -Wmissing-prototypes -I/build/xen/tools/libs/gnttab/../../../tools/include  -I/build/xen/tools/libs/gnttab/../../../tools/include  -I/build/xen/tools/libs/gnttab/../../../tools/include  -fPIC -c -o gntshr_core.opic gntshr_core.c 
riscv64-linux-gnu-gcc  -DPIC -DBUILD_ID -fno-strict-aliasing -std=gnu99 -Wall -Wstrict-prototypes -Wdeclaration-after-statement -Wno-unused-but-set-variable -Wno-unused-local-typedefs   -g3 -Werror -Og -fno-omit-frame-pointer -D__XEN_INTERFACE_VERSION__=__XEN_LATEST_INTERFACE_VERSION__ -MMD -MP -MF .linux.opic.d -D_LARGEFILE_SOURCE -D_LARGEFILE64_SOURCE   -Wmissing-prototypes -I/build/xen/tools/libs/gnttab/../../../tools/include  -I/build/xen/tools/libs/gnttab/../../../tools/include  -I/build/xen/tools/libs/gnttab/../../../tools/include  -fPIC -c -o linux.opic linux.c 
{ \
echo "prefix="; \
echo "includedir="; \
echo "libdir="; \
echo ""; \
echo "Name: Xengnttab"; \
echo "Description: The Xengnttab library for Xen hypervisor"; \
echo "Version: 1.2"; \
echo "Cflags: -I\${includedir}"; \
echo "Libs: -L\${libdir} -lxengnttab"; \
echo "Libs.private: "; \
echo "Requires.private: xentoollog,xentoolcore"; \
} > xengnttab.pc
{ \
echo "prefix=/build/xen/tools/libs/gnttab/../../.."; \
echo "includedir=/build/xen/tools/libs/gnttab/../../../tools/include"; \
echo "libdir=/build/xen/tools/libs/gnttab"; \
echo ""; \
echo "Name: Xengnttab"; \
echo "Description: The Xengnttab library for Xen hypervisor"; \
echo "Version: 1.2"; \
echo "Cflags: -I\${includedir}"; \
echo "Libs: -L\${libdir}     -Wl,-rpath-link=/build/xen/tools/libs/gnttab/../../../tools/libs/toolcore -Wl,-rpath-link=/build/xen/tools/libs/gnttab/../../../tools/libs/toollog -Wl,-rpath-link=/build/xen/tools/libs/gnttab/../../../tools/libs/gnttab -lxengnttab"; \
echo "Libs.private: "; \
echo "Requires.private: xentoollog,xentoolcore"; \
} > /build/xen/tools/pkg-config/xengnttab.pc
for i in /build/xen/tools/libs/gnttab/../../../tools/include/xengnttab.h; do \
    riscv64-linux-gnu-gcc -x c -ansi -Wall -Werror -I/build/xen/tools/libs/gnttab/../../../tools/include \
          -S -o /dev/null $i || exit 1; \
    echo $i; \
done >headers.chk.new
mv headers.chk.new headers.chk
riscv64-linux-gnu-gcc     -pthread -Wl,-soname -Wl,libxengnttab.so.1 -Wl,--version-script=libxengnttab.map -shared -o libxengnttab.so.1.2 gnttab_core.opic gntshr_core.opic linux.opic               /build/xen/tools/libs/gnttab/../../../tools/libs/toollog/libxentoollog.so  /build/xen/tools/libs/gnttab/../../../tools/libs/toolcore/libxentoolcore.so   
riscv64-linux-gnu-ar rc libxengnttab.a gnttab_core.o gntshr_core.o linux.o
ln -sf libxengnttab.so.1.2 libxengnttab.so.1
ln -sf libxengnttab.so.1 libxengnttab.so
/build/xen/tools/libs/gnttab/../../../tools/cross-install -d -m0755 -p /build/xen/dist/install
/build/xen/tools/libs/gnttab/../../../tools/cross-install -d -m0755 -p /build/xen/dist/install
/build/xen/tools/libs/gnttab/../../../tools/cross-install -m0755 -p libxengnttab.so.1.2 /build/xen/dist/install
/build/xen/tools/libs/gnttab/../../../tools/cross-install -m0644 -p libxengnttab.a /build/xen/dist/install
ln -sf libxengnttab.so.1.2 /build/xen/dist/install/libxengnttab.so.1
ln -sf libxengnttab.so.1 /build/xen/dist/install/libxengnttab.so
for i in  /build/xen/tools/libs/gnttab/../../../tools/include/xengnttab.h; do /build/xen/tools/libs/gnttab/../../../tools/cross-install -m0644 -p $i /build/xen/dist/install; done
/build/xen/tools/libs/gnttab/../../../tools/cross-install -m0644 -p xengnttab.pc /build/xen/dist/install
make[7]: Leaving directory '/build/xen/tools/libs/gnttab'
make[6]: Leaving directory '/build/xen/tools/libs'
make[6]: Entering directory '/build/xen/tools/libs'
make -C call install
make[7]: Entering directory '/build/xen/tools/libs/call'
riscv64-linux-gnu-gcc  -DBUILD_ID -fno-strict-aliasing -std=gnu99 -Wall -Wstrict-prototypes -Wdeclaration-after-statement -Wno-unused-but-set-variable -Wno-unused-local-typedefs   -g3 -Werror -Og -fno-omit-frame-pointer -D__XEN_INTERFACE_VERSION__=__XEN_LATEST_INTERFACE_VERSION__ -MMD -MP -MF .core.o.d -D_LARGEFILE_SOURCE -D_LARGEFILE64_SOURCE   -Wmissing-prototypes -I/build/xen/tools/libs/call/../../../tools/include  -I/build/xen/tools/libs/call/../../../tools/include  -I/build/xen/tools/libs/call/../../../tools/include  -c -o core.o core.c 
riscv64-linux-gnu-gcc  -DBUILD_ID -fno-strict-aliasing -std=gnu99 -Wall -Wstrict-prototypes -Wdeclaration-after-statement -Wno-unused-but-set-variable -Wno-unused-local-typedefs   -g3 -Werror -Og -fno-omit-frame-pointer -D__XEN_INTERFACE_VERSION__=__XEN_LATEST_INTERFACE_VERSION__ -MMD -MP -MF .buffer.o.d -D_LARGEFILE_SOURCE -D_LARGEFILE64_SOURCE   -Wmissing-prototypes -I/build/xen/tools/libs/call/../../../tools/include  -I/build/xen/tools/libs/call/../../../tools/include  -I/build/xen/tools/libs/call/../../../tools/include  -c -o buffer.o buffer.c 
riscv64-linux-gnu-gcc  -DBUILD_ID -fno-strict-aliasing -std=gnu99 -Wall -Wstrict-prototypes -Wdeclaration-after-statement -Wno-unused-but-set-variable -Wno-unused-local-typedefs   -g3 -Werror -Og -fno-omit-frame-pointer -D__XEN_INTERFACE_VERSION__=__XEN_LATEST_INTERFACE_VERSION__ -MMD -MP -MF .linux.o.d -D_LARGEFILE_SOURCE -D_LARGEFILE64_SOURCE   -Wmissing-prototypes -I/build/xen/tools/libs/call/../../../tools/include  -I/build/xen/tools/libs/call/../../../tools/include  -I/build/xen/tools/libs/call/../../../tools/include  -c -o linux.o linux.c 
riscv64-linux-gnu-gcc  -DPIC -DBUILD_ID -fno-strict-aliasing -std=gnu99 -Wall -Wstrict-prototypes -Wdeclaration-after-statement -Wno-unused-but-set-variable -Wno-unused-local-typedefs   -g3 -Werror -Og -fno-omit-frame-pointer -D__XEN_INTERFACE_VERSION__=__XEN_LATEST_INTERFACE_VERSION__ -MMD -MP -MF .core.opic.d -D_LARGEFILE_SOURCE -D_LARGEFILE64_SOURCE   -Wmissing-prototypes -I/build/xen/tools/libs/call/../../../tools/include  -I/build/xen/tools/libs/call/../../../tools/include  -I/build/xen/tools/libs/call/../../../tools/include  -fPIC -c -o core.opic core.c 
riscv64-linux-gnu-gcc  -DPIC -DBUILD_ID -fno-strict-aliasing -std=gnu99 -Wall -Wstrict-prototypes -Wdeclaration-after-statement -Wno-unused-but-set-variable -Wno-unused-local-typedefs   -g3 -Werror -Og -fno-omit-frame-pointer -D__XEN_INTERFACE_VERSION__=__XEN_LATEST_INTERFACE_VERSION__ -MMD -MP -MF .buffer.opic.d -D_LARGEFILE_SOURCE -D_LARGEFILE64_SOURCE   -Wmissing-prototypes -I/build/xen/tools/libs/call/../../../tools/include  -I/build/xen/tools/libs/call/../../../tools/include  -I/build/xen/tools/libs/call/../../../tools/include  -fPIC -c -o buffer.opic buffer.c 
riscv64-linux-gnu-gcc  -DPIC -DBUILD_ID -fno-strict-aliasing -std=gnu99 -Wall -Wstrict-prototypes -Wdeclaration-after-statement -Wno-unused-but-set-variable -Wno-unused-local-typedefs   -g3 -Werror -Og -fno-omit-frame-pointer -D__XEN_INTERFACE_VERSION__=__XEN_LATEST_INTERFACE_VERSION__ -MMD -MP -MF .linux.opic.d -D_LARGEFILE_SOURCE -D_LARGEFILE64_SOURCE   -Wmissing-prototypes -I/build/xen/tools/libs/call/../../../tools/include  -I/build/xen/tools/libs/call/../../../tools/include  -I/build/xen/tools/libs/call/../../../tools/include  -fPIC -c -o linux.opic linux.c 
{ \
echo "prefix="; \
echo "includedir="; \
echo "libdir="; \
echo ""; \
echo "Name: Xencall"; \
echo "Description: The Xencall library for Xen hypervisor"; \
echo "Version: 1.3"; \
echo "Cflags: -I\${includedir}"; \
echo "Libs: -L\${libdir} -lxencall"; \
echo "Libs.private: "; \
echo "Requires.private: xentoollog,xentoolcore"; \
} > xencall.pc
{ \
echo "prefix=/build/xen/tools/libs/call/../../.."; \
echo "includedir=/build/xen/tools/libs/call/../../../tools/include"; \
echo "libdir=/build/xen/tools/libs/call"; \
echo ""; \
echo "Name: Xencall"; \
echo "Description: The Xencall library for Xen hypervisor"; \
echo "Version: 1.3"; \
echo "Cflags: -I\${includedir}"; \
echo "Libs: -L\${libdir}     -Wl,-rpath-link=/build/xen/tools/libs/call/../../../tools/libs/toolcore -Wl,-rpath-link=/build/xen/tools/libs/call/../../../tools/libs/toollog -Wl,-rpath-link=/build/xen/tools/libs/call/../../../tools/libs/call -lxencall"; \
echo "Libs.private: "; \
echo "Requires.private: xentoollog,xentoolcore"; \
} > /build/xen/tools/pkg-config/xencall.pc
for i in /build/xen/tools/libs/call/../../../tools/include/xencall.h; do \
    riscv64-linux-gnu-gcc -x c -ansi -Wall -Werror -I/build/xen/tools/libs/call/../../../tools/include \
          -S -o /dev/null $i || exit 1; \
    echo $i; \
done >headers.chk.new
mv headers.chk.new headers.chk
riscv64-linux-gnu-ar rc libxencall.a core.o buffer.o linux.o
riscv64-linux-gnu-gcc     -pthread -Wl,-soname -Wl,libxencall.so.1 -Wl,--version-script=libxencall.map -shared -o libxencall.so.1.3 core.opic buffer.opic linux.opic               /build/xen/tools/libs/call/../../../tools/libs/toollog/libxentoollog.so  /build/xen/tools/libs/call/../../../tools/libs/toolcore/libxentoolcore.so   
ln -sf libxencall.so.1.3 libxencall.so.1
ln -sf libxencall.so.1 libxencall.so
/build/xen/tools/libs/call/../../../tools/cross-install -d -m0755 -p /build/xen/dist/install
/build/xen/tools/libs/call/../../../tools/cross-install -d -m0755 -p /build/xen/dist/install
/build/xen/tools/libs/call/../../../tools/cross-install -m0755 -p libxencall.so.1.3 /build/xen/dist/install
/build/xen/tools/libs/call/../../../tools/cross-install -m0644 -p libxencall.a /build/xen/dist/install
ln -sf libxencall.so.1.3 /build/xen/dist/install/libxencall.so.1
ln -sf libxencall.so.1 /build/xen/dist/install/libxencall.so
for i in  /build/xen/tools/libs/call/../../../tools/include/xencall.h; do /build/xen/tools/libs/call/../../../tools/cross-install -m0644 -p $i /build/xen/dist/install; done
/build/xen/tools/libs/call/../../../tools/cross-install -m0644 -p xencall.pc /build/xen/dist/install
make[7]: Leaving directory '/build/xen/tools/libs/call'
make[6]: Leaving directory '/build/xen/tools/libs'
make[6]: Entering directory '/build/xen/tools/libs'
make -C foreignmemory install
make[7]: Entering directory '/build/xen/tools/libs/foreignmemory'
riscv64-linux-gnu-gcc  -DBUILD_ID -fno-strict-aliasing -std=gnu99 -Wall -Wstrict-prototypes -Wdeclaration-after-statement -Wno-unused-but-set-variable -Wno-unused-local-typedefs   -g3 -Werror -Og -fno-omit-frame-pointer -D__XEN_INTERFACE_VERSION__=__XEN_LATEST_INTERFACE_VERSION__ -MMD -MP -MF .core.o.d -D_LARGEFILE_SOURCE -D_LARGEFILE64_SOURCE   -Wmissing-prototypes -I/build/xen/tools/libs/foreignmemory/../../../tools/include  -I/build/xen/tools/libs/foreignmemory/../../../tools/include  -I/build/xen/tools/libs/foreignmemory/../../../tools/include  -c -o core.o core.c 
riscv64-linux-gnu-gcc  -DBUILD_ID -fno-strict-aliasing -std=gnu99 -Wall -Wstrict-prototypes -Wdeclaration-after-statement -Wno-unused-but-set-variable -Wno-unused-local-typedefs   -g3 -Werror -Og -fno-omit-frame-pointer -D__XEN_INTERFACE_VERSION__=__XEN_LATEST_INTERFACE_VERSION__ -MMD -MP -MF .linux.o.d -D_LARGEFILE_SOURCE -D_LARGEFILE64_SOURCE   -Wmissing-prototypes -I/build/xen/tools/libs/foreignmemory/../../../tools/include  -I/build/xen/tools/libs/foreignmemory/../../../tools/include  -I/build/xen/tools/libs/foreignmemory/../../../tools/include  -c -o linux.o linux.c 
riscv64-linux-gnu-gcc  -DPIC -DBUILD_ID -fno-strict-aliasing -std=gnu99 -Wall -Wstrict-prototypes -Wdeclaration-after-statement -Wno-unused-but-set-variable -Wno-unused-local-typedefs   -g3 -Werror -Og -fno-omit-frame-pointer -D__XEN_INTERFACE_VERSION__=__XEN_LATEST_INTERFACE_VERSION__ -MMD -MP -MF .core.opic.d -D_LARGEFILE_SOURCE -D_LARGEFILE64_SOURCE   -Wmissing-prototypes -I/build/xen/tools/libs/foreignmemory/../../../tools/include  -I/build/xen/tools/libs/foreignmemory/../../../tools/include  -I/build/xen/tools/libs/foreignmemory/../../../tools/include  -fPIC -c -o core.opic core.c 
riscv64-linux-gnu-gcc  -DPIC -DBUILD_ID -fno-strict-aliasing -std=gnu99 -Wall -Wstrict-prototypes -Wdeclaration-after-statement -Wno-unused-but-set-variable -Wno-unused-local-typedefs   -g3 -Werror -Og -fno-omit-frame-pointer -D__XEN_INTERFACE_VERSION__=__XEN_LATEST_INTERFACE_VERSION__ -MMD -MP -MF .linux.opic.d -D_LARGEFILE_SOURCE -D_LARGEFILE64_SOURCE   -Wmissing-prototypes -I/build/xen/tools/libs/foreignmemory/../../../tools/include  -I/build/xen/tools/libs/foreignmemory/../../../tools/include  -I/build/xen/tools/libs/foreignmemory/../../../tools/include  -fPIC -c -o linux.opic linux.c 
{ \
echo "prefix="; \
echo "includedir="; \
echo "libdir="; \
echo ""; \
echo "Name: Xenforeignmemory"; \
echo "Description: The Xenforeignmemory library for Xen hypervisor"; \
echo "Version: 1.4"; \
echo "Cflags: -I\${includedir}"; \
echo "Libs: -L\${libdir} -lxenforeignmemory"; \
echo "Libs.private: "; \
echo "Requires.private: xentoollog,xentoolcore"; \
} > xenforeignmemory.pc
{ \
echo "prefix=/build/xen/tools/libs/foreignmemory/../../.."; \
echo "includedir=/build/xen/tools/libs/foreignmemory/../../../tools/include"; \
echo "libdir=/build/xen/tools/libs/foreignmemory"; \
echo ""; \
echo "Name: Xenforeignmemory"; \
echo "Description: The Xenforeignmemory library for Xen hypervisor"; \
echo "Version: 1.4"; \
echo "Cflags: -I\${includedir}"; \
echo "Libs: -L\${libdir}     -Wl,-rpath-link=/build/xen/tools/libs/foreignmemory/../../../tools/libs/toolcore -Wl,-rpath-link=/build/xen/tools/libs/foreignmemory/../../../tools/libs/toollog -Wl,-rpath-link=/build/xen/tools/libs/foreignmemory/../../../tools/libs/foreignmemory -lxenforeignmemory"; \
echo "Libs.private: "; \
echo "Requires.private: xentoollog,xentoolcore"; \
} > /build/xen/tools/pkg-config/xenforeignmemory.pc
for i in /build/xen/tools/libs/foreignmemory/../../../tools/include/xenforeignmemory.h; do \
    riscv64-linux-gnu-gcc -x c -ansi -Wall -Werror -I/build/xen/tools/libs/foreignmemory/../../../tools/include \
          -S -o /dev/null $i || exit 1; \
    echo $i; \
done >headers.chk.new
mv headers.chk.new headers.chk
riscv64-linux-gnu-gcc     -pthread -Wl,-soname -Wl,libxenforeignmemory.so.1 -Wl,--version-script=libxenforeignmemory.map -shared -o libxenforeignmemory.so.1.4 core.opic linux.opic               /build/xen/tools/libs/foreignmemory/../../../tools/libs/toollog/libxentoollog.so  /build/xen/tools/libs/foreignmemory/../../../tools/libs/toolcore/libxentoolcore.so   
riscv64-linux-gnu-ar rc libxenforeignmemory.a core.o linux.o
ln -sf libxenforeignmemory.so.1.4 libxenforeignmemory.so.1
ln -sf libxenforeignmemory.so.1 libxenforeignmemory.so
/build/xen/tools/libs/foreignmemory/../../../tools/cross-install -d -m0755 -p /build/xen/dist/install
/build/xen/tools/libs/foreignmemory/../../../tools/cross-install -d -m0755 -p /build/xen/dist/install
/build/xen/tools/libs/foreignmemory/../../../tools/cross-install -m0755 -p libxenforeignmemory.so.1.4 /build/xen/dist/install
/build/xen/tools/libs/foreignmemory/../../../tools/cross-install -m0644 -p libxenforeignmemory.a /build/xen/dist/install
ln -sf libxenforeignmemory.so.1.4 /build/xen/dist/install/libxenforeignmemory.so.1
ln -sf libxenforeignmemory.so.1 /build/xen/dist/install/libxenforeignmemory.so
for i in  /build/xen/tools/libs/foreignmemory/../../../tools/include/xenforeignmemory.h; do /build/xen/tools/libs/foreignmemory/../../../tools/cross-install -m0644 -p $i /build/xen/dist/install; done
/build/xen/tools/libs/foreignmemory/../../../tools/cross-install -m0644 -p xenforeignmemory.pc /build/xen/dist/install
make[7]: Leaving directory '/build/xen/tools/libs/foreignmemory'
make[6]: Leaving directory '/build/xen/tools/libs'
make[6]: Entering directory '/build/xen/tools/libs'
make -C devicemodel install
make[7]: Entering directory '/build/xen/tools/libs/devicemodel'
riscv64-linux-gnu-gcc  -DBUILD_ID -fno-strict-aliasing -std=gnu99 -Wall -Wstrict-prototypes -Wdeclaration-after-statement -Wno-unused-but-set-variable -Wno-unused-local-typedefs   -g3 -Werror -Og -fno-omit-frame-pointer -D__XEN_INTERFACE_VERSION__=__XEN_LATEST_INTERFACE_VERSION__ -MMD -MP -MF .core.o.d -D_LARGEFILE_SOURCE -D_LARGEFILE64_SOURCE   -Wmissing-prototypes -I/build/xen/tools/libs/devicemodel/../../../tools/include  -I/build/xen/tools/libs/devicemodel/../../../tools/include  -I/build/xen/tools/libs/devicemodel/../../../tools/include  -I/build/xen/tools/libs/devicemodel/../../../tools/include  -c -o core.o core.c 
riscv64-linux-gnu-gcc  -DBUILD_ID -fno-strict-aliasing -std=gnu99 -Wall -Wstrict-prototypes -Wdeclaration-after-statement -Wno-unused-but-set-variable -Wno-unused-local-typedefs   -g3 -Werror -Og -fno-omit-frame-pointer -D__XEN_INTERFACE_VERSION__=__XEN_LATEST_INTERFACE_VERSION__ -MMD -MP -MF .common.o.d -D_LARGEFILE_SOURCE -D_LARGEFILE64_SOURCE   -Wmissing-prototypes -I/build/xen/tools/libs/devicemodel/../../../tools/include  -I/build/xen/tools/libs/devicemodel/../../../tools/include  -I/build/xen/tools/libs/devicemodel/../../../tools/include  -I/build/xen/tools/libs/devicemodel/../../../tools/include  -c -o common.o common.c 
riscv64-linux-gnu-gcc  -DPIC -DBUILD_ID -fno-strict-aliasing -std=gnu99 -Wall -Wstrict-prototypes -Wdeclaration-after-statement -Wno-unused-but-set-variable -Wno-unused-local-typedefs   -g3 -Werror -Og -fno-omit-frame-pointer -D__XEN_INTERFACE_VERSION__=__XEN_LATEST_INTERFACE_VERSION__ -MMD -MP -MF .core.opic.d -D_LARGEFILE_SOURCE -D_LARGEFILE64_SOURCE   -Wmissing-prototypes -I/build/xen/tools/libs/devicemodel/../../../tools/include  -I/build/xen/tools/libs/devicemodel/../../../tools/include  -I/build/xen/tools/libs/devicemodel/../../../tools/include  -I/build/xen/tools/libs/devicemodel/../../../tools/include  -fPIC -c -o core.opic core.c 
riscv64-linux-gnu-gcc  -DPIC -DBUILD_ID -fno-strict-aliasing -std=gnu99 -Wall -Wstrict-prototypes -Wdeclaration-after-statement -Wno-unused-but-set-variable -Wno-unused-local-typedefs   -g3 -Werror -Og -fno-omit-frame-pointer -D__XEN_INTERFACE_VERSION__=__XEN_LATEST_INTERFACE_VERSION__ -MMD -MP -MF .common.opic.d -D_LARGEFILE_SOURCE -D_LARGEFILE64_SOURCE   -Wmissing-prototypes -I/build/xen/tools/libs/devicemodel/../../../tools/include  -I/build/xen/tools/libs/devicemodel/../../../tools/include  -I/build/xen/tools/libs/devicemodel/../../../tools/include  -I/build/xen/tools/libs/devicemodel/../../../tools/include  -fPIC -c -o common.opic common.c 
{ \
echo "prefix="; \
echo "includedir="; \
echo "libdir="; \
echo ""; \
echo "Name: Xendevicemodel"; \
echo "Description: The Xendevicemodel library for Xen hypervisor"; \
echo "Version: 1.4"; \
echo "Cflags: -I\${includedir}"; \
echo "Libs: -L\${libdir} -lxendevicemodel"; \
echo "Libs.private: "; \
echo "Requires.private: xentoollog,xentoolcore,xencall"; \
} > xendevicemodel.pc
{ \
echo "prefix=/build/xen/tools/libs/devicemodel/../../.."; \
echo "includedir=/build/xen/tools/libs/devicemodel/../../../tools/include"; \
echo "libdir=/build/xen/tools/libs/devicemodel"; \
echo ""; \
echo "Name: Xendevicemodel"; \
echo "Description: The Xendevicemodel library for Xen hypervisor"; \
echo "Version: 1.4"; \
echo "Cflags: -I\${includedir}"; \
echo "Libs: -L\${libdir}     -Wl,-rpath-link=/build/xen/tools/libs/devicemodel/../../../tools/libs/call -Wl,-rpath-link=/build/xen/tools/libs/devicemodel/../../../tools/libs/toolcore -Wl,-rpath-link=/build/xen/tools/libs/devicemodel/../../../tools/libs/toollog -Wl,-rpath-link=/build/xen/tools/libs/devicemodel/../../../tools/libs/devicemodel -lxendevicemodel"; \
echo "Libs.private: "; \
echo "Requires.private: xentoollog,xentoolcore,xencall"; \
} > /build/xen/tools/pkg-config/xendevicemodel.pc
for i in /build/xen/tools/libs/devicemodel/../../../tools/include/xendevicemodel.h; do \
    riscv64-linux-gnu-gcc -x c -ansi -Wall -Werror -I/build/xen/tools/libs/devicemodel/../../../tools/include \
          -S -o /dev/null $i || exit 1; \
    echo $i; \
done >headers.chk.new
mv headers.chk.new headers.chk
riscv64-linux-gnu-ar rc libxendevicemodel.a core.o common.o
riscv64-linux-gnu-gcc     -pthread -Wl,-soname -Wl,libxendevicemodel.so.1 -Wl,--version-script=libxendevicemodel.map -shared -o libxendevicemodel.so.1.4 core.opic common.opic         -Wl,-rpath-link=/build/xen/tools/libs/devicemodel/../../../tools/libs/toolcore -Wl,-rpath-link=/build/xen/tools/libs/devicemodel/../../../tools/libs/toollog      /build/xen/tools/libs/devicemodel/../../../tools/libs/toollog/libxentoollog.so  /build/xen/tools/libs/devicemodel/../../../tools/libs/toolcore/libxentoolcore.so  /build/xen/tools/libs/devicemodel/../../../tools/libs/call/libxencall.so    
ln -sf libxendevicemodel.so.1.4 libxendevicemodel.so.1
ln -sf libxendevicemodel.so.1 libxendevicemodel.so
/build/xen/tools/libs/devicemodel/../../../tools/cross-install -d -m0755 -p /build/xen/dist/install
/build/xen/tools/libs/devicemodel/../../../tools/cross-install -d -m0755 -p /build/xen/dist/install
/build/xen/tools/libs/devicemodel/../../../tools/cross-install -m0755 -p libxendevicemodel.so.1.4 /build/xen/dist/install
/build/xen/tools/libs/devicemodel/../../../tools/cross-install -m0644 -p libxendevicemodel.a /build/xen/dist/install
ln -sf libxendevicemodel.so.1.4 /build/xen/dist/install/libxendevicemodel.so.1
ln -sf libxendevicemodel.so.1 /build/xen/dist/install/libxendevicemodel.so
for i in  /build/xen/tools/libs/devicemodel/../../../tools/include/xendevicemodel.h; do /build/xen/tools/libs/devicemodel/../../../tools/cross-install -m0644 -p $i /build/xen/dist/install; done
/build/xen/tools/libs/devicemodel/../../../tools/cross-install -m0644 -p xendevicemodel.pc /build/xen/dist/install
make[7]: Leaving directory '/build/xen/tools/libs/devicemodel'
make[6]: Leaving directory '/build/xen/tools/libs'
make[6]: Entering directory '/build/xen/tools/libs'
make -C ctrl install
make[7]: Entering directory '/build/xen/tools/libs/ctrl'
riscv64-linux-gnu-gcc  -DBUILD_ID -fno-strict-aliasing -std=gnu99 -Wall -Wstrict-prototypes -Wdeclaration-after-statement -Wno-unused-but-set-variable -Wno-unused-local-typedefs   -g3 -Werror -Og -fno-omit-frame-pointer -D__XEN_INTERFACE_VERSION__=__XEN_LATEST_INTERFACE_VERSION__ -MMD -MP -MF .xc_altp2m.o.d -D_LARGEFILE_SOURCE -D_LARGEFILE64_SOURCE -D_GNU_SOURCE  -D__XEN_TOOLS__ -pthread -include /build/xen/tools/libs/ctrl/../../../tools/config.h -Wmissing-prototypes -I/build/xen/tools/libs/ctrl/../../../tools/include  -I/build/xen/tools/libs/ctrl/../../../tools/include  -I/build/xen/tools/libs/ctrl/../../../tools/include  -I/build/xen/tools/libs/ctrl/../../../tools/include  -I/build/xen/tools/libs/ctrl/../../../tools/include  -I/build/xen/tools/libs/ctrl/../../../tools/include  -I/build/xen/tools/libs/ctrl/../../../tools/include  -c -o xc_altp2m.o xc_altp2m.c 
riscv64-linux-gnu-gcc  -DBUILD_ID -fno-strict-aliasing -std=gnu99 -Wall -Wstrict-prototypes -Wdeclaration-after-statement -Wno-unused-but-set-variable -Wno-unused-local-typedefs   -g3 -Werror -Og -fno-omit-frame-pointer -D__XEN_INTERFACE_VERSION__=__XEN_LATEST_INTERFACE_VERSION__ -MMD -MP -MF .xc_cpupool.o.d -D_LARGEFILE_SOURCE -D_LARGEFILE64_SOURCE -D_GNU_SOURCE  -D__XEN_TOOLS__ -pthread -include /build/xen/tools/libs/ctrl/../../../tools/config.h -Wmissing-prototypes -I/build/xen/tools/libs/ctrl/../../../tools/include  -I/build/xen/tools/libs/ctrl/../../../tools/include  -I/build/xen/tools/libs/ctrl/../../../tools/include  -I/build/xen/tools/libs/ctrl/../../../tools/include  -I/build/xen/tools/libs/ctrl/../../../tools/include  -I/build/xen/tools/libs/ctrl/../../../tools/include  -I/build/xen/tools/libs/ctrl/../../../tools/include  -c -o xc_cpupool.o xc_cpupool.c 
riscv64-linux-gnu-gcc  -DBUILD_ID -fno-strict-aliasing -std=gnu99 -Wall -Wstrict-prototypes -Wdeclaration-after-statement -Wno-unused-but-set-variable -Wno-unused-local-typedefs   -g3 -Werror -Og -fno-omit-frame-pointer -D__XEN_INTERFACE_VERSION__=__XEN_LATEST_INTERFACE_VERSION__ -MMD -MP -MF .xc_domain.o.d -D_LARGEFILE_SOURCE -D_LARGEFILE64_SOURCE -D_GNU_SOURCE  -D__XEN_TOOLS__ -pthread -include /build/xen/tools/libs/ctrl/../../../tools/config.h -Wmissing-prototypes -I/build/xen/tools/libs/ctrl/../../../tools/include  -I/build/xen/tools/libs/ctrl/../../../tools/include  -I/build/xen/tools/libs/ctrl/../../../tools/include  -I/build/xen/tools/libs/ctrl/../../../tools/include  -I/build/xen/tools/libs/ctrl/../../../tools/include  -I/build/xen/tools/libs/ctrl/../../../tools/include  -I/build/xen/tools/libs/ctrl/../../../tools/include  -c -o xc_domain.o xc_domain.c 
riscv64-linux-gnu-gcc  -DBUILD_ID -fno-strict-aliasing -std=gnu99 -Wall -Wstrict-prototypes -Wdeclaration-after-statement -Wno-unused-but-set-variable -Wno-unused-local-typedefs   -g3 -Werror -Og -fno-omit-frame-pointer -D__XEN_INTERFACE_VERSION__=__XEN_LATEST_INTERFACE_VERSION__ -MMD -MP -MF .xc_evtchn.o.d -D_LARGEFILE_SOURCE -D_LARGEFILE64_SOURCE -D_GNU_SOURCE  -D__XEN_TOOLS__ -pthread -include /build/xen/tools/libs/ctrl/../../../tools/config.h -Wmissing-prototypes -I/build/xen/tools/libs/ctrl/../../../tools/include  -I/build/xen/tools/libs/ctrl/../../../tools/include  -I/build/xen/tools/libs/ctrl/../../../tools/include  -I/build/xen/tools/libs/ctrl/../../../tools/include  -I/build/xen/tools/libs/ctrl/../../../tools/include  -I/build/xen/tools/libs/ctrl/../../../tools/include  -I/build/xen/tools/libs/ctrl/../../../tools/include  -c -o xc_evtchn.o xc_evtchn.c 
riscv64-linux-gnu-gcc  -DBUILD_ID -fno-strict-aliasing -std=gnu99 -Wall -Wstrict-prototypes -Wdeclaration-after-statement -Wno-unused-but-set-variable -Wno-unused-local-typedefs   -g3 -Werror -Og -fno-omit-frame-pointer -D__XEN_INTERFACE_VERSION__=__XEN_LATEST_INTERFACE_VERSION__ -MMD -MP -MF .xc_gnttab.o.d -D_LARGEFILE_SOURCE -D_LARGEFILE64_SOURCE -D_GNU_SOURCE  -D__XEN_TOOLS__ -pthread -include /build/xen/tools/libs/ctrl/../../../tools/config.h -Wmissing-prototypes -I/build/xen/tools/libs/ctrl/../../../tools/include  -I/build/xen/tools/libs/ctrl/../../../tools/include  -I/build/xen/tools/libs/ctrl/../../../tools/include  -I/build/xen/tools/libs/ctrl/../../../tools/include  -I/build/xen/tools/libs/ctrl/../../../tools/include  -I/build/xen/tools/libs/ctrl/../../../tools/include  -I/build/xen/tools/libs/ctrl/../../../tools/include  -c -o xc_gnttab.o xc_gnttab.c 
riscv64-linux-gnu-gcc  -DBUILD_ID -fno-strict-aliasing -std=gnu99 -Wall -Wstrict-prototypes -Wdeclaration-after-statement -Wno-unused-but-set-variable -Wno-unused-local-typedefs   -g3 -Werror -Og -fno-omit-frame-pointer -D__XEN_INTERFACE_VERSION__=__XEN_LATEST_INTERFACE_VERSION__ -MMD -MP -MF .xc_misc.o.d -D_LARGEFILE_SOURCE -D_LARGEFILE64_SOURCE -D_GNU_SOURCE  -D__XEN_TOOLS__ -pthread -include /build/xen/tools/libs/ctrl/../../../tools/config.h -Wmissing-prototypes -I/build/xen/tools/libs/ctrl/../../../tools/include  -I/build/xen/tools/libs/ctrl/../../../tools/include  -I/build/xen/tools/libs/ctrl/../../../tools/include  -I/build/xen/tools/libs/ctrl/../../../tools/include  -I/build/xen/tools/libs/ctrl/../../../tools/include  -I/build/xen/tools/libs/ctrl/../../../tools/include  -I/build/xen/tools/libs/ctrl/../../../tools/include  -c -o xc_misc.o xc_misc.c 
riscv64-linux-gnu-gcc  -DBUILD_ID -fno-strict-aliasing -std=gnu99 -Wall -Wstrict-prototypes -Wdeclaration-after-statement -Wno-unused-but-set-variable -Wno-unused-local-typedefs   -g3 -Werror -Og -fno-omit-frame-pointer -D__XEN_INTERFACE_VERSION__=__XEN_LATEST_INTERFACE_VERSION__ -MMD -MP -MF .xc_flask.o.d -D_LARGEFILE_SOURCE -D_LARGEFILE64_SOURCE -D_GNU_SOURCE  -D__XEN_TOOLS__ -pthread -include /build/xen/tools/libs/ctrl/../../../tools/config.h -Wmissing-prototypes -I/build/xen/tools/libs/ctrl/../../../tools/include  -I/build/xen/tools/libs/ctrl/../../../tools/include  -I/build/xen/tools/libs/ctrl/../../../tools/include  -I/build/xen/tools/libs/ctrl/../../../tools/include  -I/build/xen/tools/libs/ctrl/../../../tools/include  -I/build/xen/tools/libs/ctrl/../../../tools/include  -I/build/xen/tools/libs/ctrl/../../../tools/include  -c -o xc_flask.o xc_flask.c 
riscv64-linux-gnu-gcc  -DBUILD_ID -fno-strict-aliasing -std=gnu99 -Wall -Wstrict-prototypes -Wdeclaration-after-statement -Wno-unused-but-set-variable -Wno-unused-local-typedefs   -g3 -Werror -Og -fno-omit-frame-pointer -D__XEN_INTERFACE_VERSION__=__XEN_LATEST_INTERFACE_VERSION__ -MMD -MP -MF .xc_physdev.o.d -D_LARGEFILE_SOURCE -D_LARGEFILE64_SOURCE -D_GNU_SOURCE  -D__XEN_TOOLS__ -pthread -include /build/xen/tools/libs/ctrl/../../../tools/config.h -Wmissing-prototypes -I/build/xen/tools/libs/ctrl/../../../tools/include  -I/build/xen/tools/libs/ctrl/../../../tools/include  -I/build/xen/tools/libs/ctrl/../../../tools/include  -I/build/xen/tools/libs/ctrl/../../../tools/include  -I/build/xen/tools/libs/ctrl/../../../tools/include  -I/build/xen/tools/libs/ctrl/../../../tools/include  -I/build/xen/tools/libs/ctrl/../../../tools/include  -c -o xc_physdev.o xc_physdev.c 
riscv64-linux-gnu-gcc  -DBUILD_ID -fno-strict-aliasing -std=gnu99 -Wall -Wstrict-prototypes -Wdeclaration-after-statement -Wno-unused-but-set-variable -Wno-unused-local-typedefs   -g3 -Werror -Og -fno-omit-frame-pointer -D__XEN_INTERFACE_VERSION__=__XEN_LATEST_INTERFACE_VERSION__ -MMD -MP -MF .xc_private.o.d -D_LARGEFILE_SOURCE -D_LARGEFILE64_SOURCE -D_GNU_SOURCE  -D__XEN_TOOLS__ -pthread -include /build/xen/tools/libs/ctrl/../../../tools/config.h -Wmissing-prototypes -I/build/xen/tools/libs/ctrl/../../../tools/include  -I/build/xen/tools/libs/ctrl/../../../tools/include  -I/build/xen/tools/libs/ctrl/../../../tools/include  -I/build/xen/tools/libs/ctrl/../../../tools/include  -I/build/xen/tools/libs/ctrl/../../../tools/include  -I/build/xen/tools/libs/ctrl/../../../tools/include  -I/build/xen/tools/libs/ctrl/../../../tools/include  -c -o xc_private.o xc_private.c 
riscv64-linux-gnu-gcc  -DBUILD_ID -fno-strict-aliasing -std=gnu99 -Wall -Wstrict-prototypes -Wdeclaration-after-statement -Wno-unused-but-set-variable -Wno-unused-local-typedefs   -g3 -Werror -Og -fno-omit-frame-pointer -D__XEN_INTERFACE_VERSION__=__XEN_LATEST_INTERFACE_VERSION__ -MMD -MP -MF .xc_csched.o.d -D_LARGEFILE_SOURCE -D_LARGEFILE64_SOURCE -D_GNU_SOURCE  -D__XEN_TOOLS__ -pthread -include /build/xen/tools/libs/ctrl/../../../tools/config.h -Wmissing-prototypes -I/build/xen/tools/libs/ctrl/../../../tools/include  -I/build/xen/tools/libs/ctrl/../../../tools/include  -I/build/xen/tools/libs/ctrl/../../../tools/include  -I/build/xen/tools/libs/ctrl/../../../tools/include  -I/build/xen/tools/libs/ctrl/../../../tools/include  -I/build/xen/tools/libs/ctrl/../../../tools/include  -I/build/xen/tools/libs/ctrl/../../../tools/include  -c -o xc_csched.o xc_csched.c 
riscv64-linux-gnu-gcc  -DBUILD_ID -fno-strict-aliasing -std=gnu99 -Wall -Wstrict-prototypes -Wdeclaration-after-statement -Wno-unused-but-set-variable -Wno-unused-local-typedefs   -g3 -Werror -Og -fno-omit-frame-pointer -D__XEN_INTERFACE_VERSION__=__XEN_LATEST_INTERFACE_VERSION__ -MMD -MP -MF .xc_csched2.o.d -D_LARGEFILE_SOURCE -D_LARGEFILE64_SOURCE -D_GNU_SOURCE  -D__XEN_TOOLS__ -pthread -include /build/xen/tools/libs/ctrl/../../../tools/config.h -Wmissing-prototypes -I/build/xen/tools/libs/ctrl/../../../tools/include  -I/build/xen/tools/libs/ctrl/../../../tools/include  -I/build/xen/tools/libs/ctrl/../../../tools/include  -I/build/xen/tools/libs/ctrl/../../../tools/include  -I/build/xen/tools/libs/ctrl/../../../tools/include  -I/build/xen/tools/libs/ctrl/../../../tools/include  -I/build/xen/tools/libs/ctrl/../../../tools/include  -c -o xc_csched2.o xc_csched2.c 
riscv64-linux-gnu-gcc  -DBUILD_ID -fno-strict-aliasing -std=gnu99 -Wall -Wstrict-prototypes -Wdeclaration-after-statement -Wno-unused-but-set-variable -Wno-unused-local-typedefs   -g3 -Werror -Og -fno-omit-frame-pointer -D__XEN_INTERFACE_VERSION__=__XEN_LATEST_INTERFACE_VERSION__ -MMD -MP -MF .xc_arinc653.o.d -D_LARGEFILE_SOURCE -D_LARGEFILE64_SOURCE -D_GNU_SOURCE  -D__XEN_TOOLS__ -pthread -include /build/xen/tools/libs/ctrl/../../../tools/config.h -Wmissing-prototypes -I/build/xen/tools/libs/ctrl/../../../tools/include  -I/build/xen/tools/libs/ctrl/../../../tools/include  -I/build/xen/tools/libs/ctrl/../../../tools/include  -I/build/xen/tools/libs/ctrl/../../../tools/include  -I/build/xen/tools/libs/ctrl/../../../tools/include  -I/build/xen/tools/libs/ctrl/../../../tools/include  -I/build/xen/tools/libs/ctrl/../../../tools/include  -c -o xc_arinc653.o xc_arinc653.c 
riscv64-linux-gnu-gcc  -DBUILD_ID -fno-strict-aliasing -std=gnu99 -Wall -Wstrict-prototypes -Wdeclaration-after-statement -Wno-unused-but-set-variable -Wno-unused-local-typedefs   -g3 -Werror -Og -fno-omit-frame-pointer -D__XEN_INTERFACE_VERSION__=__XEN_LATEST_INTERFACE_VERSION__ -MMD -MP -MF .xc_rt.o.d -D_LARGEFILE_SOURCE -D_LARGEFILE64_SOURCE -D_GNU_SOURCE  -D__XEN_TOOLS__ -pthread -include /build/xen/tools/libs/ctrl/../../../tools/config.h -Wmissing-prototypes -I/build/xen/tools/libs/ctrl/../../../tools/include  -I/build/xen/tools/libs/ctrl/../../../tools/include  -I/build/xen/tools/libs/ctrl/../../../tools/include  -I/build/xen/tools/libs/ctrl/../../../tools/include  -I/build/xen/tools/libs/ctrl/../../../tools/include  -I/build/xen/tools/libs/ctrl/../../../tools/include  -I/build/xen/tools/libs/ctrl/../../../tools/include  -c -o xc_rt.o xc_rt.c 
riscv64-linux-gnu-gcc  -DBUILD_ID -fno-strict-aliasing -std=gnu99 -Wall -Wstrict-prototypes -Wdeclaration-after-statement -Wno-unused-but-set-variable -Wno-unused-local-typedefs   -g3 -Werror -Og -fno-omit-frame-pointer -D__XEN_INTERFACE_VERSION__=__XEN_LATEST_INTERFACE_VERSION__ -MMD -MP -MF .xc_tbuf.o.d -D_LARGEFILE_SOURCE -D_LARGEFILE64_SOURCE -D_GNU_SOURCE  -D__XEN_TOOLS__ -pthread -include /build/xen/tools/libs/ctrl/../../../tools/config.h -Wmissing-prototypes -I/build/xen/tools/libs/ctrl/../../../tools/include  -I/build/xen/tools/libs/ctrl/../../../tools/include  -I/build/xen/tools/libs/ctrl/../../../tools/include  -I/build/xen/tools/libs/ctrl/../../../tools/include  -I/build/xen/tools/libs/ctrl/../../../tools/include  -I/build/xen/tools/libs/ctrl/../../../tools/include  -I/build/xen/tools/libs/ctrl/../../../tools/include  -c -o xc_tbuf.o xc_tbuf.c 
riscv64-linux-gnu-gcc  -DBUILD_ID -fno-strict-aliasing -std=gnu99 -Wall -Wstrict-prototypes -Wdeclaration-after-statement -Wno-unused-but-set-variable -Wno-unused-local-typedefs   -g3 -Werror -Og -fno-omit-frame-pointer -D__XEN_INTERFACE_VERSION__=__XEN_LATEST_INTERFACE_VERSION__ -MMD -MP -MF .xc_pm.o.d -D_LARGEFILE_SOURCE -D_LARGEFILE64_SOURCE -D_GNU_SOURCE  -D__XEN_TOOLS__ -pthread -include /build/xen/tools/libs/ctrl/../../../tools/config.h -Wmissing-prototypes -I/build/xen/tools/libs/ctrl/../../../tools/include  -I/build/xen/tools/libs/ctrl/../../../tools/include  -I/build/xen/tools/libs/ctrl/../../../tools/include  -I/build/xen/tools/libs/ctrl/../../../tools/include  -I/build/xen/tools/libs/ctrl/../../../tools/include  -I/build/xen/tools/libs/ctrl/../../../tools/include  -I/build/xen/tools/libs/ctrl/../../../tools/include  -c -o xc_pm.o xc_pm.c 
riscv64-linux-gnu-gcc  -DBUILD_ID -fno-strict-aliasing -std=gnu99 -Wall -Wstrict-prototypes -Wdeclaration-after-statement -Wno-unused-but-set-variable -Wno-unused-local-typedefs   -g3 -Werror -Og -fno-omit-frame-pointer -D__XEN_INTERFACE_VERSION__=__XEN_LATEST_INTERFACE_VERSION__ -MMD -MP -MF .xc_cpu_hotplug.o.d -D_LARGEFILE_SOURCE -D_LARGEFILE64_SOURCE -D_GNU_SOURCE  -D__XEN_TOOLS__ -pthread -include /build/xen/tools/libs/ctrl/../../../tools/config.h -Wmissing-prototypes -I/build/xen/tools/libs/ctrl/../../../tools/include  -I/build/xen/tools/libs/ctrl/../../../tools/include  -I/build/xen/tools/libs/ctrl/../../../tools/include  -I/build/xen/tools/libs/ctrl/../../../tools/include  -I/build/xen/tools/libs/ctrl/../../../tools/include  -I/build/xen/tools/libs/ctrl/../../../tools/include  -I/build/xen/tools/libs/ctrl/../../../tools/include  -c -o xc_cpu_hotplug.o xc_cpu_hotplug.c 
riscv64-linux-gnu-gcc  -DBUILD_ID -fno-strict-aliasing -std=gnu99 -Wall -Wstrict-prototypes -Wdeclaration-after-statement -Wno-unused-but-set-variable -Wno-unused-local-typedefs   -g3 -Werror -Og -fno-omit-frame-pointer -D__XEN_INTERFACE_VERSION__=__XEN_LATEST_INTERFACE_VERSION__ -MMD -MP -MF .xc_vm_event.o.d -D_LARGEFILE_SOURCE -D_LARGEFILE64_SOURCE -D_GNU_SOURCE  -D__XEN_TOOLS__ -pthread -include /build/xen/tools/libs/ctrl/../../../tools/config.h -Wmissing-prototypes -I/build/xen/tools/libs/ctrl/../../../tools/include  -I/build/xen/tools/libs/ctrl/../../../tools/include  -I/build/xen/tools/libs/ctrl/../../../tools/include  -I/build/xen/tools/libs/ctrl/../../../tools/include  -I/build/xen/tools/libs/ctrl/../../../tools/include  -I/build/xen/tools/libs/ctrl/../../../tools/include  -I/build/xen/tools/libs/ctrl/../../../tools/include  -c -o xc_vm_event.o xc_vm_event.c 
riscv64-linux-gnu-gcc  -DBUILD_ID -fno-strict-aliasing -std=gnu99 -Wall -Wstrict-prototypes -Wdeclaration-after-statement -Wno-unused-but-set-variable -Wno-unused-local-typedefs   -g3 -Werror -Og -fno-omit-frame-pointer -D__XEN_INTERFACE_VERSION__=__XEN_LATEST_INTERFACE_VERSION__ -MMD -MP -MF .xc_vmtrace.o.d -D_LARGEFILE_SOURCE -D_LARGEFILE64_SOURCE -D_GNU_SOURCE  -D__XEN_TOOLS__ -pthread -include /build/xen/tools/libs/ctrl/../../../tools/config.h -Wmissing-prototypes -I/build/xen/tools/libs/ctrl/../../../tools/include  -I/build/xen/tools/libs/ctrl/../../../tools/include  -I/build/xen/tools/libs/ctrl/../../../tools/include  -I/build/xen/tools/libs/ctrl/../../../tools/include  -I/build/xen/tools/libs/ctrl/../../../tools/include  -I/build/xen/tools/libs/ctrl/../../../tools/include  -I/build/xen/tools/libs/ctrl/../../../tools/include  -c -o xc_vmtrace.o xc_vmtrace.c 
riscv64-linux-gnu-gcc  -DBUILD_ID -fno-strict-aliasing -std=gnu99 -Wall -Wstrict-prototypes -Wdeclaration-after-statement -Wno-unused-but-set-variable -Wno-unused-local-typedefs   -g3 -Werror -Og -fno-omit-frame-pointer -D__XEN_INTERFACE_VERSION__=__XEN_LATEST_INTERFACE_VERSION__ -MMD -MP -MF .xc_monitor.o.d -D_LARGEFILE_SOURCE -D_LARGEFILE64_SOURCE -D_GNU_SOURCE  -D__XEN_TOOLS__ -pthread -include /build/xen/tools/libs/ctrl/../../../tools/config.h -Wmissing-prototypes -I/build/xen/tools/libs/ctrl/../../../tools/include  -I/build/xen/tools/libs/ctrl/../../../tools/include  -I/build/xen/tools/libs/ctrl/../../../tools/include  -I/build/xen/tools/libs/ctrl/../../../tools/include  -I/build/xen/tools/libs/ctrl/../../../tools/include  -I/build/xen/tools/libs/ctrl/../../../tools/include  -I/build/xen/tools/libs/ctrl/../../../tools/include  -c -o xc_monitor.o xc_monitor.c 
riscv64-linux-gnu-gcc  -DBUILD_ID -fno-strict-aliasing -std=gnu99 -Wall -Wstrict-prototypes -Wdeclaration-after-statement -Wno-unused-but-set-variable -Wno-unused-local-typedefs   -g3 -Werror -Og -fno-omit-frame-pointer -D__XEN_INTERFACE_VERSION__=__XEN_LATEST_INTERFACE_VERSION__ -MMD -MP -MF .xc_mem_paging.o.d -D_LARGEFILE_SOURCE -D_LARGEFILE64_SOURCE -D_GNU_SOURCE  -D__XEN_TOOLS__ -pthread -include /build/xen/tools/libs/ctrl/../../../tools/config.h -Wmissing-prototypes -I/build/xen/tools/libs/ctrl/../../../tools/include  -I/build/xen/tools/libs/ctrl/../../../tools/include  -I/build/xen/tools/libs/ctrl/../../../tools/include  -I/build/xen/tools/libs/ctrl/../../../tools/include  -I/build/xen/tools/libs/ctrl/../../../tools/include  -I/build/xen/tools/libs/ctrl/../../../tools/include  -I/build/xen/tools/libs/ctrl/../../../tools/include  -c -o xc_mem_paging.o xc_mem_paging.c 
riscv64-linux-gnu-gcc  -DBUILD_ID -fno-strict-aliasing -std=gnu99 -Wall -Wstrict-prototypes -Wdeclaration-after-statement -Wno-unused-but-set-variable -Wno-unused-local-typedefs   -g3 -Werror -Og -fno-omit-frame-pointer -D__XEN_INTERFACE_VERSION__=__XEN_LATEST_INTERFACE_VERSION__ -MMD -MP -MF .xc_mem_access.o.d -D_LARGEFILE_SOURCE -D_LARGEFILE64_SOURCE -D_GNU_SOURCE  -D__XEN_TOOLS__ -pthread -include /build/xen/tools/libs/ctrl/../../../tools/config.h -Wmissing-prototypes -I/build/xen/tools/libs/ctrl/../../../tools/include  -I/build/xen/tools/libs/ctrl/../../../tools/include  -I/build/xen/tools/libs/ctrl/../../../tools/include  -I/build/xen/tools/libs/ctrl/../../../tools/include  -I/build/xen/tools/libs/ctrl/../../../tools/include  -I/build/xen/tools/libs/ctrl/../../../tools/include  -I/build/xen/tools/libs/ctrl/../../../tools/include  -c -o xc_mem_access.o xc_mem_access.c 
riscv64-linux-gnu-gcc  -DBUILD_ID -fno-strict-aliasing -std=gnu99 -Wall -Wstrict-prototypes -Wdeclaration-after-statement -Wno-unused-but-set-variable -Wno-unused-local-typedefs   -g3 -Werror -Og -fno-omit-frame-pointer -D__XEN_INTERFACE_VERSION__=__XEN_LATEST_INTERFACE_VERSION__ -MMD -MP -MF .xc_memshr.o.d -D_LARGEFILE_SOURCE -D_LARGEFILE64_SOURCE -D_GNU_SOURCE  -D__XEN_TOOLS__ -pthread -include /build/xen/tools/libs/ctrl/../../../tools/config.h -Wmissing-prototypes -I/build/xen/tools/libs/ctrl/../../../tools/include  -I/build/xen/tools/libs/ctrl/../../../tools/include  -I/build/xen/tools/libs/ctrl/../../../tools/include  -I/build/xen/tools/libs/ctrl/../../../tools/include  -I/build/xen/tools/libs/ctrl/../../../tools/include  -I/build/xen/tools/libs/ctrl/../../../tools/include  -I/build/xen/tools/libs/ctrl/../../../tools/include  -c -o xc_memshr.o xc_memshr.c 
riscv64-linux-gnu-gcc  -DBUILD_ID -fno-strict-aliasing -std=gnu99 -Wall -Wstrict-prototypes -Wdeclaration-after-statement -Wno-unused-but-set-variable -Wno-unused-local-typedefs   -g3 -Werror -Og -fno-omit-frame-pointer -D__XEN_INTERFACE_VERSION__=__XEN_LATEST_INTERFACE_VERSION__ -MMD -MP -MF .xc_hcall_buf.o.d -D_LARGEFILE_SOURCE -D_LARGEFILE64_SOURCE -D_GNU_SOURCE  -D__XEN_TOOLS__ -pthread -include /build/xen/tools/libs/ctrl/../../../tools/config.h -Wmissing-prototypes -I/build/xen/tools/libs/ctrl/../../../tools/include  -I/build/xen/tools/libs/ctrl/../../../tools/include  -I/build/xen/tools/libs/ctrl/../../../tools/include  -I/build/xen/tools/libs/ctrl/../../../tools/include  -I/build/xen/tools/libs/ctrl/../../../tools/include  -I/build/xen/tools/libs/ctrl/../../../tools/include  -I/build/xen/tools/libs/ctrl/../../../tools/include  -c -o xc_hcall_buf.o xc_hcall_buf.c 
riscv64-linux-gnu-gcc  -DBUILD_ID -fno-strict-aliasing -std=gnu99 -Wall -Wstrict-prototypes -Wdeclaration-after-statement -Wno-unused-but-set-variable -Wno-unused-local-typedefs   -g3 -Werror -Og -fno-omit-frame-pointer -D__XEN_INTERFACE_VERSION__=__XEN_LATEST_INTERFACE_VERSION__ -MMD -MP -MF .xc_foreign_memory.o.d -D_LARGEFILE_SOURCE -D_LARGEFILE64_SOURCE -D_GNU_SOURCE  -D__XEN_TOOLS__ -pthread -include /build/xen/tools/libs/ctrl/../../../tools/config.h -Wmissing-prototypes -I/build/xen/tools/libs/ctrl/../../../tools/include  -I/build/xen/tools/libs/ctrl/../../../tools/include  -I/build/xen/tools/libs/ctrl/../../../tools/include  -I/build/xen/tools/libs/ctrl/../../../tools/include  -I/build/xen/tools/libs/ctrl/../../../tools/include  -I/build/xen/tools/libs/ctrl/../../../tools/include  -I/build/xen/tools/libs/ctrl/../../../tools/include  -c -o xc_foreign_memory.o xc_foreign_memory.c 
riscv64-linux-gnu-gcc  -DBUILD_ID -fno-strict-aliasing -std=gnu99 -Wall -Wstrict-prototypes -Wdeclaration-after-statement -Wno-unused-but-set-variable -Wno-unused-local-typedefs   -g3 -Werror -Og -fno-omit-frame-pointer -D__XEN_INTERFACE_VERSION__=__XEN_LATEST_INTERFACE_VERSION__ -MMD -MP -MF .xc_kexec.o.d -D_LARGEFILE_SOURCE -D_LARGEFILE64_SOURCE -D_GNU_SOURCE  -D__XEN_TOOLS__ -pthread -include /build/xen/tools/libs/ctrl/../../../tools/config.h -Wmissing-prototypes -I/build/xen/tools/libs/ctrl/../../../tools/include  -I/build/xen/tools/libs/ctrl/../../../tools/include  -I/build/xen/tools/libs/ctrl/../../../tools/include  -I/build/xen/tools/libs/ctrl/../../../tools/include  -I/build/xen/tools/libs/ctrl/../../../tools/include  -I/build/xen/tools/libs/ctrl/../../../tools/include  -I/build/xen/tools/libs/ctrl/../../../tools/include  -c -o xc_kexec.o xc_kexec.c 
riscv64-linux-gnu-gcc  -DBUILD_ID -fno-strict-aliasing -std=gnu99 -Wall -Wstrict-prototypes -Wdeclaration-after-statement -Wno-unused-but-set-variable -Wno-unused-local-typedefs   -g3 -Werror -Og -fno-omit-frame-pointer -D__XEN_INTERFACE_VERSION__=__XEN_LATEST_INTERFACE_VERSION__ -MMD -MP -MF .xc_resource.o.d -D_LARGEFILE_SOURCE -D_LARGEFILE64_SOURCE -D_GNU_SOURCE  -D__XEN_TOOLS__ -pthread -include /build/xen/tools/libs/ctrl/../../../tools/config.h -Wmissing-prototypes -I/build/xen/tools/libs/ctrl/../../../tools/include  -I/build/xen/tools/libs/ctrl/../../../tools/include  -I/build/xen/tools/libs/ctrl/../../../tools/include  -I/build/xen/tools/libs/ctrl/../../../tools/include  -I/build/xen/tools/libs/ctrl/../../../tools/include  -I/build/xen/tools/libs/ctrl/../../../tools/include  -I/build/xen/tools/libs/ctrl/../../../tools/include  -c -o xc_resource.o xc_resource.c 
riscv64-linux-gnu-gcc  -DBUILD_ID -fno-strict-aliasing -std=gnu99 -Wall -Wstrict-prototypes -Wdeclaration-after-statement -Wno-unused-but-set-variable -Wno-unused-local-typedefs   -g3 -Werror -Og -fno-omit-frame-pointer -D__XEN_INTERFACE_VERSION__=__XEN_LATEST_INTERFACE_VERSION__ -MMD -MP -MF .no_xc_pagetab.o.d -D_LARGEFILE_SOURCE -D_LARGEFILE64_SOURCE -D_GNU_SOURCE  -D__XEN_TOOLS__ -pthread -include /build/xen/tools/libs/ctrl/../../../tools/config.h -Wmissing-prototypes -I/build/xen/tools/libs/ctrl/../../../tools/include  -I/build/xen/tools/libs/ctrl/../../../tools/include  -I/build/xen/tools/libs/ctrl/../../../tools/include  -I/build/xen/tools/libs/ctrl/../../../tools/include  -I/build/xen/tools/libs/ctrl/../../../tools/include  -I/build/xen/tools/libs/ctrl/../../../tools/include  -I/build/xen/tools/libs/ctrl/../../../tools/include  -c -o no_xc_pagetab.o no_xc_pagetab.c 
riscv64-linux-gnu-gcc  -DBUILD_ID -fno-strict-aliasing -std=gnu99 -Wall -Wstrict-prototypes -Wdeclaration-after-statement -Wno-unused-but-set-variable -Wno-unused-local-typedefs   -g3 -Werror -Og -fno-omit-frame-pointer -D__XEN_INTERFACE_VERSION__=__XEN_LATEST_INTERFACE_VERSION__ -MMD -MP -MF .xc_linux.o.d -D_LARGEFILE_SOURCE -D_LARGEFILE64_SOURCE -D_GNU_SOURCE  -D__XEN_TOOLS__ -pthread -include /build/xen/tools/libs/ctrl/../../../tools/config.h -Wmissing-prototypes -I/build/xen/tools/libs/ctrl/../../../tools/include  -I/build/xen/tools/libs/ctrl/../../../tools/include  -I/build/xen/tools/libs/ctrl/../../../tools/include  -I/build/xen/tools/libs/ctrl/../../../tools/include  -I/build/xen/tools/libs/ctrl/../../../tools/include  -I/build/xen/tools/libs/ctrl/../../../tools/include  -I/build/xen/tools/libs/ctrl/../../../tools/include  -c -o xc_linux.o xc_linux.c 
riscv64-linux-gnu-gcc  -DBUILD_ID -fno-strict-aliasing -std=gnu99 -Wall -Wstrict-prototypes -Wdeclaration-after-statement -Wno-unused-but-set-variable -Wno-unused-local-typedefs   -g3 -Werror -Og -fno-omit-frame-pointer -D__XEN_INTERFACE_VERSION__=__XEN_LATEST_INTERFACE_VERSION__ -MMD -MP -MF .xc_evtchn_compat.o.d -D_LARGEFILE_SOURCE -D_LARGEFILE64_SOURCE -D_GNU_SOURCE  -D__XEN_TOOLS__ -pthread -include /build/xen/tools/libs/ctrl/../../../tools/config.h -Wmissing-prototypes -I/build/xen/tools/libs/ctrl/../../../tools/include  -I/build/xen/tools/libs/ctrl/../../../tools/include  -I/build/xen/tools/libs/ctrl/../../../tools/include  -I/build/xen/tools/libs/ctrl/../../../tools/include  -I/build/xen/tools/libs/ctrl/../../../tools/include  -I/build/xen/tools/libs/ctrl/../../../tools/include  -I/build/xen/tools/libs/ctrl/../../../tools/include  -c -o xc_evtchn_compat.o xc_evtchn_compat.c 
riscv64-linux-gnu-gcc  -DBUILD_ID -fno-strict-aliasing -std=gnu99 -Wall -Wstrict-prototypes -Wdeclaration-after-statement -Wno-unused-but-set-variable -Wno-unused-local-typedefs   -g3 -Werror -Og -fno-omit-frame-pointer -D__XEN_INTERFACE_VERSION__=__XEN_LATEST_INTERFACE_VERSION__ -MMD -MP -MF .xc_gnttab_compat.o.d -D_LARGEFILE_SOURCE -D_LARGEFILE64_SOURCE -D_GNU_SOURCE  -D__XEN_TOOLS__ -pthread -include /build/xen/tools/libs/ctrl/../../../tools/config.h -Wmissing-prototypes -I/build/xen/tools/libs/ctrl/../../../tools/include  -I/build/xen/tools/libs/ctrl/../../../tools/include  -I/build/xen/tools/libs/ctrl/../../../tools/include  -I/build/xen/tools/libs/ctrl/../../../tools/include  -I/build/xen/tools/libs/ctrl/../../../tools/include  -I/build/xen/tools/libs/ctrl/../../../tools/include  -I/build/xen/tools/libs/ctrl/../../../tools/include  -c -o xc_gnttab_compat.o xc_gnttab_compat.c 
riscv64-linux-gnu-gcc  -DBUILD_ID -fno-strict-aliasing -std=gnu99 -Wall -Wstrict-prototypes -Wdeclaration-after-statement -Wno-unused-but-set-variable -Wno-unused-local-typedefs   -g3 -Werror -Og -fno-omit-frame-pointer -D__XEN_INTERFACE_VERSION__=__XEN_LATEST_INTERFACE_VERSION__ -MMD -MP -MF .xc_devicemodel_compat.o.d -D_LARGEFILE_SOURCE -D_LARGEFILE64_SOURCE -D_GNU_SOURCE  -D__XEN_TOOLS__ -pthread -include /build/xen/tools/libs/ctrl/../../../tools/config.h -Wmissing-prototypes -I/build/xen/tools/libs/ctrl/../../../tools/include  -I/build/xen/tools/libs/ctrl/../../../tools/include  -I/build/xen/tools/libs/ctrl/../../../tools/include  -I/build/xen/tools/libs/ctrl/../../../tools/include  -I/build/xen/tools/libs/ctrl/../../../tools/include  -I/build/xen/tools/libs/ctrl/../../../tools/include  -I/build/xen/tools/libs/ctrl/../../../tools/include  -c -o xc_devicemodel_compat.o xc_devicemodel_compat.c 
riscv64-linux-gnu-gcc  -DPIC -DBUILD_ID -fno-strict-aliasing -std=gnu99 -Wall -Wstrict-prototypes -Wdeclaration-after-statement -Wno-unused-but-set-variable -Wno-unused-local-typedefs   -g3 -Werror -Og -fno-omit-frame-pointer -D__XEN_INTERFACE_VERSION__=__XEN_LATEST_INTERFACE_VERSION__ -MMD -MP -MF .xc_altp2m.opic.d -D_LARGEFILE_SOURCE -D_LARGEFILE64_SOURCE -D_GNU_SOURCE  -D__XEN_TOOLS__ -pthread -include /build/xen/tools/libs/ctrl/../../../tools/config.h -Wmissing-prototypes -I/build/xen/tools/libs/ctrl/../../../tools/include  -I/build/xen/tools/libs/ctrl/../../../tools/include  -I/build/xen/tools/libs/ctrl/../../../tools/include  -I/build/xen/tools/libs/ctrl/../../../tools/include  -I/build/xen/tools/libs/ctrl/../../../tools/include  -I/build/xen/tools/libs/ctrl/../../../tools/include  -I/build/xen/tools/libs/ctrl/../../../tools/include  -fPIC -c -o xc_altp2m.opic xc_altp2m.c 
riscv64-linux-gnu-gcc  -DPIC -DBUILD_ID -fno-strict-aliasing -std=gnu99 -Wall -Wstrict-prototypes -Wdeclaration-after-statement -Wno-unused-but-set-variable -Wno-unused-local-typedefs   -g3 -Werror -Og -fno-omit-frame-pointer -D__XEN_INTERFACE_VERSION__=__XEN_LATEST_INTERFACE_VERSION__ -MMD -MP -MF .xc_cpupool.opic.d -D_LARGEFILE_SOURCE -D_LARGEFILE64_SOURCE -D_GNU_SOURCE  -D__XEN_TOOLS__ -pthread -include /build/xen/tools/libs/ctrl/../../../tools/config.h -Wmissing-prototypes -I/build/xen/tools/libs/ctrl/../../../tools/include  -I/build/xen/tools/libs/ctrl/../../../tools/include  -I/build/xen/tools/libs/ctrl/../../../tools/include  -I/build/xen/tools/libs/ctrl/../../../tools/include  -I/build/xen/tools/libs/ctrl/../../../tools/include  -I/build/xen/tools/libs/ctrl/../../../tools/include  -I/build/xen/tools/libs/ctrl/../../../tools/include  -fPIC -c -o xc_cpupool.opic xc_cpupool.c 
riscv64-linux-gnu-gcc  -DPIC -DBUILD_ID -fno-strict-aliasing -std=gnu99 -Wall -Wstrict-prototypes -Wdeclaration-after-statement -Wno-unused-but-set-variable -Wno-unused-local-typedefs   -g3 -Werror -Og -fno-omit-frame-pointer -D__XEN_INTERFACE_VERSION__=__XEN_LATEST_INTERFACE_VERSION__ -MMD -MP -MF .xc_domain.opic.d -D_LARGEFILE_SOURCE -D_LARGEFILE64_SOURCE -D_GNU_SOURCE  -D__XEN_TOOLS__ -pthread -include /build/xen/tools/libs/ctrl/../../../tools/config.h -Wmissing-prototypes -I/build/xen/tools/libs/ctrl/../../../tools/include  -I/build/xen/tools/libs/ctrl/../../../tools/include  -I/build/xen/tools/libs/ctrl/../../../tools/include  -I/build/xen/tools/libs/ctrl/../../../tools/include  -I/build/xen/tools/libs/ctrl/../../../tools/include  -I/build/xen/tools/libs/ctrl/../../../tools/include  -I/build/xen/tools/libs/ctrl/../../../tools/include  -fPIC -c -o xc_domain.opic xc_domain.c 
riscv64-linux-gnu-gcc  -DPIC -DBUILD_ID -fno-strict-aliasing -std=gnu99 -Wall -Wstrict-prototypes -Wdeclaration-after-statement -Wno-unused-but-set-variable -Wno-unused-local-typedefs   -g3 -Werror -Og -fno-omit-frame-pointer -D__XEN_INTERFACE_VERSION__=__XEN_LATEST_INTERFACE_VERSION__ -MMD -MP -MF .xc_evtchn.opic.d -D_LARGEFILE_SOURCE -D_LARGEFILE64_SOURCE -D_GNU_SOURCE  -D__XEN_TOOLS__ -pthread -include /build/xen/tools/libs/ctrl/../../../tools/config.h -Wmissing-prototypes -I/build/xen/tools/libs/ctrl/../../../tools/include  -I/build/xen/tools/libs/ctrl/../../../tools/include  -I/build/xen/tools/libs/ctrl/../../../tools/include  -I/build/xen/tools/libs/ctrl/../../../tools/include  -I/build/xen/tools/libs/ctrl/../../../tools/include  -I/build/xen/tools/libs/ctrl/../../../tools/include  -I/build/xen/tools/libs/ctrl/../../../tools/include  -fPIC -c -o xc_evtchn.opic xc_evtchn.c 
riscv64-linux-gnu-gcc  -DPIC -DBUILD_ID -fno-strict-aliasing -std=gnu99 -Wall -Wstrict-prototypes -Wdeclaration-after-statement -Wno-unused-but-set-variable -Wno-unused-local-typedefs   -g3 -Werror -Og -fno-omit-frame-pointer -D__XEN_INTERFACE_VERSION__=__XEN_LATEST_INTERFACE_VERSION__ -MMD -MP -MF .xc_gnttab.opic.d -D_LARGEFILE_SOURCE -D_LARGEFILE64_SOURCE -D_GNU_SOURCE  -D__XEN_TOOLS__ -pthread -include /build/xen/tools/libs/ctrl/../../../tools/config.h -Wmissing-prototypes -I/build/xen/tools/libs/ctrl/../../../tools/include  -I/build/xen/tools/libs/ctrl/../../../tools/include  -I/build/xen/tools/libs/ctrl/../../../tools/include  -I/build/xen/tools/libs/ctrl/../../../tools/include  -I/build/xen/tools/libs/ctrl/../../../tools/include  -I/build/xen/tools/libs/ctrl/../../../tools/include  -I/build/xen/tools/libs/ctrl/../../../tools/include  -fPIC -c -o xc_gnttab.opic xc_gnttab.c 
riscv64-linux-gnu-gcc  -DPIC -DBUILD_ID -fno-strict-aliasing -std=gnu99 -Wall -Wstrict-prototypes -Wdeclaration-after-statement -Wno-unused-but-set-variable -Wno-unused-local-typedefs   -g3 -Werror -Og -fno-omit-frame-pointer -D__XEN_INTERFACE_VERSION__=__XEN_LATEST_INTERFACE_VERSION__ -MMD -MP -MF .xc_misc.opic.d -D_LARGEFILE_SOURCE -D_LARGEFILE64_SOURCE -D_GNU_SOURCE  -D__XEN_TOOLS__ -pthread -include /build/xen/tools/libs/ctrl/../../../tools/config.h -Wmissing-prototypes -I/build/xen/tools/libs/ctrl/../../../tools/include  -I/build/xen/tools/libs/ctrl/../../../tools/include  -I/build/xen/tools/libs/ctrl/../../../tools/include  -I/build/xen/tools/libs/ctrl/../../../tools/include  -I/build/xen/tools/libs/ctrl/../../../tools/include  -I/build/xen/tools/libs/ctrl/../../../tools/include  -I/build/xen/tools/libs/ctrl/../../../tools/include  -fPIC -c -o xc_misc.opic xc_misc.c 
riscv64-linux-gnu-gcc  -DPIC -DBUILD_ID -fno-strict-aliasing -std=gnu99 -Wall -Wstrict-prototypes -Wdeclaration-after-statement -Wno-unused-but-set-variable -Wno-unused-local-typedefs   -g3 -Werror -Og -fno-omit-frame-pointer -D__XEN_INTERFACE_VERSION__=__XEN_LATEST_INTERFACE_VERSION__ -MMD -MP -MF .xc_flask.opic.d -D_LARGEFILE_SOURCE -D_LARGEFILE64_SOURCE -D_GNU_SOURCE  -D__XEN_TOOLS__ -pthread -include /build/xen/tools/libs/ctrl/../../../tools/config.h -Wmissing-prototypes -I/build/xen/tools/libs/ctrl/../../../tools/include  -I/build/xen/tools/libs/ctrl/../../../tools/include  -I/build/xen/tools/libs/ctrl/../../../tools/include  -I/build/xen/tools/libs/ctrl/../../../tools/include  -I/build/xen/tools/libs/ctrl/../../../tools/include  -I/build/xen/tools/libs/ctrl/../../../tools/include  -I/build/xen/tools/libs/ctrl/../../../tools/include  -fPIC -c -o xc_flask.opic xc_flask.c 
riscv64-linux-gnu-gcc  -DPIC -DBUILD_ID -fno-strict-aliasing -std=gnu99 -Wall -Wstrict-prototypes -Wdeclaration-after-statement -Wno-unused-but-set-variable -Wno-unused-local-typedefs   -g3 -Werror -Og -fno-omit-frame-pointer -D__XEN_INTERFACE_VERSION__=__XEN_LATEST_INTERFACE_VERSION__ -MMD -MP -MF .xc_physdev.opic.d -D_LARGEFILE_SOURCE -D_LARGEFILE64_SOURCE -D_GNU_SOURCE  -D__XEN_TOOLS__ -pthread -include /build/xen/tools/libs/ctrl/../../../tools/config.h -Wmissing-prototypes -I/build/xen/tools/libs/ctrl/../../../tools/include  -I/build/xen/tools/libs/ctrl/../../../tools/include  -I/build/xen/tools/libs/ctrl/../../../tools/include  -I/build/xen/tools/libs/ctrl/../../../tools/include  -I/build/xen/tools/libs/ctrl/../../../tools/include  -I/build/xen/tools/libs/ctrl/../../../tools/include  -I/build/xen/tools/libs/ctrl/../../../tools/include  -fPIC -c -o xc_physdev.opic xc_physdev.c 
riscv64-linux-gnu-gcc  -DPIC -DBUILD_ID -fno-strict-aliasing -std=gnu99 -Wall -Wstrict-prototypes -Wdeclaration-after-statement -Wno-unused-but-set-variable -Wno-unused-local-typedefs   -g3 -Werror -Og -fno-omit-frame-pointer -D__XEN_INTERFACE_VERSION__=__XEN_LATEST_INTERFACE_VERSION__ -MMD -MP -MF .xc_private.opic.d -D_LARGEFILE_SOURCE -D_LARGEFILE64_SOURCE -D_GNU_SOURCE  -D__XEN_TOOLS__ -pthread -include /build/xen/tools/libs/ctrl/../../../tools/config.h -Wmissing-prototypes -I/build/xen/tools/libs/ctrl/../../../tools/include  -I/build/xen/tools/libs/ctrl/../../../tools/include  -I/build/xen/tools/libs/ctrl/../../../tools/include  -I/build/xen/tools/libs/ctrl/../../../tools/include  -I/build/xen/tools/libs/ctrl/../../../tools/include  -I/build/xen/tools/libs/ctrl/../../../tools/include  -I/build/xen/tools/libs/ctrl/../../../tools/include  -fPIC -c -o xc_private.opic xc_private.c 
riscv64-linux-gnu-gcc  -DPIC -DBUILD_ID -fno-strict-aliasing -std=gnu99 -Wall -Wstrict-prototypes -Wdeclaration-after-statement -Wno-unused-but-set-variable -Wno-unused-local-typedefs   -g3 -Werror -Og -fno-omit-frame-pointer -D__XEN_INTERFACE_VERSION__=__XEN_LATEST_INTERFACE_VERSION__ -MMD -MP -MF .xc_csched.opic.d -D_LARGEFILE_SOURCE -D_LARGEFILE64_SOURCE -D_GNU_SOURCE  -D__XEN_TOOLS__ -pthread -include /build/xen/tools/libs/ctrl/../../../tools/config.h -Wmissing-prototypes -I/build/xen/tools/libs/ctrl/../../../tools/include  -I/build/xen/tools/libs/ctrl/../../../tools/include  -I/build/xen/tools/libs/ctrl/../../../tools/include  -I/build/xen/tools/libs/ctrl/../../../tools/include  -I/build/xen/tools/libs/ctrl/../../../tools/include  -I/build/xen/tools/libs/ctrl/../../../tools/include  -I/build/xen/tools/libs/ctrl/../../../tools/include  -fPIC -c -o xc_csched.opic xc_csched.c 
riscv64-linux-gnu-gcc  -DPIC -DBUILD_ID -fno-strict-aliasing -std=gnu99 -Wall -Wstrict-prototypes -Wdeclaration-after-statement -Wno-unused-but-set-variable -Wno-unused-local-typedefs   -g3 -Werror -Og -fno-omit-frame-pointer -D__XEN_INTERFACE_VERSION__=__XEN_LATEST_INTERFACE_VERSION__ -MMD -MP -MF .xc_csched2.opic.d -D_LARGEFILE_SOURCE -D_LARGEFILE64_SOURCE -D_GNU_SOURCE  -D__XEN_TOOLS__ -pthread -include /build/xen/tools/libs/ctrl/../../../tools/config.h -Wmissing-prototypes -I/build/xen/tools/libs/ctrl/../../../tools/include  -I/build/xen/tools/libs/ctrl/../../../tools/include  -I/build/xen/tools/libs/ctrl/../../../tools/include  -I/build/xen/tools/libs/ctrl/../../../tools/include  -I/build/xen/tools/libs/ctrl/../../../tools/include  -I/build/xen/tools/libs/ctrl/../../../tools/include  -I/build/xen/tools/libs/ctrl/../../../tools/include  -fPIC -c -o xc_csched2.opic xc_csched2.c 
riscv64-linux-gnu-gcc  -DPIC -DBUILD_ID -fno-strict-aliasing -std=gnu99 -Wall -Wstrict-prototypes -Wdeclaration-after-statement -Wno-unused-but-set-variable -Wno-unused-local-typedefs   -g3 -Werror -Og -fno-omit-frame-pointer -D__XEN_INTERFACE_VERSION__=__XEN_LATEST_INTERFACE_VERSION__ -MMD -MP -MF .xc_arinc653.opic.d -D_LARGEFILE_SOURCE -D_LARGEFILE64_SOURCE -D_GNU_SOURCE  -D__XEN_TOOLS__ -pthread -include /build/xen/tools/libs/ctrl/../../../tools/config.h -Wmissing-prototypes -I/build/xen/tools/libs/ctrl/../../../tools/include  -I/build/xen/tools/libs/ctrl/../../../tools/include  -I/build/xen/tools/libs/ctrl/../../../tools/include  -I/build/xen/tools/libs/ctrl/../../../tools/include  -I/build/xen/tools/libs/ctrl/../../../tools/include  -I/build/xen/tools/libs/ctrl/../../../tools/include  -I/build/xen/tools/libs/ctrl/../../../tools/include  -fPIC -c -o xc_arinc653.opic xc_arinc653.c 
riscv64-linux-gnu-gcc  -DPIC -DBUILD_ID -fno-strict-aliasing -std=gnu99 -Wall -Wstrict-prototypes -Wdeclaration-after-statement -Wno-unused-but-set-variable -Wno-unused-local-typedefs   -g3 -Werror -Og -fno-omit-frame-pointer -D__XEN_INTERFACE_VERSION__=__XEN_LATEST_INTERFACE_VERSION__ -MMD -MP -MF .xc_rt.opic.d -D_LARGEFILE_SOURCE -D_LARGEFILE64_SOURCE -D_GNU_SOURCE  -D__XEN_TOOLS__ -pthread -include /build/xen/tools/libs/ctrl/../../../tools/config.h -Wmissing-prototypes -I/build/xen/tools/libs/ctrl/../../../tools/include  -I/build/xen/tools/libs/ctrl/../../../tools/include  -I/build/xen/tools/libs/ctrl/../../../tools/include  -I/build/xen/tools/libs/ctrl/../../../tools/include  -I/build/xen/tools/libs/ctrl/../../../tools/include  -I/build/xen/tools/libs/ctrl/../../../tools/include  -I/build/xen/tools/libs/ctrl/../../../tools/include  -fPIC -c -o xc_rt.opic xc_rt.c 
riscv64-linux-gnu-gcc  -DPIC -DBUILD_ID -fno-strict-aliasing -std=gnu99 -Wall -Wstrict-prototypes -Wdeclaration-after-statement -Wno-unused-but-set-variable -Wno-unused-local-typedefs   -g3 -Werror -Og -fno-omit-frame-pointer -D__XEN_INTERFACE_VERSION__=__XEN_LATEST_INTERFACE_VERSION__ -MMD -MP -MF .xc_tbuf.opic.d -D_LARGEFILE_SOURCE -D_LARGEFILE64_SOURCE -D_GNU_SOURCE  -D__XEN_TOOLS__ -pthread -include /build/xen/tools/libs/ctrl/../../../tools/config.h -Wmissing-prototypes -I/build/xen/tools/libs/ctrl/../../../tools/include  -I/build/xen/tools/libs/ctrl/../../../tools/include  -I/build/xen/tools/libs/ctrl/../../../tools/include  -I/build/xen/tools/libs/ctrl/../../../tools/include  -I/build/xen/tools/libs/ctrl/../../../tools/include  -I/build/xen/tools/libs/ctrl/../../../tools/include  -I/build/xen/tools/libs/ctrl/../../../tools/include  -fPIC -c -o xc_tbuf.opic xc_tbuf.c 
riscv64-linux-gnu-gcc  -DPIC -DBUILD_ID -fno-strict-aliasing -std=gnu99 -Wall -Wstrict-prototypes -Wdeclaration-after-statement -Wno-unused-but-set-variable -Wno-unused-local-typedefs   -g3 -Werror -Og -fno-omit-frame-pointer -D__XEN_INTERFACE_VERSION__=__XEN_LATEST_INTERFACE_VERSION__ -MMD -MP -MF .xc_pm.opic.d -D_LARGEFILE_SOURCE -D_LARGEFILE64_SOURCE -D_GNU_SOURCE  -D__XEN_TOOLS__ -pthread -include /build/xen/tools/libs/ctrl/../../../tools/config.h -Wmissing-prototypes -I/build/xen/tools/libs/ctrl/../../../tools/include  -I/build/xen/tools/libs/ctrl/../../../tools/include  -I/build/xen/tools/libs/ctrl/../../../tools/include  -I/build/xen/tools/libs/ctrl/../../../tools/include  -I/build/xen/tools/libs/ctrl/../../../tools/include  -I/build/xen/tools/libs/ctrl/../../../tools/include  -I/build/xen/tools/libs/ctrl/../../../tools/include  -fPIC -c -o xc_pm.opic xc_pm.c 
riscv64-linux-gnu-gcc  -DPIC -DBUILD_ID -fno-strict-aliasing -std=gnu99 -Wall -Wstrict-prototypes -Wdeclaration-after-statement -Wno-unused-but-set-variable -Wno-unused-local-typedefs   -g3 -Werror -Og -fno-omit-frame-pointer -D__XEN_INTERFACE_VERSION__=__XEN_LATEST_INTERFACE_VERSION__ -MMD -MP -MF .xc_cpu_hotplug.opic.d -D_LARGEFILE_SOURCE -D_LARGEFILE64_SOURCE -D_GNU_SOURCE  -D__XEN_TOOLS__ -pthread -include /build/xen/tools/libs/ctrl/../../../tools/config.h -Wmissing-prototypes -I/build/xen/tools/libs/ctrl/../../../tools/include  -I/build/xen/tools/libs/ctrl/../../../tools/include  -I/build/xen/tools/libs/ctrl/../../../tools/include  -I/build/xen/tools/libs/ctrl/../../../tools/include  -I/build/xen/tools/libs/ctrl/../../../tools/include  -I/build/xen/tools/libs/ctrl/../../../tools/include  -I/build/xen/tools/libs/ctrl/../../../tools/include  -fPIC -c -o xc_cpu_hotplug.opic xc_cpu_hotplug.c 
riscv64-linux-gnu-gcc  -DPIC -DBUILD_ID -fno-strict-aliasing -std=gnu99 -Wall -Wstrict-prototypes -Wdeclaration-after-statement -Wno-unused-but-set-variable -Wno-unused-local-typedefs   -g3 -Werror -Og -fno-omit-frame-pointer -D__XEN_INTERFACE_VERSION__=__XEN_LATEST_INTERFACE_VERSION__ -MMD -MP -MF .xc_vm_event.opic.d -D_LARGEFILE_SOURCE -D_LARGEFILE64_SOURCE -D_GNU_SOURCE  -D__XEN_TOOLS__ -pthread -include /build/xen/tools/libs/ctrl/../../../tools/config.h -Wmissing-prototypes -I/build/xen/tools/libs/ctrl/../../../tools/include  -I/build/xen/tools/libs/ctrl/../../../tools/include  -I/build/xen/tools/libs/ctrl/../../../tools/include  -I/build/xen/tools/libs/ctrl/../../../tools/include  -I/build/xen/tools/libs/ctrl/../../../tools/include  -I/build/xen/tools/libs/ctrl/../../../tools/include  -I/build/xen/tools/libs/ctrl/../../../tools/include  -fPIC -c -o xc_vm_event.opic xc_vm_event.c 
riscv64-linux-gnu-gcc  -DPIC -DBUILD_ID -fno-strict-aliasing -std=gnu99 -Wall -Wstrict-prototypes -Wdeclaration-after-statement -Wno-unused-but-set-variable -Wno-unused-local-typedefs   -g3 -Werror -Og -fno-omit-frame-pointer -D__XEN_INTERFACE_VERSION__=__XEN_LATEST_INTERFACE_VERSION__ -MMD -MP -MF .xc_vmtrace.opic.d -D_LARGEFILE_SOURCE -D_LARGEFILE64_SOURCE -D_GNU_SOURCE  -D__XEN_TOOLS__ -pthread -include /build/xen/tools/libs/ctrl/../../../tools/config.h -Wmissing-prototypes -I/build/xen/tools/libs/ctrl/../../../tools/include  -I/build/xen/tools/libs/ctrl/../../../tools/include  -I/build/xen/tools/libs/ctrl/../../../tools/include  -I/build/xen/tools/libs/ctrl/../../../tools/include  -I/build/xen/tools/libs/ctrl/../../../tools/include  -I/build/xen/tools/libs/ctrl/../../../tools/include  -I/build/xen/tools/libs/ctrl/../../../tools/include  -fPIC -c -o xc_vmtrace.opic xc_vmtrace.c 
riscv64-linux-gnu-gcc  -DPIC -DBUILD_ID -fno-strict-aliasing -std=gnu99 -Wall -Wstrict-prototypes -Wdeclaration-after-statement -Wno-unused-but-set-variable -Wno-unused-local-typedefs   -g3 -Werror -Og -fno-omit-frame-pointer -D__XEN_INTERFACE_VERSION__=__XEN_LATEST_INTERFACE_VERSION__ -MMD -MP -MF .xc_monitor.opic.d -D_LARGEFILE_SOURCE -D_LARGEFILE64_SOURCE -D_GNU_SOURCE  -D__XEN_TOOLS__ -pthread -include /build/xen/tools/libs/ctrl/../../../tools/config.h -Wmissing-prototypes -I/build/xen/tools/libs/ctrl/../../../tools/include  -I/build/xen/tools/libs/ctrl/../../../tools/include  -I/build/xen/tools/libs/ctrl/../../../tools/include  -I/build/xen/tools/libs/ctrl/../../../tools/include  -I/build/xen/tools/libs/ctrl/../../../tools/include  -I/build/xen/tools/libs/ctrl/../../../tools/include  -I/build/xen/tools/libs/ctrl/../../../tools/include  -fPIC -c -o xc_monitor.opic xc_monitor.c 
riscv64-linux-gnu-gcc  -DPIC -DBUILD_ID -fno-strict-aliasing -std=gnu99 -Wall -Wstrict-prototypes -Wdeclaration-after-statement -Wno-unused-but-set-variable -Wno-unused-local-typedefs   -g3 -Werror -Og -fno-omit-frame-pointer -D__XEN_INTERFACE_VERSION__=__XEN_LATEST_INTERFACE_VERSION__ -MMD -MP -MF .xc_mem_paging.opic.d -D_LARGEFILE_SOURCE -D_LARGEFILE64_SOURCE -D_GNU_SOURCE  -D__XEN_TOOLS__ -pthread -include /build/xen/tools/libs/ctrl/../../../tools/config.h -Wmissing-prototypes -I/build/xen/tools/libs/ctrl/../../../tools/include  -I/build/xen/tools/libs/ctrl/../../../tools/include  -I/build/xen/tools/libs/ctrl/../../../tools/include  -I/build/xen/tools/libs/ctrl/../../../tools/include  -I/build/xen/tools/libs/ctrl/../../../tools/include  -I/build/xen/tools/libs/ctrl/../../../tools/include  -I/build/xen/tools/libs/ctrl/../../../tools/include  -fPIC -c -o xc_mem_paging.opic xc_mem_paging.c 
riscv64-linux-gnu-gcc  -DPIC -DBUILD_ID -fno-strict-aliasing -std=gnu99 -Wall -Wstrict-prototypes -Wdeclaration-after-statement -Wno-unused-but-set-variable -Wno-unused-local-typedefs   -g3 -Werror -Og -fno-omit-frame-pointer -D__XEN_INTERFACE_VERSION__=__XEN_LATEST_INTERFACE_VERSION__ -MMD -MP -MF .xc_mem_access.opic.d -D_LARGEFILE_SOURCE -D_LARGEFILE64_SOURCE -D_GNU_SOURCE  -D__XEN_TOOLS__ -pthread -include /build/xen/tools/libs/ctrl/../../../tools/config.h -Wmissing-prototypes -I/build/xen/tools/libs/ctrl/../../../tools/include  -I/build/xen/tools/libs/ctrl/../../../tools/include  -I/build/xen/tools/libs/ctrl/../../../tools/include  -I/build/xen/tools/libs/ctrl/../../../tools/include  -I/build/xen/tools/libs/ctrl/../../../tools/include  -I/build/xen/tools/libs/ctrl/../../../tools/include  -I/build/xen/tools/libs/ctrl/../../../tools/include  -fPIC -c -o xc_mem_access.opic xc_mem_access.c 
riscv64-linux-gnu-gcc  -DPIC -DBUILD_ID -fno-strict-aliasing -std=gnu99 -Wall -Wstrict-prototypes -Wdeclaration-after-statement -Wno-unused-but-set-variable -Wno-unused-local-typedefs   -g3 -Werror -Og -fno-omit-frame-pointer -D__XEN_INTERFACE_VERSION__=__XEN_LATEST_INTERFACE_VERSION__ -MMD -MP -MF .xc_memshr.opic.d -D_LARGEFILE_SOURCE -D_LARGEFILE64_SOURCE -D_GNU_SOURCE  -D__XEN_TOOLS__ -pthread -include /build/xen/tools/libs/ctrl/../../../tools/config.h -Wmissing-prototypes -I/build/xen/tools/libs/ctrl/../../../tools/include  -I/build/xen/tools/libs/ctrl/../../../tools/include  -I/build/xen/tools/libs/ctrl/../../../tools/include  -I/build/xen/tools/libs/ctrl/../../../tools/include  -I/build/xen/tools/libs/ctrl/../../../tools/include  -I/build/xen/tools/libs/ctrl/../../../tools/include  -I/build/xen/tools/libs/ctrl/../../../tools/include  -fPIC -c -o xc_memshr.opic xc_memshr.c 
riscv64-linux-gnu-gcc  -DPIC -DBUILD_ID -fno-strict-aliasing -std=gnu99 -Wall -Wstrict-prototypes -Wdeclaration-after-statement -Wno-unused-but-set-variable -Wno-unused-local-typedefs   -g3 -Werror -Og -fno-omit-frame-pointer -D__XEN_INTERFACE_VERSION__=__XEN_LATEST_INTERFACE_VERSION__ -MMD -MP -MF .xc_hcall_buf.opic.d -D_LARGEFILE_SOURCE -D_LARGEFILE64_SOURCE -D_GNU_SOURCE  -D__XEN_TOOLS__ -pthread -include /build/xen/tools/libs/ctrl/../../../tools/config.h -Wmissing-prototypes -I/build/xen/tools/libs/ctrl/../../../tools/include  -I/build/xen/tools/libs/ctrl/../../../tools/include  -I/build/xen/tools/libs/ctrl/../../../tools/include  -I/build/xen/tools/libs/ctrl/../../../tools/include  -I/build/xen/tools/libs/ctrl/../../../tools/include  -I/build/xen/tools/libs/ctrl/../../../tools/include  -I/build/xen/tools/libs/ctrl/../../../tools/include  -fPIC -c -o xc_hcall_buf.opic xc_hcall_buf.c 
riscv64-linux-gnu-gcc  -DPIC -DBUILD_ID -fno-strict-aliasing -std=gnu99 -Wall -Wstrict-prototypes -Wdeclaration-after-statement -Wno-unused-but-set-variable -Wno-unused-local-typedefs   -g3 -Werror -Og -fno-omit-frame-pointer -D__XEN_INTERFACE_VERSION__=__XEN_LATEST_INTERFACE_VERSION__ -MMD -MP -MF .xc_foreign_memory.opic.d -D_LARGEFILE_SOURCE -D_LARGEFILE64_SOURCE -D_GNU_SOURCE  -D__XEN_TOOLS__ -pthread -include /build/xen/tools/libs/ctrl/../../../tools/config.h -Wmissing-prototypes -I/build/xen/tools/libs/ctrl/../../../tools/include  -I/build/xen/tools/libs/ctrl/../../../tools/include  -I/build/xen/tools/libs/ctrl/../../../tools/include  -I/build/xen/tools/libs/ctrl/../../../tools/include  -I/build/xen/tools/libs/ctrl/../../../tools/include  -I/build/xen/tools/libs/ctrl/../../../tools/include  -I/build/xen/tools/libs/ctrl/../../../tools/include  -fPIC -c -o xc_foreign_memory.opic xc_foreign_memory.c 
riscv64-linux-gnu-gcc  -DPIC -DBUILD_ID -fno-strict-aliasing -std=gnu99 -Wall -Wstrict-prototypes -Wdeclaration-after-statement -Wno-unused-but-set-variable -Wno-unused-local-typedefs   -g3 -Werror -Og -fno-omit-frame-pointer -D__XEN_INTERFACE_VERSION__=__XEN_LATEST_INTERFACE_VERSION__ -MMD -MP -MF .xc_kexec.opic.d -D_LARGEFILE_SOURCE -D_LARGEFILE64_SOURCE -D_GNU_SOURCE  -D__XEN_TOOLS__ -pthread -include /build/xen/tools/libs/ctrl/../../../tools/config.h -Wmissing-prototypes -I/build/xen/tools/libs/ctrl/../../../tools/include  -I/build/xen/tools/libs/ctrl/../../../tools/include  -I/build/xen/tools/libs/ctrl/../../../tools/include  -I/build/xen/tools/libs/ctrl/../../../tools/include  -I/build/xen/tools/libs/ctrl/../../../tools/include  -I/build/xen/tools/libs/ctrl/../../../tools/include  -I/build/xen/tools/libs/ctrl/../../../tools/include  -fPIC -c -o xc_kexec.opic xc_kexec.c 
riscv64-linux-gnu-gcc  -DPIC -DBUILD_ID -fno-strict-aliasing -std=gnu99 -Wall -Wstrict-prototypes -Wdeclaration-after-statement -Wno-unused-but-set-variable -Wno-unused-local-typedefs   -g3 -Werror -Og -fno-omit-frame-pointer -D__XEN_INTERFACE_VERSION__=__XEN_LATEST_INTERFACE_VERSION__ -MMD -MP -MF .xc_resource.opic.d -D_LARGEFILE_SOURCE -D_LARGEFILE64_SOURCE -D_GNU_SOURCE  -D__XEN_TOOLS__ -pthread -include /build/xen/tools/libs/ctrl/../../../tools/config.h -Wmissing-prototypes -I/build/xen/tools/libs/ctrl/../../../tools/include  -I/build/xen/tools/libs/ctrl/../../../tools/include  -I/build/xen/tools/libs/ctrl/../../../tools/include  -I/build/xen/tools/libs/ctrl/../../../tools/include  -I/build/xen/tools/libs/ctrl/../../../tools/include  -I/build/xen/tools/libs/ctrl/../../../tools/include  -I/build/xen/tools/libs/ctrl/../../../tools/include  -fPIC -c -o xc_resource.opic xc_resource.c 
riscv64-linux-gnu-gcc  -DPIC -DBUILD_ID -fno-strict-aliasing -std=gnu99 -Wall -Wstrict-prototypes -Wdeclaration-after-statement -Wno-unused-but-set-variable -Wno-unused-local-typedefs   -g3 -Werror -Og -fno-omit-frame-pointer -D__XEN_INTERFACE_VERSION__=__XEN_LATEST_INTERFACE_VERSION__ -MMD -MP -MF .no_xc_pagetab.opic.d -D_LARGEFILE_SOURCE -D_LARGEFILE64_SOURCE -D_GNU_SOURCE  -D__XEN_TOOLS__ -pthread -include /build/xen/tools/libs/ctrl/../../../tools/config.h -Wmissing-prototypes -I/build/xen/tools/libs/ctrl/../../../tools/include  -I/build/xen/tools/libs/ctrl/../../../tools/include  -I/build/xen/tools/libs/ctrl/../../../tools/include  -I/build/xen/tools/libs/ctrl/../../../tools/include  -I/build/xen/tools/libs/ctrl/../../../tools/include  -I/build/xen/tools/libs/ctrl/../../../tools/include  -I/build/xen/tools/libs/ctrl/../../../tools/include  -fPIC -c -o no_xc_pagetab.opic no_xc_pagetab.c 
riscv64-linux-gnu-gcc  -DPIC -DBUILD_ID -fno-strict-aliasing -std=gnu99 -Wall -Wstrict-prototypes -Wdeclaration-after-statement -Wno-unused-but-set-variable -Wno-unused-local-typedefs   -g3 -Werror -Og -fno-omit-frame-pointer -D__XEN_INTERFACE_VERSION__=__XEN_LATEST_INTERFACE_VERSION__ -MMD -MP -MF .xc_linux.opic.d -D_LARGEFILE_SOURCE -D_LARGEFILE64_SOURCE -D_GNU_SOURCE  -D__XEN_TOOLS__ -pthread -include /build/xen/tools/libs/ctrl/../../../tools/config.h -Wmissing-prototypes -I/build/xen/tools/libs/ctrl/../../../tools/include  -I/build/xen/tools/libs/ctrl/../../../tools/include  -I/build/xen/tools/libs/ctrl/../../../tools/include  -I/build/xen/tools/libs/ctrl/../../../tools/include  -I/build/xen/tools/libs/ctrl/../../../tools/include  -I/build/xen/tools/libs/ctrl/../../../tools/include  -I/build/xen/tools/libs/ctrl/../../../tools/include  -fPIC -c -o xc_linux.opic xc_linux.c 
riscv64-linux-gnu-gcc  -DPIC -DBUILD_ID -fno-strict-aliasing -std=gnu99 -Wall -Wstrict-prototypes -Wdeclaration-after-statement -Wno-unused-but-set-variable -Wno-unused-local-typedefs   -g3 -Werror -Og -fno-omit-frame-pointer -D__XEN_INTERFACE_VERSION__=__XEN_LATEST_INTERFACE_VERSION__ -MMD -MP -MF .xc_evtchn_compat.opic.d -D_LARGEFILE_SOURCE -D_LARGEFILE64_SOURCE -D_GNU_SOURCE  -D__XEN_TOOLS__ -pthread -include /build/xen/tools/libs/ctrl/../../../tools/config.h -Wmissing-prototypes -I/build/xen/tools/libs/ctrl/../../../tools/include  -I/build/xen/tools/libs/ctrl/../../../tools/include  -I/build/xen/tools/libs/ctrl/../../../tools/include  -I/build/xen/tools/libs/ctrl/../../../tools/include  -I/build/xen/tools/libs/ctrl/../../../tools/include  -I/build/xen/tools/libs/ctrl/../../../tools/include  -I/build/xen/tools/libs/ctrl/../../../tools/include  -fPIC -c -o xc_evtchn_compat.opic xc_evtchn_compat.c 
riscv64-linux-gnu-gcc  -DPIC -DBUILD_ID -fno-strict-aliasing -std=gnu99 -Wall -Wstrict-prototypes -Wdeclaration-after-statement -Wno-unused-but-set-variable -Wno-unused-local-typedefs   -g3 -Werror -Og -fno-omit-frame-pointer -D__XEN_INTERFACE_VERSION__=__XEN_LATEST_INTERFACE_VERSION__ -MMD -MP -MF .xc_gnttab_compat.opic.d -D_LARGEFILE_SOURCE -D_LARGEFILE64_SOURCE -D_GNU_SOURCE  -D__XEN_TOOLS__ -pthread -include /build/xen/tools/libs/ctrl/../../../tools/config.h -Wmissing-prototypes -I/build/xen/tools/libs/ctrl/../../../tools/include  -I/build/xen/tools/libs/ctrl/../../../tools/include  -I/build/xen/tools/libs/ctrl/../../../tools/include  -I/build/xen/tools/libs/ctrl/../../../tools/include  -I/build/xen/tools/libs/ctrl/../../../tools/include  -I/build/xen/tools/libs/ctrl/../../../tools/include  -I/build/xen/tools/libs/ctrl/../../../tools/include  -fPIC -c -o xc_gnttab_compat.opic xc_gnttab_compat.c 
riscv64-linux-gnu-gcc  -DPIC -DBUILD_ID -fno-strict-aliasing -std=gnu99 -Wall -Wstrict-prototypes -Wdeclaration-after-statement -Wno-unused-but-set-variable -Wno-unused-local-typedefs   -g3 -Werror -Og -fno-omit-frame-pointer -D__XEN_INTERFACE_VERSION__=__XEN_LATEST_INTERFACE_VERSION__ -MMD -MP -MF .xc_devicemodel_compat.opic.d -D_LARGEFILE_SOURCE -D_LARGEFILE64_SOURCE -D_GNU_SOURCE  -D__XEN_TOOLS__ -pthread -include /build/xen/tools/libs/ctrl/../../../tools/config.h -Wmissing-prototypes -I/build/xen/tools/libs/ctrl/../../../tools/include  -I/build/xen/tools/libs/ctrl/../../../tools/include  -I/build/xen/tools/libs/ctrl/../../../tools/include  -I/build/xen/tools/libs/ctrl/../../../tools/include  -I/build/xen/tools/libs/ctrl/../../../tools/include  -I/build/xen/tools/libs/ctrl/../../../tools/include  -I/build/xen/tools/libs/ctrl/../../../tools/include  -fPIC -c -o xc_devicemodel_compat.opic xc_devicemodel_compat.c 
echo 'libxenctrl_4.18.0 { global: *; };' >./.libxenctrl.map.tmp
if ! cmp -s ./.libxenctrl.map.tmp libxenctrl.map.tmp; then mv -f ./.libxenctrl.map.tmp libxenctrl.map.tmp; else rm -f ./.libxenctrl.map.tmp; fi
{ \
echo "prefix="; \
echo "includedir="; \
echo "libdir="; \
echo ""; \
echo "Name: Xencontrol"; \
echo "Description: The Xencontrol library for Xen hypervisor"; \
echo "Version: 4.18.0"; \
echo "Cflags: -I\${includedir}"; \
echo "Libs: -L\${libdir} -lxenctrl"; \
echo "Libs.private: "; \
echo "Requires.private: xentoollog,xencall,xenevtchn,xengnttab,xenforeignmemory,xendevicemodel"; \
} > xencontrol.pc
{ \
echo "prefix=/build/xen/tools/libs/ctrl/../../.."; \
echo "includedir=/build/xen/tools/libs/ctrl/../../../tools/include"; \
echo "libdir=/build/xen/tools/libs/ctrl"; \
echo ""; \
echo "Name: Xencontrol"; \
echo "Description: The Xencontrol library for Xen hypervisor"; \
echo "Version: 4.18.0"; \
echo "Cflags: -I\${includedir}"; \
echo "Libs: -L\${libdir}     -Wl,-rpath-link=/build/xen/tools/libs/ctrl/../../../tools/libs/call -Wl,-rpath-link=/build/xen/tools/libs/ctrl/../../../tools/libs/devicemodel -Wl,-rpath-link=/build/xen/tools/libs/ctrl/../../../tools/libs/evtchn -Wl,-rpath-link=/build/xen/tools/libs/ctrl/../../../tools/libs/foreignmemory -Wl,-rpath-link=/build/xen/tools/libs/ctrl/../../../tools/libs/gnttab -Wl,-rpath-link=/build/xen/tools/libs/ctrl/../../../tools/libs/toolcore -Wl,-rpath-link=/build/xen/tools/libs/ctrl/../../../tools/libs/toollog -Wl,-rpath-link=/build/xen/tools/libs/ctrl/../../../tools/libs/ctrl -lxenctrl"; \
echo "Libs.private: "; \
echo "Requires.private: xentoollog,xencall,xenevtchn,xengnttab,xenforeignmemory,xendevicemodel"; \
} > /build/xen/tools/pkg-config/xencontrol.pc
riscv64-linux-gnu-ar rc libxenctrl.a xc_altp2m.o xc_cpupool.o xc_domain.o xc_evtchn.o xc_gnttab.o xc_misc.o xc_flask.o xc_physdev.o xc_private.o xc_csched.o xc_csched2.o xc_arinc653.o xc_rt.o xc_tbuf.o xc_pm.o xc_cpu_hotplug.o xc_vm_event.o xc_vmtrace.o xc_monitor.o xc_mem_paging.o xc_mem_access.o xc_memshr.o xc_hcall_buf.o xc_foreign_memory.o xc_kexec.o xc_resource.o no_xc_pagetab.o xc_linux.o xc_evtchn_compat.o xc_gnttab_compat.o xc_devicemodel_compat.o
riscv64-linux-gnu-gcc     -pthread -Wl,-soname -Wl,libxenctrl.so.4.18 -Wl,--version-script=libxenctrl.map.tmp -shared -o libxenctrl.so.4.18.0 xc_altp2m.opic xc_cpupool.opic xc_domain.opic xc_evtchn.opic xc_gnttab.opic xc_misc.opic xc_flask.opic xc_physdev.opic xc_private.opic xc_csched.opic xc_csched2.opic xc_arinc653.opic xc_rt.opic xc_tbuf.opic xc_pm.opic xc_cpu_hotplug.opic xc_vm_event.opic xc_vmtrace.opic xc_monitor.opic xc_mem_paging.opic xc_mem_access.opic xc_memshr.opic xc_hcall_buf.opic xc_foreign_memory.opic xc_kexec.opic xc_resource.opic no_xc_pagetab.opic xc_linux.opic xc_evtchn_compat.opic xc_gnttab_compat.opic xc_devicemodel_compat.opic         -Wl,-rpath-link=/build/xen/tools/libs/ctrl/../../../tools/libs/call -Wl,-rpath-link=/build/xen/tools/libs/ctrl/../../../tools/libs/toolcore -Wl,-rpath-link=/build/xen/tools/libs/ctrl/../../../tools/libs/toollog      /build/xen/tools/libs/ctrl/../../../tools/libs/toollog/libxentoollog.so  /build/xen/tools/libs/ctrl/../../../tools/libs/call/libxencall.so  /build/xen/tools/libs/ctrl/../../../tools/libs/evtchn/libxenevtchn.so  /build/xen/tools/libs/ctrl/../../../tools/libs/gnttab/libxengnttab.so  /build/xen/tools/libs/ctrl/../../../tools/libs/foreignmemory/libxenforeignmemory.so  /build/xen/tools/libs/ctrl/../../../tools/libs/devicemodel/libxendevicemodel.so       
ln -sf libxenctrl.so.4.18.0 libxenctrl.so.4.18
ln -sf libxenctrl.so.4.18 libxenctrl.so
/build/xen/tools/libs/ctrl/../../../tools/cross-install -d -m0755 -p /build/xen/dist/install
/build/xen/tools/libs/ctrl/../../../tools/cross-install -d -m0755 -p /build/xen/dist/install
/build/xen/tools/libs/ctrl/../../../tools/cross-install -m0755 -p libxenctrl.so.4.18.0 /build/xen/dist/install
/build/xen/tools/libs/ctrl/../../../tools/cross-install -m0644 -p libxenctrl.a /build/xen/dist/install
ln -sf libxenctrl.so.4.18.0 /build/xen/dist/install/libxenctrl.so.4.18
ln -sf libxenctrl.so.4.18 /build/xen/dist/install/libxenctrl.so
for i in  /build/xen/tools/libs/ctrl/../../../tools/include/xenctrl.h  /build/xen/tools/libs/ctrl/../../../tools/include/xenctrl_compat.h; do /build/xen/tools/libs/ctrl/../../../tools/cross-install -m0644 -p $i /build/xen/dist/install; done
/build/xen/tools/libs/ctrl/../../../tools/cross-install -m0644 -p xencontrol.pc /build/xen/dist/install
make[7]: Leaving directory '/build/xen/tools/libs/ctrl'
make[6]: Leaving directory '/build/xen/tools/libs'
make[6]: Entering directory '/build/xen/tools/libs'
make -C guest install
make[7]: Entering directory '/build/xen/tools/libs/guest'
riscv64-linux-gnu-gcc  -DBUILD_ID -fno-strict-aliasing -std=gnu99 -Wall -Wstrict-prototypes -Wdeclaration-after-statement -Wno-unused-but-set-variable -Wno-unused-local-typedefs   -g3 -Werror -Og -fno-omit-frame-pointer -D__XEN_INTERFACE_VERSION__=__XEN_LATEST_INTERFACE_VERSION__ -MMD -MP -MF .xg_private.o.d -D_LARGEFILE_SOURCE -D_LARGEFILE64_SOURCE -D_GNU_SOURCE  -D__XEN_TOOLS__ -include /build/xen/tools/libs/guest/../../../tools/config.h -iquote ../../../xen/common/libelf -iquote /build/xen/tools/libs/guest/../../../tools/libs/ctrl -pthread -I/build/xen/tools/libs/guest/../../../tools/include -I/build/xen/tools/libs/guest/../../../tools/include -I/build/xen/tools/libs/guest/../../../tools/include -I/build/xen/tools/libs/guest/../../../tools/include -I/build/xen/tools/libs/guest/../../../tools/include -Wmissing-prototypes -I/build/xen/tools/libs/guest/../../../tools/include  -I/build/xen/tools/libs/guest/../../../tools/include  -I/build/xen/tools/libs/guest/../../../tools/include -D__XEN_TOOLS__  -c -o xg_private.o xg_private.c 
riscv64-linux-gnu-gcc  -DBUILD_ID -fno-strict-aliasing -std=gnu99 -Wall -Wstrict-prototypes -Wdeclaration-after-statement -Wno-unused-but-set-variable -Wno-unused-local-typedefs   -g3 -Werror -Og -fno-omit-frame-pointer -D__XEN_INTERFACE_VERSION__=__XEN_LATEST_INTERFACE_VERSION__ -MMD -MP -MF .xg_domain.o.d -D_LARGEFILE_SOURCE -D_LARGEFILE64_SOURCE -D_GNU_SOURCE  -D__XEN_TOOLS__ -include /build/xen/tools/libs/guest/../../../tools/config.h -iquote ../../../xen/common/libelf -iquote /build/xen/tools/libs/guest/../../../tools/libs/ctrl -pthread -I/build/xen/tools/libs/guest/../../../tools/include -I/build/xen/tools/libs/guest/../../../tools/include -I/build/xen/tools/libs/guest/../../../tools/include -I/build/xen/tools/libs/guest/../../../tools/include -I/build/xen/tools/libs/guest/../../../tools/include -Wmissing-prototypes -I/build/xen/tools/libs/guest/../../../tools/include  -I/build/xen/tools/libs/guest/../../../tools/include  -I/build/xen/tools/libs/guest/../../../tools/include -D__XEN_TOOLS__  -c -o xg_domain.o xg_domain.c 
riscv64-linux-gnu-gcc  -DBUILD_ID -fno-strict-aliasing -std=gnu99 -Wall -Wstrict-prototypes -Wdeclaration-after-statement -Wno-unused-but-set-variable -Wno-unused-local-typedefs   -g3 -Werror -Og -fno-omit-frame-pointer -D__XEN_INTERFACE_VERSION__=__XEN_LATEST_INTERFACE_VERSION__ -MMD -MP -MF .xg_suspend.o.d -D_LARGEFILE_SOURCE -D_LARGEFILE64_SOURCE -D_GNU_SOURCE  -D__XEN_TOOLS__ -include /build/xen/tools/libs/guest/../../../tools/config.h -iquote ../../../xen/common/libelf -iquote /build/xen/tools/libs/guest/../../../tools/libs/ctrl -pthread -I/build/xen/tools/libs/guest/../../../tools/include -I/build/xen/tools/libs/guest/../../../tools/include -I/build/xen/tools/libs/guest/../../../tools/include -I/build/xen/tools/libs/guest/../../../tools/include -I/build/xen/tools/libs/guest/../../../tools/include -Wmissing-prototypes -I/build/xen/tools/libs/guest/../../../tools/include  -I/build/xen/tools/libs/guest/../../../tools/include  -I/build/xen/tools/libs/guest/../../../tools/include -D__XEN_TOOLS__  -c -o xg_suspend.o xg_suspend.c 
riscv64-linux-gnu-gcc  -DBUILD_ID -fno-strict-aliasing -std=gnu99 -Wall -Wstrict-prototypes -Wdeclaration-after-statement -Wno-unused-but-set-variable -Wno-unused-local-typedefs   -g3 -Werror -Og -fno-omit-frame-pointer -D__XEN_INTERFACE_VERSION__=__XEN_LATEST_INTERFACE_VERSION__ -MMD -MP -MF .xg_resume.o.d -D_LARGEFILE_SOURCE -D_LARGEFILE64_SOURCE -D_GNU_SOURCE  -D__XEN_TOOLS__ -include /build/xen/tools/libs/guest/../../../tools/config.h -iquote ../../../xen/common/libelf -iquote /build/xen/tools/libs/guest/../../../tools/libs/ctrl -pthread -I/build/xen/tools/libs/guest/../../../tools/include -I/build/xen/tools/libs/guest/../../../tools/include -I/build/xen/tools/libs/guest/../../../tools/include -I/build/xen/tools/libs/guest/../../../tools/include -I/build/xen/tools/libs/guest/../../../tools/include -Wmissing-prototypes -I/build/xen/tools/libs/guest/../../../tools/include  -I/build/xen/tools/libs/guest/../../../tools/include  -I/build/xen/tools/libs/guest/../../../tools/include -D__XEN_TOOLS__  -c -o xg_resume.o xg_resume.c 
riscv64-linux-gnu-gcc  -DBUILD_ID -fno-strict-aliasing -std=gnu99 -Wall -Wstrict-prototypes -Wdeclaration-after-statement -Wno-unused-but-set-variable -Wno-unused-local-typedefs   -g3 -Werror -Og -fno-omit-frame-pointer -D__XEN_INTERFACE_VERSION__=__XEN_LATEST_INTERFACE_VERSION__ -MMD -MP -MF .xg_nomigrate.o.d -D_LARGEFILE_SOURCE -D_LARGEFILE64_SOURCE -D_GNU_SOURCE  -D__XEN_TOOLS__ -include /build/xen/tools/libs/guest/../../../tools/config.h -iquote ../../../xen/common/libelf -iquote /build/xen/tools/libs/guest/../../../tools/libs/ctrl -pthread -I/build/xen/tools/libs/guest/../../../tools/include -I/build/xen/tools/libs/guest/../../../tools/include -I/build/xen/tools/libs/guest/../../../tools/include -I/build/xen/tools/libs/guest/../../../tools/include -I/build/xen/tools/libs/guest/../../../tools/include -Wmissing-prototypes -I/build/xen/tools/libs/guest/../../../tools/include  -I/build/xen/tools/libs/guest/../../../tools/include  -I/build/xen/tools/libs/guest/../../../tools/include -D__XEN_TOOLS__  -c -o xg_nomigrate.o xg_nomigrate.c 
riscv64-linux-gnu-gcc  -DBUILD_ID -fno-strict-aliasing -std=gnu99 -Wall -Wstrict-prototypes -Wdeclaration-after-statement -Wno-unused-but-set-variable -Wno-unused-local-typedefs   -g3 -Werror -Og -fno-omit-frame-pointer -D__XEN_INTERFACE_VERSION__=__XEN_LATEST_INTERFACE_VERSION__ -MMD -MP -MF .xg_core.o.d -D_LARGEFILE_SOURCE -D_LARGEFILE64_SOURCE -D_GNU_SOURCE  -D__XEN_TOOLS__ -include /build/xen/tools/libs/guest/../../../tools/config.h -iquote ../../../xen/common/libelf -iquote /build/xen/tools/libs/guest/../../../tools/libs/ctrl -pthread -I/build/xen/tools/libs/guest/../../../tools/include -I/build/xen/tools/libs/guest/../../../tools/include -I/build/xen/tools/libs/guest/../../../tools/include -I/build/xen/tools/libs/guest/../../../tools/include -I/build/xen/tools/libs/guest/../../../tools/include -Wmissing-prototypes -I/build/xen/tools/libs/guest/../../../tools/include  -I/build/xen/tools/libs/guest/../../../tools/include  -I/build/xen/tools/libs/guest/../../../tools/include -D__XEN_TOOLS__  -c -o xg_core.o xg_core.c 
riscv64-linux-gnu-gcc  -DBUILD_ID -fno-strict-aliasing -std=gnu99 -Wall -Wstrict-prototypes -Wdeclaration-after-statement -Wno-unused-but-set-variable -Wno-unused-local-typedefs   -g3 -Werror -Og -fno-omit-frame-pointer -D__XEN_INTERFACE_VERSION__=__XEN_LATEST_INTERFACE_VERSION__ -MMD -MP -MF .xg_core_riscv.o.d -D_LARGEFILE_SOURCE -D_LARGEFILE64_SOURCE -D_GNU_SOURCE  -D__XEN_TOOLS__ -include /build/xen/tools/libs/guest/../../../tools/config.h -iquote ../../../xen/common/libelf -iquote /build/xen/tools/libs/guest/../../../tools/libs/ctrl -pthread -I/build/xen/tools/libs/guest/../../../tools/include -I/build/xen/tools/libs/guest/../../../tools/include -I/build/xen/tools/libs/guest/../../../tools/include -I/build/xen/tools/libs/guest/../../../tools/include -I/build/xen/tools/libs/guest/../../../tools/include -Wmissing-prototypes -I/build/xen/tools/libs/guest/../../../tools/include  -I/build/xen/tools/libs/guest/../../../tools/include  -I/build/xen/tools/libs/guest/../../../tools/include -D__XEN_TOOLS__  -c -o xg_core_riscv.o xg_core_riscv.c 
riscv64-linux-gnu-gcc  -DBUILD_ID -fno-strict-aliasing -std=gnu99 -Wall -Wstrict-prototypes -Wdeclaration-after-statement -Wno-unused-but-set-variable -Wno-unused-local-typedefs   -g3 -Werror -Og -fno-omit-frame-pointer -D__XEN_INTERFACE_VERSION__=__XEN_LATEST_INTERFACE_VERSION__ -MMD -MP -MF .libelf-tools.o.d -D_LARGEFILE_SOURCE -D_LARGEFILE64_SOURCE -D_GNU_SOURCE  -D__XEN_TOOLS__ -include /build/xen/tools/libs/guest/../../../tools/config.h -iquote ../../../xen/common/libelf -iquote /build/xen/tools/libs/guest/../../../tools/libs/ctrl -pthread -I/build/xen/tools/libs/guest/../../../tools/include -I/build/xen/tools/libs/guest/../../../tools/include -I/build/xen/tools/libs/guest/../../../tools/include -I/build/xen/tools/libs/guest/../../../tools/include -I/build/xen/tools/libs/guest/../../../tools/include -Wmissing-prototypes -I/build/xen/tools/libs/guest/../../../tools/include  -I/build/xen/tools/libs/guest/../../../tools/include  -I/build/xen/tools/libs/guest/../../../tools/include -D__XEN_TOOLS__ -Wno-pointer-sign  -c -o libelf-tools.o ../../../xen/common/libelf/libelf-tools.c 
riscv64-linux-gnu-gcc  -DBUILD_ID -fno-strict-aliasing -std=gnu99 -Wall -Wstrict-prototypes -Wdeclaration-after-statement -Wno-unused-but-set-variable -Wno-unused-local-typedefs   -g3 -Werror -Og -fno-omit-frame-pointer -D__XEN_INTERFACE_VERSION__=__XEN_LATEST_INTERFACE_VERSION__ -MMD -MP -MF .libelf-loader.o.d -D_LARGEFILE_SOURCE -D_LARGEFILE64_SOURCE -D_GNU_SOURCE  -D__XEN_TOOLS__ -include /build/xen/tools/libs/guest/../../../tools/config.h -iquote ../../../xen/common/libelf -iquote /build/xen/tools/libs/guest/../../../tools/libs/ctrl -pthread -I/build/xen/tools/libs/guest/../../../tools/include -I/build/xen/tools/libs/guest/../../../tools/include -I/build/xen/tools/libs/guest/../../../tools/include -I/build/xen/tools/libs/guest/../../../tools/include -I/build/xen/tools/libs/guest/../../../tools/include -Wmissing-prototypes -I/build/xen/tools/libs/guest/../../../tools/include  -I/build/xen/tools/libs/guest/../../../tools/include  -I/build/xen/tools/libs/guest/../../../tools/include -D__XEN_TOOLS__ -Wno-pointer-sign  -c -o libelf-loader.o ../../../xen/common/libelf/libelf-loader.c 
riscv64-linux-gnu-gcc  -DBUILD_ID -fno-strict-aliasing -std=gnu99 -Wall -Wstrict-prototypes -Wdeclaration-after-statement -Wno-unused-but-set-variable -Wno-unused-local-typedefs   -g3 -Werror -Og -fno-omit-frame-pointer -D__XEN_INTERFACE_VERSION__=__XEN_LATEST_INTERFACE_VERSION__ -MMD -MP -MF .libelf-dominfo.o.d -D_LARGEFILE_SOURCE -D_LARGEFILE64_SOURCE -D_GNU_SOURCE  -D__XEN_TOOLS__ -include /build/xen/tools/libs/guest/../../../tools/config.h -iquote ../../../xen/common/libelf -iquote /build/xen/tools/libs/guest/../../../tools/libs/ctrl -pthread -I/build/xen/tools/libs/guest/../../../tools/include -I/build/xen/tools/libs/guest/../../../tools/include -I/build/xen/tools/libs/guest/../../../tools/include -I/build/xen/tools/libs/guest/../../../tools/include -I/build/xen/tools/libs/guest/../../../tools/include -Wmissing-prototypes -I/build/xen/tools/libs/guest/../../../tools/include  -I/build/xen/tools/libs/guest/../../../tools/include  -I/build/xen/tools/libs/guest/../../../tools/include -D__XEN_TOOLS__ -Wno-pointer-sign  -c -o libelf-dominfo.o ../../../xen/common/libelf/libelf-dominfo.c 
riscv64-linux-gnu-gcc  -DBUILD_ID -fno-strict-aliasing -std=gnu99 -Wall -Wstrict-prototypes -Wdeclaration-after-statement -Wno-unused-but-set-variable -Wno-unused-local-typedefs   -g3 -Werror -Og -fno-omit-frame-pointer -D__XEN_INTERFACE_VERSION__=__XEN_LATEST_INTERFACE_VERSION__ -MMD -MP -MF .xg_dom_core.o.d -D_LARGEFILE_SOURCE -D_LARGEFILE64_SOURCE -D_GNU_SOURCE  -D__XEN_TOOLS__ -include /build/xen/tools/libs/guest/../../../tools/config.h -iquote ../../../xen/common/libelf -iquote /build/xen/tools/libs/guest/../../../tools/libs/ctrl -pthread -I/build/xen/tools/libs/guest/../../../tools/include -I/build/xen/tools/libs/guest/../../../tools/include -I/build/xen/tools/libs/guest/../../../tools/include -I/build/xen/tools/libs/guest/../../../tools/include -I/build/xen/tools/libs/guest/../../../tools/include -Wmissing-prototypes -I/build/xen/tools/libs/guest/../../../tools/include  -I/build/xen/tools/libs/guest/../../../tools/include  -I/build/xen/tools/libs/guest/../../../tools/include -D__XEN_TOOLS__  -c -o xg_dom_core.o xg_dom_core.c 
riscv64-linux-gnu-gcc  -DBUILD_ID -fno-strict-aliasing -std=gnu99 -Wall -Wstrict-prototypes -Wdeclaration-after-statement -Wno-unused-but-set-variable -Wno-unused-local-typedefs   -g3 -Werror -Og -fno-omit-frame-pointer -D__XEN_INTERFACE_VERSION__=__XEN_LATEST_INTERFACE_VERSION__ -MMD -MP -MF .xg_dom_boot.o.d -D_LARGEFILE_SOURCE -D_LARGEFILE64_SOURCE -D_GNU_SOURCE  -D__XEN_TOOLS__ -include /build/xen/tools/libs/guest/../../../tools/config.h -iquote ../../../xen/common/libelf -iquote /build/xen/tools/libs/guest/../../../tools/libs/ctrl -pthread -I/build/xen/tools/libs/guest/../../../tools/include -I/build/xen/tools/libs/guest/../../../tools/include -I/build/xen/tools/libs/guest/../../../tools/include -I/build/xen/tools/libs/guest/../../../tools/include -I/build/xen/tools/libs/guest/../../../tools/include -Wmissing-prototypes -I/build/xen/tools/libs/guest/../../../tools/include  -I/build/xen/tools/libs/guest/../../../tools/include  -I/build/xen/tools/libs/guest/../../../tools/include -D__XEN_TOOLS__  -c -o xg_dom_boot.o xg_dom_boot.c 
riscv64-linux-gnu-gcc  -DBUILD_ID -fno-strict-aliasing -std=gnu99 -Wall -Wstrict-prototypes -Wdeclaration-after-statement -Wno-unused-but-set-variable -Wno-unused-local-typedefs   -g3 -Werror -Og -fno-omit-frame-pointer -D__XEN_INTERFACE_VERSION__=__XEN_LATEST_INTERFACE_VERSION__ -MMD -MP -MF .xg_dom_elfloader.o.d -D_LARGEFILE_SOURCE -D_LARGEFILE64_SOURCE -D_GNU_SOURCE  -D__XEN_TOOLS__ -include /build/xen/tools/libs/guest/../../../tools/config.h -iquote ../../../xen/common/libelf -iquote /build/xen/tools/libs/guest/../../../tools/libs/ctrl -pthread -I/build/xen/tools/libs/guest/../../../tools/include -I/build/xen/tools/libs/guest/../../../tools/include -I/build/xen/tools/libs/guest/../../../tools/include -I/build/xen/tools/libs/guest/../../../tools/include -I/build/xen/tools/libs/guest/../../../tools/include -Wmissing-prototypes -I/build/xen/tools/libs/guest/../../../tools/include  -I/build/xen/tools/libs/guest/../../../tools/include  -I/build/xen/tools/libs/guest/../../../tools/include -D__XEN_TOOLS__  -c -o xg_dom_elfloader.o xg_dom_elfloader.c 
riscv64-linux-gnu-gcc  -DBUILD_ID -fno-strict-aliasing -std=gnu99 -Wall -Wstrict-prototypes -Wdeclaration-after-statement -Wno-unused-but-set-variable -Wno-unused-local-typedefs   -g3 -Werror -Og -fno-omit-frame-pointer -D__XEN_INTERFACE_VERSION__=__XEN_LATEST_INTERFACE_VERSION__ -MMD -MP -MF .xg_dom_riscvzimageloader.o.d -D_LARGEFILE_SOURCE -D_LARGEFILE64_SOURCE -D_GNU_SOURCE  -D__XEN_TOOLS__ -include /build/xen/tools/libs/guest/../../../tools/config.h -iquote ../../../xen/common/libelf -iquote /build/xen/tools/libs/guest/../../../tools/libs/ctrl -pthread -I/build/xen/tools/libs/guest/../../../tools/include -I/build/xen/tools/libs/guest/../../../tools/include -I/build/xen/tools/libs/guest/../../../tools/include -I/build/xen/tools/libs/guest/../../../tools/include -I/build/xen/tools/libs/guest/../../../tools/include -Wmissing-prototypes -I/build/xen/tools/libs/guest/../../../tools/include  -I/build/xen/tools/libs/guest/../../../tools/include  -I/build/xen/tools/libs/guest/../../../tools/include -D__XEN_TOOLS__  -c -o xg_dom_riscvzimageloader.o xg_dom_riscvzimageloader.c 
riscv64-linux-gnu-gcc  -DBUILD_ID -fno-strict-aliasing -std=gnu99 -Wall -Wstrict-prototypes -Wdeclaration-after-statement -Wno-unused-but-set-variable -Wno-unused-local-typedefs   -g3 -Werror -Og -fno-omit-frame-pointer -D__XEN_INTERFACE_VERSION__=__XEN_LATEST_INTERFACE_VERSION__ -MMD -MP -MF .xg_dom_binloader.o.d -D_LARGEFILE_SOURCE -D_LARGEFILE64_SOURCE -D_GNU_SOURCE  -D__XEN_TOOLS__ -include /build/xen/tools/libs/guest/../../../tools/config.h -iquote ../../../xen/common/libelf -iquote /build/xen/tools/libs/guest/../../../tools/libs/ctrl -pthread -I/build/xen/tools/libs/guest/../../../tools/include -I/build/xen/tools/libs/guest/../../../tools/include -I/build/xen/tools/libs/guest/../../../tools/include -I/build/xen/tools/libs/guest/../../../tools/include -I/build/xen/tools/libs/guest/../../../tools/include -Wmissing-prototypes -I/build/xen/tools/libs/guest/../../../tools/include  -I/build/xen/tools/libs/guest/../../../tools/include  -I/build/xen/tools/libs/guest/../../../tools/include -D__XEN_TOOLS__  -c -o xg_dom_binloader.o xg_dom_binloader.c 
riscv64-linux-gnu-gcc  -DBUILD_ID -fno-strict-aliasing -std=gnu99 -Wall -Wstrict-prototypes -Wdeclaration-after-statement -Wno-unused-but-set-variable -Wno-unused-local-typedefs   -g3 -Werror -Og -fno-omit-frame-pointer -D__XEN_INTERFACE_VERSION__=__XEN_LATEST_INTERFACE_VERSION__ -MMD -MP -MF .xg_dom_compat_linux.o.d -D_LARGEFILE_SOURCE -D_LARGEFILE64_SOURCE -D_GNU_SOURCE  -D__XEN_TOOLS__ -include /build/xen/tools/libs/guest/../../../tools/config.h -iquote ../../../xen/common/libelf -iquote /build/xen/tools/libs/guest/../../../tools/libs/ctrl -pthread -I/build/xen/tools/libs/guest/../../../tools/include -I/build/xen/tools/libs/guest/../../../tools/include -I/build/xen/tools/libs/guest/../../../tools/include -I/build/xen/tools/libs/guest/../../../tools/include -I/build/xen/tools/libs/guest/../../../tools/include -Wmissing-prototypes -I/build/xen/tools/libs/guest/../../../tools/include  -I/build/xen/tools/libs/guest/../../../tools/include  -I/build/xen/tools/libs/guest/../../../tools/include -D__XEN_TOOLS__  -c -o xg_dom_compat_linux.o xg_dom_compat_linux.c 
riscv64-linux-gnu-gcc  -DBUILD_ID -fno-strict-aliasing -std=gnu99 -Wall -Wstrict-prototypes -Wdeclaration-after-statement -Wno-unused-but-set-variable -Wno-unused-local-typedefs   -g3 -Werror -Og -fno-omit-frame-pointer -D__XEN_INTERFACE_VERSION__=__XEN_LATEST_INTERFACE_VERSION__ -MMD -MP -MF .xg_dom_riscv.o.d -D_LARGEFILE_SOURCE -D_LARGEFILE64_SOURCE -D_GNU_SOURCE  -D__XEN_TOOLS__ -include /build/xen/tools/libs/guest/../../../tools/config.h -iquote ../../../xen/common/libelf -iquote /build/xen/tools/libs/guest/../../../tools/libs/ctrl -pthread -I/build/xen/tools/libs/guest/../../../tools/include -I/build/xen/tools/libs/guest/../../../tools/include -I/build/xen/tools/libs/guest/../../../tools/include -I/build/xen/tools/libs/guest/../../../tools/include -I/build/xen/tools/libs/guest/../../../tools/include -Wmissing-prototypes -I/build/xen/tools/libs/guest/../../../tools/include  -I/build/xen/tools/libs/guest/../../../tools/include  -I/build/xen/tools/libs/guest/../../../tools/include -D__XEN_TOOLS__  -c -o xg_dom_riscv.o xg_dom_riscv.c 
riscv64-linux-gnu-gcc  -DPIC -DBUILD_ID -fno-strict-aliasing -std=gnu99 -Wall -Wstrict-prototypes -Wdeclaration-after-statement -Wno-unused-but-set-variable -Wno-unused-local-typedefs   -g3 -Werror -Og -fno-omit-frame-pointer -D__XEN_INTERFACE_VERSION__=__XEN_LATEST_INTERFACE_VERSION__ -MMD -MP -MF .xg_private.opic.d -D_LARGEFILE_SOURCE -D_LARGEFILE64_SOURCE -D_GNU_SOURCE  -D__XEN_TOOLS__ -include /build/xen/tools/libs/guest/../../../tools/config.h -iquote ../../../xen/common/libelf -iquote /build/xen/tools/libs/guest/../../../tools/libs/ctrl -pthread -I/build/xen/tools/libs/guest/../../../tools/include -I/build/xen/tools/libs/guest/../../../tools/include -I/build/xen/tools/libs/guest/../../../tools/include -I/build/xen/tools/libs/guest/../../../tools/include -I/build/xen/tools/libs/guest/../../../tools/include -Wmissing-prototypes -I/build/xen/tools/libs/guest/../../../tools/include  -I/build/xen/tools/libs/guest/../../../tools/include  -I/build/xen/tools/libs/guest/../../../tools/include -D__XEN_TOOLS__  -fPIC -c -o xg_private.opic xg_private.c 
riscv64-linux-gnu-gcc  -DPIC -DBUILD_ID -fno-strict-aliasing -std=gnu99 -Wall -Wstrict-prototypes -Wdeclaration-after-statement -Wno-unused-but-set-variable -Wno-unused-local-typedefs   -g3 -Werror -Og -fno-omit-frame-pointer -D__XEN_INTERFACE_VERSION__=__XEN_LATEST_INTERFACE_VERSION__ -MMD -MP -MF .xg_domain.opic.d -D_LARGEFILE_SOURCE -D_LARGEFILE64_SOURCE -D_GNU_SOURCE  -D__XEN_TOOLS__ -include /build/xen/tools/libs/guest/../../../tools/config.h -iquote ../../../xen/common/libelf -iquote /build/xen/tools/libs/guest/../../../tools/libs/ctrl -pthread -I/build/xen/tools/libs/guest/../../../tools/include -I/build/xen/tools/libs/guest/../../../tools/include -I/build/xen/tools/libs/guest/../../../tools/include -I/build/xen/tools/libs/guest/../../../tools/include -I/build/xen/tools/libs/guest/../../../tools/include -Wmissing-prototypes -I/build/xen/tools/libs/guest/../../../tools/include  -I/build/xen/tools/libs/guest/../../../tools/include  -I/build/xen/tools/libs/guest/../../../tools/include -D__XEN_TOOLS__  -fPIC -c -o xg_domain.opic xg_domain.c 
riscv64-linux-gnu-gcc  -DPIC -DBUILD_ID -fno-strict-aliasing -std=gnu99 -Wall -Wstrict-prototypes -Wdeclaration-after-statement -Wno-unused-but-set-variable -Wno-unused-local-typedefs   -g3 -Werror -Og -fno-omit-frame-pointer -D__XEN_INTERFACE_VERSION__=__XEN_LATEST_INTERFACE_VERSION__ -MMD -MP -MF .xg_suspend.opic.d -D_LARGEFILE_SOURCE -D_LARGEFILE64_SOURCE -D_GNU_SOURCE  -D__XEN_TOOLS__ -include /build/xen/tools/libs/guest/../../../tools/config.h -iquote ../../../xen/common/libelf -iquote /build/xen/tools/libs/guest/../../../tools/libs/ctrl -pthread -I/build/xen/tools/libs/guest/../../../tools/include -I/build/xen/tools/libs/guest/../../../tools/include -I/build/xen/tools/libs/guest/../../../tools/include -I/build/xen/tools/libs/guest/../../../tools/include -I/build/xen/tools/libs/guest/../../../tools/include -Wmissing-prototypes -I/build/xen/tools/libs/guest/../../../tools/include  -I/build/xen/tools/libs/guest/../../../tools/include  -I/build/xen/tools/libs/guest/../../../tools/include -D__XEN_TOOLS__  -fPIC -c -o xg_suspend.opic xg_suspend.c 
riscv64-linux-gnu-gcc  -DPIC -DBUILD_ID -fno-strict-aliasing -std=gnu99 -Wall -Wstrict-prototypes -Wdeclaration-after-statement -Wno-unused-but-set-variable -Wno-unused-local-typedefs   -g3 -Werror -Og -fno-omit-frame-pointer -D__XEN_INTERFACE_VERSION__=__XEN_LATEST_INTERFACE_VERSION__ -MMD -MP -MF .xg_resume.opic.d -D_LARGEFILE_SOURCE -D_LARGEFILE64_SOURCE -D_GNU_SOURCE  -D__XEN_TOOLS__ -include /build/xen/tools/libs/guest/../../../tools/config.h -iquote ../../../xen/common/libelf -iquote /build/xen/tools/libs/guest/../../../tools/libs/ctrl -pthread -I/build/xen/tools/libs/guest/../../../tools/include -I/build/xen/tools/libs/guest/../../../tools/include -I/build/xen/tools/libs/guest/../../../tools/include -I/build/xen/tools/libs/guest/../../../tools/include -I/build/xen/tools/libs/guest/../../../tools/include -Wmissing-prototypes -I/build/xen/tools/libs/guest/../../../tools/include  -I/build/xen/tools/libs/guest/../../../tools/include  -I/build/xen/tools/libs/guest/../../../tools/include -D__XEN_TOOLS__  -fPIC -c -o xg_resume.opic xg_resume.c 
riscv64-linux-gnu-gcc  -DPIC -DBUILD_ID -fno-strict-aliasing -std=gnu99 -Wall -Wstrict-prototypes -Wdeclaration-after-statement -Wno-unused-but-set-variable -Wno-unused-local-typedefs   -g3 -Werror -Og -fno-omit-frame-pointer -D__XEN_INTERFACE_VERSION__=__XEN_LATEST_INTERFACE_VERSION__ -MMD -MP -MF .xg_nomigrate.opic.d -D_LARGEFILE_SOURCE -D_LARGEFILE64_SOURCE -D_GNU_SOURCE  -D__XEN_TOOLS__ -include /build/xen/tools/libs/guest/../../../tools/config.h -iquote ../../../xen/common/libelf -iquote /build/xen/tools/libs/guest/../../../tools/libs/ctrl -pthread -I/build/xen/tools/libs/guest/../../../tools/include -I/build/xen/tools/libs/guest/../../../tools/include -I/build/xen/tools/libs/guest/../../../tools/include -I/build/xen/tools/libs/guest/../../../tools/include -I/build/xen/tools/libs/guest/../../../tools/include -Wmissing-prototypes -I/build/xen/tools/libs/guest/../../../tools/include  -I/build/xen/tools/libs/guest/../../../tools/include  -I/build/xen/tools/libs/guest/../../../tools/include -D__XEN_TOOLS__  -fPIC -c -o xg_nomigrate.opic xg_nomigrate.c 
riscv64-linux-gnu-gcc  -DPIC -DBUILD_ID -fno-strict-aliasing -std=gnu99 -Wall -Wstrict-prototypes -Wdeclaration-after-statement -Wno-unused-but-set-variable -Wno-unused-local-typedefs   -g3 -Werror -Og -fno-omit-frame-pointer -D__XEN_INTERFACE_VERSION__=__XEN_LATEST_INTERFACE_VERSION__ -MMD -MP -MF .xg_core.opic.d -D_LARGEFILE_SOURCE -D_LARGEFILE64_SOURCE -D_GNU_SOURCE  -D__XEN_TOOLS__ -include /build/xen/tools/libs/guest/../../../tools/config.h -iquote ../../../xen/common/libelf -iquote /build/xen/tools/libs/guest/../../../tools/libs/ctrl -pthread -I/build/xen/tools/libs/guest/../../../tools/include -I/build/xen/tools/libs/guest/../../../tools/include -I/build/xen/tools/libs/guest/../../../tools/include -I/build/xen/tools/libs/guest/../../../tools/include -I/build/xen/tools/libs/guest/../../../tools/include -Wmissing-prototypes -I/build/xen/tools/libs/guest/../../../tools/include  -I/build/xen/tools/libs/guest/../../../tools/include  -I/build/xen/tools/libs/guest/../../../tools/include -D__XEN_TOOLS__  -fPIC -c -o xg_core.opic xg_core.c 
riscv64-linux-gnu-gcc  -DPIC -DBUILD_ID -fno-strict-aliasing -std=gnu99 -Wall -Wstrict-prototypes -Wdeclaration-after-statement -Wno-unused-but-set-variable -Wno-unused-local-typedefs   -g3 -Werror -Og -fno-omit-frame-pointer -D__XEN_INTERFACE_VERSION__=__XEN_LATEST_INTERFACE_VERSION__ -MMD -MP -MF .xg_core_riscv.opic.d -D_LARGEFILE_SOURCE -D_LARGEFILE64_SOURCE -D_GNU_SOURCE  -D__XEN_TOOLS__ -include /build/xen/tools/libs/guest/../../../tools/config.h -iquote ../../../xen/common/libelf -iquote /build/xen/tools/libs/guest/../../../tools/libs/ctrl -pthread -I/build/xen/tools/libs/guest/../../../tools/include -I/build/xen/tools/libs/guest/../../../tools/include -I/build/xen/tools/libs/guest/../../../tools/include -I/build/xen/tools/libs/guest/../../../tools/include -I/build/xen/tools/libs/guest/../../../tools/include -Wmissing-prototypes -I/build/xen/tools/libs/guest/../../../tools/include  -I/build/xen/tools/libs/guest/../../../tools/include  -I/build/xen/tools/libs/guest/../../../tools/include -D__XEN_TOOLS__  -fPIC -c -o xg_core_riscv.opic xg_core_riscv.c 
riscv64-linux-gnu-gcc  -DPIC -DBUILD_ID -fno-strict-aliasing -std=gnu99 -Wall -Wstrict-prototypes -Wdeclaration-after-statement -Wno-unused-but-set-variable -Wno-unused-local-typedefs   -g3 -Werror -Og -fno-omit-frame-pointer -D__XEN_INTERFACE_VERSION__=__XEN_LATEST_INTERFACE_VERSION__ -MMD -MP -MF .libelf-tools.opic.d -D_LARGEFILE_SOURCE -D_LARGEFILE64_SOURCE -D_GNU_SOURCE  -D__XEN_TOOLS__ -include /build/xen/tools/libs/guest/../../../tools/config.h -iquote ../../../xen/common/libelf -iquote /build/xen/tools/libs/guest/../../../tools/libs/ctrl -pthread -I/build/xen/tools/libs/guest/../../../tools/include -I/build/xen/tools/libs/guest/../../../tools/include -I/build/xen/tools/libs/guest/../../../tools/include -I/build/xen/tools/libs/guest/../../../tools/include -I/build/xen/tools/libs/guest/../../../tools/include -Wmissing-prototypes -I/build/xen/tools/libs/guest/../../../tools/include  -I/build/xen/tools/libs/guest/../../../tools/include  -I/build/xen/tools/libs/guest/../../../tools/include -D__XEN_TOOLS__ -Wno-pointer-sign  -fPIC -c -o libelf-tools.opic ../../../xen/common/libelf/libelf-tools.c 
riscv64-linux-gnu-gcc  -DPIC -DBUILD_ID -fno-strict-aliasing -std=gnu99 -Wall -Wstrict-prototypes -Wdeclaration-after-statement -Wno-unused-but-set-variable -Wno-unused-local-typedefs   -g3 -Werror -Og -fno-omit-frame-pointer -D__XEN_INTERFACE_VERSION__=__XEN_LATEST_INTERFACE_VERSION__ -MMD -MP -MF .libelf-loader.opic.d -D_LARGEFILE_SOURCE -D_LARGEFILE64_SOURCE -D_GNU_SOURCE  -D__XEN_TOOLS__ -include /build/xen/tools/libs/guest/../../../tools/config.h -iquote ../../../xen/common/libelf -iquote /build/xen/tools/libs/guest/../../../tools/libs/ctrl -pthread -I/build/xen/tools/libs/guest/../../../tools/include -I/build/xen/tools/libs/guest/../../../tools/include -I/build/xen/tools/libs/guest/../../../tools/include -I/build/xen/tools/libs/guest/../../../tools/include -I/build/xen/tools/libs/guest/../../../tools/include -Wmissing-prototypes -I/build/xen/tools/libs/guest/../../../tools/include  -I/build/xen/tools/libs/guest/../../../tools/include  -I/build/xen/tools/libs/guest/../../../tools/include -D__XEN_TOOLS__ -Wno-pointer-sign  -fPIC -c -o libelf-loader.opic ../../../xen/common/libelf/libelf-loader.c 
riscv64-linux-gnu-gcc  -DPIC -DBUILD_ID -fno-strict-aliasing -std=gnu99 -Wall -Wstrict-prototypes -Wdeclaration-after-statement -Wno-unused-but-set-variable -Wno-unused-local-typedefs   -g3 -Werror -Og -fno-omit-frame-pointer -D__XEN_INTERFACE_VERSION__=__XEN_LATEST_INTERFACE_VERSION__ -MMD -MP -MF .libelf-dominfo.opic.d -D_LARGEFILE_SOURCE -D_LARGEFILE64_SOURCE -D_GNU_SOURCE  -D__XEN_TOOLS__ -include /build/xen/tools/libs/guest/../../../tools/config.h -iquote ../../../xen/common/libelf -iquote /build/xen/tools/libs/guest/../../../tools/libs/ctrl -pthread -I/build/xen/tools/libs/guest/../../../tools/include -I/build/xen/tools/libs/guest/../../../tools/include -I/build/xen/tools/libs/guest/../../../tools/include -I/build/xen/tools/libs/guest/../../../tools/include -I/build/xen/tools/libs/guest/../../../tools/include -Wmissing-prototypes -I/build/xen/tools/libs/guest/../../../tools/include  -I/build/xen/tools/libs/guest/../../../tools/include  -I/build/xen/tools/libs/guest/../../../tools/include -D__XEN_TOOLS__ -Wno-pointer-sign  -fPIC -c -o libelf-dominfo.opic ../../../xen/common/libelf/libelf-dominfo.c 
riscv64-linux-gnu-gcc  -DPIC -DBUILD_ID -fno-strict-aliasing -std=gnu99 -Wall -Wstrict-prototypes -Wdeclaration-after-statement -Wno-unused-but-set-variable -Wno-unused-local-typedefs   -g3 -Werror -Og -fno-omit-frame-pointer -D__XEN_INTERFACE_VERSION__=__XEN_LATEST_INTERFACE_VERSION__ -MMD -MP -MF .xg_dom_core.opic.d -D_LARGEFILE_SOURCE -D_LARGEFILE64_SOURCE -D_GNU_SOURCE  -D__XEN_TOOLS__ -include /build/xen/tools/libs/guest/../../../tools/config.h -iquote ../../../xen/common/libelf -iquote /build/xen/tools/libs/guest/../../../tools/libs/ctrl -pthread -I/build/xen/tools/libs/guest/../../../tools/include -I/build/xen/tools/libs/guest/../../../tools/include -I/build/xen/tools/libs/guest/../../../tools/include -I/build/xen/tools/libs/guest/../../../tools/include -I/build/xen/tools/libs/guest/../../../tools/include -Wmissing-prototypes -I/build/xen/tools/libs/guest/../../../tools/include  -I/build/xen/tools/libs/guest/../../../tools/include  -I/build/xen/tools/libs/guest/../../../tools/include -D__XEN_TOOLS__  -fPIC -c -o xg_dom_core.opic xg_dom_core.c 
riscv64-linux-gnu-gcc  -DPIC -DBUILD_ID -fno-strict-aliasing -std=gnu99 -Wall -Wstrict-prototypes -Wdeclaration-after-statement -Wno-unused-but-set-variable -Wno-unused-local-typedefs   -g3 -Werror -Og -fno-omit-frame-pointer -D__XEN_INTERFACE_VERSION__=__XEN_LATEST_INTERFACE_VERSION__ -MMD -MP -MF .xg_dom_boot.opic.d -D_LARGEFILE_SOURCE -D_LARGEFILE64_SOURCE -D_GNU_SOURCE  -D__XEN_TOOLS__ -include /build/xen/tools/libs/guest/../../../tools/config.h -iquote ../../../xen/common/libelf -iquote /build/xen/tools/libs/guest/../../../tools/libs/ctrl -pthread -I/build/xen/tools/libs/guest/../../../tools/include -I/build/xen/tools/libs/guest/../../../tools/include -I/build/xen/tools/libs/guest/../../../tools/include -I/build/xen/tools/libs/guest/../../../tools/include -I/build/xen/tools/libs/guest/../../../tools/include -Wmissing-prototypes -I/build/xen/tools/libs/guest/../../../tools/include  -I/build/xen/tools/libs/guest/../../../tools/include  -I/build/xen/tools/libs/guest/../../../tools/include -D__XEN_TOOLS__  -fPIC -c -o xg_dom_boot.opic xg_dom_boot.c 
riscv64-linux-gnu-gcc  -DPIC -DBUILD_ID -fno-strict-aliasing -std=gnu99 -Wall -Wstrict-prototypes -Wdeclaration-after-statement -Wno-unused-but-set-variable -Wno-unused-local-typedefs   -g3 -Werror -Og -fno-omit-frame-pointer -D__XEN_INTERFACE_VERSION__=__XEN_LATEST_INTERFACE_VERSION__ -MMD -MP -MF .xg_dom_elfloader.opic.d -D_LARGEFILE_SOURCE -D_LARGEFILE64_SOURCE -D_GNU_SOURCE  -D__XEN_TOOLS__ -include /build/xen/tools/libs/guest/../../../tools/config.h -iquote ../../../xen/common/libelf -iquote /build/xen/tools/libs/guest/../../../tools/libs/ctrl -pthread -I/build/xen/tools/libs/guest/../../../tools/include -I/build/xen/tools/libs/guest/../../../tools/include -I/build/xen/tools/libs/guest/../../../tools/include -I/build/xen/tools/libs/guest/../../../tools/include -I/build/xen/tools/libs/guest/../../../tools/include -Wmissing-prototypes -I/build/xen/tools/libs/guest/../../../tools/include  -I/build/xen/tools/libs/guest/../../../tools/include  -I/build/xen/tools/libs/guest/../../../tools/include -D__XEN_TOOLS__  -fPIC -c -o xg_dom_elfloader.opic xg_dom_elfloader.c 
riscv64-linux-gnu-gcc  -DPIC -DBUILD_ID -fno-strict-aliasing -std=gnu99 -Wall -Wstrict-prototypes -Wdeclaration-after-statement -Wno-unused-but-set-variable -Wno-unused-local-typedefs   -g3 -Werror -Og -fno-omit-frame-pointer -D__XEN_INTERFACE_VERSION__=__XEN_LATEST_INTERFACE_VERSION__ -MMD -MP -MF .xg_dom_riscvzimageloader.opic.d -D_LARGEFILE_SOURCE -D_LARGEFILE64_SOURCE -D_GNU_SOURCE  -D__XEN_TOOLS__ -include /build/xen/tools/libs/guest/../../../tools/config.h -iquote ../../../xen/common/libelf -iquote /build/xen/tools/libs/guest/../../../tools/libs/ctrl -pthread -I/build/xen/tools/libs/guest/../../../tools/include -I/build/xen/tools/libs/guest/../../../tools/include -I/build/xen/tools/libs/guest/../../../tools/include -I/build/xen/tools/libs/guest/../../../tools/include -I/build/xen/tools/libs/guest/../../../tools/include -Wmissing-prototypes -I/build/xen/tools/libs/guest/../../../tools/include  -I/build/xen/tools/libs/guest/../../../tools/include  -I/build/xen/tools/libs/guest/../../../tools/include -D__XEN_TOOLS__  -fPIC -c -o xg_dom_riscvzimageloader.opic xg_dom_riscvzimageloader.c 
riscv64-linux-gnu-gcc  -DPIC -DBUILD_ID -fno-strict-aliasing -std=gnu99 -Wall -Wstrict-prototypes -Wdeclaration-after-statement -Wno-unused-but-set-variable -Wno-unused-local-typedefs   -g3 -Werror -Og -fno-omit-frame-pointer -D__XEN_INTERFACE_VERSION__=__XEN_LATEST_INTERFACE_VERSION__ -MMD -MP -MF .xg_dom_binloader.opic.d -D_LARGEFILE_SOURCE -D_LARGEFILE64_SOURCE -D_GNU_SOURCE  -D__XEN_TOOLS__ -include /build/xen/tools/libs/guest/../../../tools/config.h -iquote ../../../xen/common/libelf -iquote /build/xen/tools/libs/guest/../../../tools/libs/ctrl -pthread -I/build/xen/tools/libs/guest/../../../tools/include -I/build/xen/tools/libs/guest/../../../tools/include -I/build/xen/tools/libs/guest/../../../tools/include -I/build/xen/tools/libs/guest/../../../tools/include -I/build/xen/tools/libs/guest/../../../tools/include -Wmissing-prototypes -I/build/xen/tools/libs/guest/../../../tools/include  -I/build/xen/tools/libs/guest/../../../tools/include  -I/build/xen/tools/libs/guest/../../../tools/include -D__XEN_TOOLS__  -fPIC -c -o xg_dom_binloader.opic xg_dom_binloader.c 
riscv64-linux-gnu-gcc  -DPIC -DBUILD_ID -fno-strict-aliasing -std=gnu99 -Wall -Wstrict-prototypes -Wdeclaration-after-statement -Wno-unused-but-set-variable -Wno-unused-local-typedefs   -g3 -Werror -Og -fno-omit-frame-pointer -D__XEN_INTERFACE_VERSION__=__XEN_LATEST_INTERFACE_VERSION__ -MMD -MP -MF .xg_dom_compat_linux.opic.d -D_LARGEFILE_SOURCE -D_LARGEFILE64_SOURCE -D_GNU_SOURCE  -D__XEN_TOOLS__ -include /build/xen/tools/libs/guest/../../../tools/config.h -iquote ../../../xen/common/libelf -iquote /build/xen/tools/libs/guest/../../../tools/libs/ctrl -pthread -I/build/xen/tools/libs/guest/../../../tools/include -I/build/xen/tools/libs/guest/../../../tools/include -I/build/xen/tools/libs/guest/../../../tools/include -I/build/xen/tools/libs/guest/../../../tools/include -I/build/xen/tools/libs/guest/../../../tools/include -Wmissing-prototypes -I/build/xen/tools/libs/guest/../../../tools/include  -I/build/xen/tools/libs/guest/../../../tools/include  -I/build/xen/tools/libs/guest/../../../tools/include -D__XEN_TOOLS__  -fPIC -c -o xg_dom_compat_linux.opic xg_dom_compat_linux.c 
riscv64-linux-gnu-gcc  -DPIC -DBUILD_ID -fno-strict-aliasing -std=gnu99 -Wall -Wstrict-prototypes -Wdeclaration-after-statement -Wno-unused-but-set-variable -Wno-unused-local-typedefs   -g3 -Werror -Og -fno-omit-frame-pointer -D__XEN_INTERFACE_VERSION__=__XEN_LATEST_INTERFACE_VERSION__ -MMD -MP -MF .xg_dom_riscv.opic.d -D_LARGEFILE_SOURCE -D_LARGEFILE64_SOURCE -D_GNU_SOURCE  -D__XEN_TOOLS__ -include /build/xen/tools/libs/guest/../../../tools/config.h -iquote ../../../xen/common/libelf -iquote /build/xen/tools/libs/guest/../../../tools/libs/ctrl -pthread -I/build/xen/tools/libs/guest/../../../tools/include -I/build/xen/tools/libs/guest/../../../tools/include -I/build/xen/tools/libs/guest/../../../tools/include -I/build/xen/tools/libs/guest/../../../tools/include -I/build/xen/tools/libs/guest/../../../tools/include -Wmissing-prototypes -I/build/xen/tools/libs/guest/../../../tools/include  -I/build/xen/tools/libs/guest/../../../tools/include  -I/build/xen/tools/libs/guest/../../../tools/include -D__XEN_TOOLS__  -fPIC -c -o xg_dom_riscv.opic xg_dom_riscv.c 
echo 'libxenguest_4.18.0 { global: *; };' >./.libxenguest.map.tmp
if ! cmp -s ./.libxenguest.map.tmp libxenguest.map.tmp; then mv -f ./.libxenguest.map.tmp libxenguest.map.tmp; else rm -f ./.libxenguest.map.tmp; fi
{ \
echo "prefix="; \
echo "includedir="; \
echo "libdir="; \
echo ""; \
echo "Name: Xenguest"; \
echo "Description: The Xenguest library for Xen hypervisor"; \
echo "Version: 4.18.0"; \
echo "Cflags: -I\${includedir}"; \
echo "Libs: -L\${libdir} -lxenguest"; \
echo "Libs.private: "; \
echo "Requires.private: xenevtchn,xencontrol"; \
} > xenguest.pc
{ \
echo "prefix=/build/xen/tools/libs/guest/../../.."; \
echo "includedir=/build/xen/tools/libs/guest/../../../tools/include"; \
echo "libdir=/build/xen/tools/libs/guest"; \
echo ""; \
echo "Name: Xenguest"; \
echo "Description: The Xenguest library for Xen hypervisor"; \
echo "Version: 4.18.0"; \
echo "Cflags: -I\${includedir}"; \
echo "Libs: -L\${libdir}     -Wl,-rpath-link=/build/xen/tools/libs/guest/../../../tools/libs/call -Wl,-rpath-link=/build/xen/tools/libs/guest/../../../tools/libs/ctrl -Wl,-rpath-link=/build/xen/tools/libs/guest/../../../tools/libs/devicemodel -Wl,-rpath-link=/build/xen/tools/libs/guest/../../../tools/libs/evtchn -Wl,-rpath-link=/build/xen/tools/libs/guest/../../../tools/libs/foreignmemory -Wl,-rpath-link=/build/xen/tools/libs/guest/../../../tools/libs/gnttab -Wl,-rpath-link=/build/xen/tools/libs/guest/../../../tools/libs/toolcore -Wl,-rpath-link=/build/xen/tools/libs/guest/../../../tools/libs/toollog -Wl,-rpath-link=/build/xen/tools/libs/guest/../../../tools/libs/guest -lxenguest"; \
echo "Libs.private: "; \
echo "Requires.private: xenevtchn,xencontrol"; \
} > /build/xen/tools/pkg-config/xenguest.pc
riscv64-linux-gnu-ar rc libxenguest.a xg_private.o xg_domain.o xg_suspend.o xg_resume.o xg_nomigrate.o xg_core.o xg_core_riscv.o libelf-tools.o libelf-loader.o libelf-dominfo.o xg_dom_core.o xg_dom_boot.o xg_dom_elfloader.o xg_dom_riscvzimageloader.o xg_dom_binloader.o xg_dom_compat_linux.o xg_dom_riscv.o
riscv64-linux-gnu-gcc     -pthread -Wl,-soname -Wl,libxenguest.so.4.18 -Wl,--version-script=libxenguest.map.tmp -shared -o libxenguest.so.4.18.0 xg_private.opic xg_domain.opic xg_suspend.opic xg_resume.opic xg_nomigrate.opic xg_core.opic xg_core_riscv.opic libelf-tools.opic libelf-loader.opic libelf-dominfo.opic xg_dom_core.opic xg_dom_boot.opic xg_dom_elfloader.opic xg_dom_riscvzimageloader.opic xg_dom_binloader.opic xg_dom_compat_linux.opic xg_dom_riscv.opic         -Wl,-rpath-link=/build/xen/tools/libs/guest/../../../tools/libs/call -Wl,-rpath-link=/build/xen/tools/libs/guest/../../../tools/libs/devicemodel -Wl,-rpath-link=/build/xen/tools/libs/guest/../../../tools/libs/evtchn -Wl,-rpath-link=/build/xen/tools/libs/guest/../../../tools/libs/foreignmemory -Wl,-rpath-link=/build/xen/tools/libs/guest/../../../tools/libs/gnttab -Wl,-rpath-link=/build/xen/tools/libs/guest/../../../tools/libs/toolcore -Wl,-rpath-link=/build/xen/tools/libs/guest/../../../tools/libs/toollog      /build/xen/tools/libs/guest/../../../tools/libs/evtchn/libxenevtchn.so  /build/xen/tools/libs/guest/../../../tools/libs/ctrl/libxenctrl.so    -lz 
ln -sf libxenguest.so.4.18.0 libxenguest.so.4.18
ln -sf libxenguest.so.4.18 libxenguest.so
/build/xen/tools/libs/guest/../../../tools/cross-install -d -m0755 -p /build/xen/dist/install
/build/xen/tools/libs/guest/../../../tools/cross-install -d -m0755 -p /build/xen/dist/install
/build/xen/tools/libs/guest/../../../tools/cross-install -m0755 -p libxenguest.so.4.18.0 /build/xen/dist/install
/build/xen/tools/libs/guest/../../../tools/cross-install -m0644 -p libxenguest.a /build/xen/dist/install
ln -sf libxenguest.so.4.18.0 /build/xen/dist/install/libxenguest.so.4.18
ln -sf libxenguest.so.4.18 /build/xen/dist/install/libxenguest.so
for i in  /build/xen/tools/libs/guest/../../../tools/include/xenguest.h; do /build/xen/tools/libs/guest/../../../tools/cross-install -m0644 -p $i /build/xen/dist/install; done
/build/xen/tools/libs/guest/../../../tools/cross-install -m0644 -p xenguest.pc /build/xen/dist/install
make[7]: Leaving directory '/build/xen/tools/libs/guest'
make[6]: Leaving directory '/build/xen/tools/libs'
make[6]: Entering directory '/build/xen/tools/libs'
make -C hypfs install
make[7]: Entering directory '/build/xen/tools/libs/hypfs'
riscv64-linux-gnu-gcc  -DBUILD_ID -fno-strict-aliasing -std=gnu99 -Wall -Wstrict-prototypes -Wdeclaration-after-statement -Wno-unused-but-set-variable -Wno-unused-local-typedefs   -g3 -Werror -Og -fno-omit-frame-pointer -D__XEN_INTERFACE_VERSION__=__XEN_LATEST_INTERFACE_VERSION__ -MMD -MP -MF .core.o.d -D_LARGEFILE_SOURCE -D_LARGEFILE64_SOURCE   -Wmissing-prototypes -I/build/xen/tools/libs/hypfs/../../../tools/include  -I/build/xen/tools/libs/hypfs/../../../tools/include  -I/build/xen/tools/libs/hypfs/../../../tools/include  -I/build/xen/tools/libs/hypfs/../../../tools/include  -c -o core.o core.c 
riscv64-linux-gnu-gcc  -DPIC -DBUILD_ID -fno-strict-aliasing -std=gnu99 -Wall -Wstrict-prototypes -Wdeclaration-after-statement -Wno-unused-but-set-variable -Wno-unused-local-typedefs   -g3 -Werror -Og -fno-omit-frame-pointer -D__XEN_INTERFACE_VERSION__=__XEN_LATEST_INTERFACE_VERSION__ -MMD -MP -MF .core.opic.d -D_LARGEFILE_SOURCE -D_LARGEFILE64_SOURCE   -Wmissing-prototypes -I/build/xen/tools/libs/hypfs/../../../tools/include  -I/build/xen/tools/libs/hypfs/../../../tools/include  -I/build/xen/tools/libs/hypfs/../../../tools/include  -I/build/xen/tools/libs/hypfs/../../../tools/include  -fPIC -c -o core.opic core.c 
{ \
echo "prefix="; \
echo "includedir="; \
echo "libdir="; \
echo ""; \
echo "Name: Xenhypfs"; \
echo "Description: The Xenhypfs library for Xen hypervisor"; \
echo "Version: 1.0"; \
echo "Cflags: -I\${includedir}"; \
echo "Libs: -L\${libdir} -lxenhypfs"; \
echo "Libs.private: "; \
echo "Requires.private: xentoollog,xentoolcore,xencall"; \
} > xenhypfs.pc
{ \
echo "prefix=/build/xen/tools/libs/hypfs/../../.."; \
echo "includedir=/build/xen/tools/libs/hypfs/../../../tools/include"; \
echo "libdir=/build/xen/tools/libs/hypfs"; \
echo ""; \
echo "Name: Xenhypfs"; \
echo "Description: The Xenhypfs library for Xen hypervisor"; \
echo "Version: 1.0"; \
echo "Cflags: -I\${includedir}"; \
echo "Libs: -L\${libdir}     -Wl,-rpath-link=/build/xen/tools/libs/hypfs/../../../tools/libs/call -Wl,-rpath-link=/build/xen/tools/libs/hypfs/../../../tools/libs/toolcore -Wl,-rpath-link=/build/xen/tools/libs/hypfs/../../../tools/libs/toollog -Wl,-rpath-link=/build/xen/tools/libs/hypfs/../../../tools/libs/hypfs -lxenhypfs"; \
echo "Libs.private: "; \
echo "Requires.private: xentoollog,xentoolcore,xencall"; \
} > /build/xen/tools/pkg-config/xenhypfs.pc
for i in /build/xen/tools/libs/hypfs/../../../tools/include/xenhypfs.h; do \
    riscv64-linux-gnu-gcc -x c -ansi -Wall -Werror -I/build/xen/tools/libs/hypfs/../../../tools/include \
          -S -o /dev/null $i || exit 1; \
    echo $i; \
done >headers.chk.new
mv headers.chk.new headers.chk
riscv64-linux-gnu-ar rc libxenhypfs.a core.o
riscv64-linux-gnu-gcc     -pthread -Wl,-soname -Wl,libxenhypfs.so.1 -Wl,--version-script=libxenhypfs.map -shared -o libxenhypfs.so.1.0 core.opic -lz         -Wl,-rpath-link=/build/xen/tools/libs/hypfs/../../../tools/libs/toolcore -Wl,-rpath-link=/build/xen/tools/libs/hypfs/../../../tools/libs/toollog      /build/xen/tools/libs/hypfs/../../../tools/libs/toollog/libxentoollog.so  /build/xen/tools/libs/hypfs/../../../tools/libs/toolcore/libxentoolcore.so  /build/xen/tools/libs/hypfs/../../../tools/libs/call/libxencall.so    
ln -sf libxenhypfs.so.1.0 libxenhypfs.so.1
ln -sf libxenhypfs.so.1 libxenhypfs.so
/build/xen/tools/libs/hypfs/../../../tools/cross-install -d -m0755 -p /build/xen/dist/install
/build/xen/tools/libs/hypfs/../../../tools/cross-install -d -m0755 -p /build/xen/dist/install
/build/xen/tools/libs/hypfs/../../../tools/cross-install -m0755 -p libxenhypfs.so.1.0 /build/xen/dist/install
/build/xen/tools/libs/hypfs/../../../tools/cross-install -m0644 -p libxenhypfs.a /build/xen/dist/install
ln -sf libxenhypfs.so.1.0 /build/xen/dist/install/libxenhypfs.so.1
ln -sf libxenhypfs.so.1 /build/xen/dist/install/libxenhypfs.so
for i in  /build/xen/tools/libs/hypfs/../../../tools/include/xenhypfs.h; do /build/xen/tools/libs/hypfs/../../../tools/cross-install -m0644 -p $i /build/xen/dist/install; done
/build/xen/tools/libs/hypfs/../../../tools/cross-install -m0644 -p xenhypfs.pc /build/xen/dist/install
make[7]: Leaving directory '/build/xen/tools/libs/hypfs'
make[6]: Leaving directory '/build/xen/tools/libs'
make[6]: Entering directory '/build/xen/tools/libs'
make -C store install
make[7]: Entering directory '/build/xen/tools/libs/store'
riscv64-linux-gnu-gcc  -DBUILD_ID -fno-strict-aliasing -std=gnu99 -Wall -Wstrict-prototypes -Wdeclaration-after-statement -Wno-unused-but-set-variable -Wno-unused-local-typedefs   -g3 -Werror -Og -fno-omit-frame-pointer -D__XEN_INTERFACE_VERSION__=__XEN_LATEST_INTERFACE_VERSION__ -MMD -MP -MF .xs_lib.o.d -D_LARGEFILE_SOURCE -D_LARGEFILE64_SOURCE   -Wmissing-prototypes -I/build/xen/tools/libs/store/../../../tools/include  -I/build/xen/tools/libs/store/../../../tools/include -include /build/xen/tools/libs/store/../../../tools/config.h -I/build/xen/tools/libs/store/../../../tools/include -DXEN_RUN_STORED="\"\"" -iquote /build/xen/tools/libs/store/../../../tools/xenstore  -c -o xs_lib.o /build/xen/tools/libs/store/../../../tools/xenstore/xs_lib.c 
riscv64-linux-gnu-gcc  -DBUILD_ID -fno-strict-aliasing -std=gnu99 -Wall -Wstrict-prototypes -Wdeclaration-after-statement -Wno-unused-but-set-variable -Wno-unused-local-typedefs   -g3 -Werror -Og -fno-omit-frame-pointer -D__XEN_INTERFACE_VERSION__=__XEN_LATEST_INTERFACE_VERSION__ -MMD -MP -MF .xs.o.d -D_LARGEFILE_SOURCE -D_LARGEFILE64_SOURCE   -Wmissing-prototypes -I/build/xen/tools/libs/store/../../../tools/include  -I/build/xen/tools/libs/store/../../../tools/include -include /build/xen/tools/libs/store/../../../tools/config.h -I/build/xen/tools/libs/store/../../../tools/include -DXEN_RUN_STORED="\"\"" -iquote /build/xen/tools/libs/store/../../../tools/xenstore  -c -o xs.o xs.c 
riscv64-linux-gnu-gcc  -DPIC -DBUILD_ID -fno-strict-aliasing -std=gnu99 -Wall -Wstrict-prototypes -Wdeclaration-after-statement -Wno-unused-but-set-variable -Wno-unused-local-typedefs   -g3 -Werror -Og -fno-omit-frame-pointer -D__XEN_INTERFACE_VERSION__=__XEN_LATEST_INTERFACE_VERSION__ -MMD -MP -MF .xs_lib.opic.d -D_LARGEFILE_SOURCE -D_LARGEFILE64_SOURCE   -Wmissing-prototypes -I/build/xen/tools/libs/store/../../../tools/include  -I/build/xen/tools/libs/store/../../../tools/include -include /build/xen/tools/libs/store/../../../tools/config.h -I/build/xen/tools/libs/store/../../../tools/include -DXEN_RUN_STORED="\"\"" -iquote /build/xen/tools/libs/store/../../../tools/xenstore  -fPIC -c -o xs_lib.opic /build/xen/tools/libs/store/../../../tools/xenstore/xs_lib.c 
riscv64-linux-gnu-gcc  -DPIC -DBUILD_ID -fno-strict-aliasing -std=gnu99 -Wall -Wstrict-prototypes -Wdeclaration-after-statement -Wno-unused-but-set-variable -Wno-unused-local-typedefs   -g3 -Werror -Og -fno-omit-frame-pointer -D__XEN_INTERFACE_VERSION__=__XEN_LATEST_INTERFACE_VERSION__ -MMD -MP -MF .xs.opic.d -D_LARGEFILE_SOURCE -D_LARGEFILE64_SOURCE   -Wmissing-prototypes -I/build/xen/tools/libs/store/../../../tools/include  -I/build/xen/tools/libs/store/../../../tools/include -include /build/xen/tools/libs/store/../../../tools/config.h -I/build/xen/tools/libs/store/../../../tools/include -DXEN_RUN_STORED="\"\"" -iquote /build/xen/tools/libs/store/../../../tools/xenstore -DUSE_PTHREAD -DUSE_DLSYM  -fPIC -c -o xs.opic xs.c 
{ \
echo "prefix="; \
echo "includedir="; \
echo "libdir="; \
echo ""; \
echo "Name: Xenstore"; \
echo "Description: The Xenstore library for Xen hypervisor"; \
echo "Version: 4.0"; \
echo "Cflags: -I\${includedir}"; \
echo "Libs: -L\${libdir} -lxenstore"; \
echo "Libs.private: "; \
echo "Requires.private: xentoolcore"; \
} > xenstore.pc
{ \
echo "prefix=/build/xen/tools/libs/store/../../.."; \
echo "includedir=/build/xen/tools/libs/store/../../../tools/include"; \
echo "libdir=/build/xen/tools/libs/store"; \
echo ""; \
echo "Name: Xenstore"; \
echo "Description: The Xenstore library for Xen hypervisor"; \
echo "Version: 4.0"; \
echo "Cflags: -I\${includedir}"; \
echo "Libs: -L\${libdir}     -Wl,-rpath-link=/build/xen/tools/libs/store/../../../tools/libs/toolcore -Wl,-rpath-link=/build/xen/tools/libs/store/../../../tools/libs/store -lxenstore"; \
echo "Libs.private: "; \
echo "Requires.private: xentoolcore"; \
} > /build/xen/tools/pkg-config/xenstore.pc
for i in /build/xen/tools/libs/store/../../../tools/include/xenstore.h /build/xen/tools/libs/store/../../../tools/include/xenstore_lib.h; do \
    riscv64-linux-gnu-gcc -x c -ansi -Wall -Werror -I/build/xen/tools/libs/store/../../../tools/include \
          -S -o /dev/null $i || exit 1; \
    echo $i; \
done >headers.chk.new
mv headers.chk.new headers.chk
riscv64-linux-gnu-ar rc libxenstore.a xs_lib.o xs.o
riscv64-linux-gnu-gcc     -pthread -Wl,-soname -Wl,libxenstore.so.4 -Wl,--version-script=libxenstore.map -shared -o libxenstore.so.4.0 xs_lib.opic xs.opic -ldl               /build/xen/tools/libs/store/../../../tools/libs/toolcore/libxentoolcore.so  
ln -sf libxenstore.so.4.0 libxenstore.so.4
ln -sf libxenstore.so.4 libxenstore.so
/build/xen/tools/libs/store/../../../tools/cross-install -d -m0755 -p /build/xen/dist/install
/build/xen/tools/libs/store/../../../tools/cross-install -d -m0755 -p /build/xen/dist/install
/build/xen/tools/libs/store/../../../tools/cross-install -m0755 -p libxenstore.so.4.0 /build/xen/dist/install
/build/xen/tools/libs/store/../../../tools/cross-install -m0644 -p libxenstore.a /build/xen/dist/install
ln -sf libxenstore.so.4.0 /build/xen/dist/install/libxenstore.so.4
ln -sf libxenstore.so.4 /build/xen/dist/install/libxenstore.so
for i in  /build/xen/tools/libs/store/../../../tools/include/xenstore.h  /build/xen/tools/libs/store/../../../tools/include/xenstore_lib.h; do /build/xen/tools/libs/store/../../../tools/cross-install -m0644 -p $i /build/xen/dist/install; done
/build/xen/tools/libs/store/../../../tools/cross-install -m0644 -p xenstore.pc /build/xen/dist/install
/build/xen/tools/libs/store/../../../tools/cross-install -d -m0755 -p /build/xen/dist/install
/build/xen/tools/libs/store/../../../tools/cross-install -d -m0755 -p /build/xen/dist/install/xenstore-compat
/build/xen/tools/libs/store/../../../tools/cross-install -m0644 -p /build/xen/tools/libs/store/../../../tools/include/xenstore-compat/xs.h /build/xen/dist/install/xenstore-compat/xs.h
/build/xen/tools/libs/store/../../../tools/cross-install -m0644 -p /build/xen/tools/libs/store/../../../tools/include/xenstore-compat/xs_lib.h /build/xen/dist/install/xenstore-compat/xs_lib.h
ln -sf xenstore-compat/xs.h  /build/xen/dist/install/xs.h
ln -sf xenstore-compat/xs_lib.h /build/xen/dist/install/xs_lib.h
make[7]: Leaving directory '/build/xen/tools/libs/store'
make[6]: Leaving directory '/build/xen/tools/libs'
make[6]: Entering directory '/build/xen/tools/libs'
make -C stat install
make[7]: Entering directory '/build/xen/tools/libs/stat'
riscv64-linux-gnu-gcc  -DBUILD_ID -fno-strict-aliasing -std=gnu99 -Wall -Wstrict-prototypes -Wdeclaration-after-statement -Wno-unused-but-set-variable -Wno-unused-local-typedefs   -g3 -Werror -Og -fno-omit-frame-pointer -D__XEN_INTERFACE_VERSION__=__XEN_LATEST_INTERFACE_VERSION__ -MMD -MP -MF .xenstat.o.d -D_LARGEFILE_SOURCE -D_LARGEFILE64_SOURCE   -include /build/xen/tools/libs/stat/../../../tools/config.h -Wmissing-prototypes -I/build/xen/tools/libs/stat/../../../tools/include  -I/build/xen/tools/libs/stat/../../../tools/include -D__XEN_TOOLS__  -I/build/xen/tools/libs/stat/../../../tools/include  -c -o xenstat.o xenstat.c 
riscv64-linux-gnu-gcc  -DBUILD_ID -fno-strict-aliasing -std=gnu99 -Wall -Wstrict-prototypes -Wdeclaration-after-statement -Wno-unused-but-set-variable -Wno-unused-local-typedefs   -g3 -Werror -Og -fno-omit-frame-pointer -D__XEN_INTERFACE_VERSION__=__XEN_LATEST_INTERFACE_VERSION__ -MMD -MP -MF .xenstat_qmp.o.d -D_LARGEFILE_SOURCE -D_LARGEFILE64_SOURCE   -include /build/xen/tools/libs/stat/../../../tools/config.h -Wmissing-prototypes -I/build/xen/tools/libs/stat/../../../tools/include  -I/build/xen/tools/libs/stat/../../../tools/include -D__XEN_TOOLS__  -I/build/xen/tools/libs/stat/../../../tools/include  -c -o xenstat_qmp.o xenstat_qmp.c 
riscv64-linux-gnu-gcc  -DBUILD_ID -fno-strict-aliasing -std=gnu99 -Wall -Wstrict-prototypes -Wdeclaration-after-statement -Wno-unused-but-set-variable -Wno-unused-local-typedefs   -g3 -Werror -Og -fno-omit-frame-pointer -D__XEN_INTERFACE_VERSION__=__XEN_LATEST_INTERFACE_VERSION__ -MMD -MP -MF .xenstat_linux.o.d -D_LARGEFILE_SOURCE -D_LARGEFILE64_SOURCE   -include /build/xen/tools/libs/stat/../../../tools/config.h -Wmissing-prototypes -I/build/xen/tools/libs/stat/../../../tools/include  -I/build/xen/tools/libs/stat/../../../tools/include -D__XEN_TOOLS__  -I/build/xen/tools/libs/stat/../../../tools/include  -c -o xenstat_linux.o xenstat_linux.c 
riscv64-linux-gnu-gcc  -DPIC -DBUILD_ID -fno-strict-aliasing -std=gnu99 -Wall -Wstrict-prototypes -Wdeclaration-after-statement -Wno-unused-but-set-variable -Wno-unused-local-typedefs   -g3 -Werror -Og -fno-omit-frame-pointer -D__XEN_INTERFACE_VERSION__=__XEN_LATEST_INTERFACE_VERSION__ -MMD -MP -MF .xenstat.opic.d -D_LARGEFILE_SOURCE -D_LARGEFILE64_SOURCE   -include /build/xen/tools/libs/stat/../../../tools/config.h -Wmissing-prototypes -I/build/xen/tools/libs/stat/../../../tools/include  -I/build/xen/tools/libs/stat/../../../tools/include -D__XEN_TOOLS__  -I/build/xen/tools/libs/stat/../../../tools/include  -fPIC -c -o xenstat.opic xenstat.c 
riscv64-linux-gnu-gcc  -DPIC -DBUILD_ID -fno-strict-aliasing -std=gnu99 -Wall -Wstrict-prototypes -Wdeclaration-after-statement -Wno-unused-but-set-variable -Wno-unused-local-typedefs   -g3 -Werror -Og -fno-omit-frame-pointer -D__XEN_INTERFACE_VERSION__=__XEN_LATEST_INTERFACE_VERSION__ -MMD -MP -MF .xenstat_qmp.opic.d -D_LARGEFILE_SOURCE -D_LARGEFILE64_SOURCE   -include /build/xen/tools/libs/stat/../../../tools/config.h -Wmissing-prototypes -I/build/xen/tools/libs/stat/../../../tools/include  -I/build/xen/tools/libs/stat/../../../tools/include -D__XEN_TOOLS__  -I/build/xen/tools/libs/stat/../../../tools/include  -fPIC -c -o xenstat_qmp.opic xenstat_qmp.c 
riscv64-linux-gnu-gcc  -DPIC -DBUILD_ID -fno-strict-aliasing -std=gnu99 -Wall -Wstrict-prototypes -Wdeclaration-after-statement -Wno-unused-but-set-variable -Wno-unused-local-typedefs   -g3 -Werror -Og -fno-omit-frame-pointer -D__XEN_INTERFACE_VERSION__=__XEN_LATEST_INTERFACE_VERSION__ -MMD -MP -MF .xenstat_linux.opic.d -D_LARGEFILE_SOURCE -D_LARGEFILE64_SOURCE   -include /build/xen/tools/libs/stat/../../../tools/config.h -Wmissing-prototypes -I/build/xen/tools/libs/stat/../../../tools/include  -I/build/xen/tools/libs/stat/../../../tools/include -D__XEN_TOOLS__  -I/build/xen/tools/libs/stat/../../../tools/include  -fPIC -c -o xenstat_linux.opic xenstat_linux.c 
echo 'libxenstat_4.18.0 { global: *; };' >./.libxenstat.map.tmp
{ \
echo "prefix="; \
echo "includedir="; \
echo "libdir="; \
echo ""; \
echo "Name: Xenstat"; \
echo "Description: The Xenstat library for Xen hypervisor"; \
echo "Version: 4.18.0"; \
echo "Cflags: -I\${includedir}"; \
echo "Libs: -L\${libdir} -lxenstat"; \
echo "Libs.private: "; \
echo "Requires.private: xencontrol,xenstore"; \
} > xenstat.pc
{ \
echo "prefix=/build/xen/tools/libs/stat/../../.."; \
echo "includedir=/build/xen/tools/libs/stat/../../../tools/include"; \
echo "libdir=/build/xen/tools/libs/stat"; \
echo ""; \
echo "Name: Xenstat"; \
echo "Description: The Xenstat library for Xen hypervisor"; \
echo "Version: 4.18.0"; \
echo "Cflags: -I\${includedir}"; \
echo "Libs: -L\${libdir}     -Wl,-rpath-link=/build/xen/tools/libs/stat/../../../tools/libs/call -Wl,-rpath-link=/build/xen/tools/libs/stat/../../../tools/libs/ctrl -Wl,-rpath-link=/build/xen/tools/libs/stat/../../../tools/libs/devicemodel -Wl,-rpath-link=/build/xen/tools/libs/stat/../../../tools/libs/evtchn -Wl,-rpath-link=/build/xen/tools/libs/stat/../../../tools/libs/foreignmemory -Wl,-rpath-link=/build/xen/tools/libs/stat/../../../tools/libs/gnttab -Wl,-rpath-link=/build/xen/tools/libs/stat/../../../tools/libs/store -Wl,-rpath-link=/build/xen/tools/libs/stat/../../../tools/libs/toolcore -Wl,-rpath-link=/build/xen/tools/libs/stat/../../../tools/libs/toollog -Wl,-rpath-link=/build/xen/tools/libs/stat/../../../tools/libs/stat -lxenstat"; \
echo "Libs.private: "; \
echo "Requires.private: xencontrol,xenstore"; \
} > /build/xen/tools/pkg-config/xenstat.pc
if ! cmp -s ./.libxenstat.map.tmp libxenstat.map.tmp; then mv -f ./.libxenstat.map.tmp libxenstat.map.tmp; else rm -f ./.libxenstat.map.tmp; fi
for i in /build/xen/tools/libs/stat/../../../tools/include/xenstat.h; do \
    riscv64-linux-gnu-gcc -x c -ansi -Wall -Werror -I/build/xen/tools/libs/stat/../../../tools/include \
          -S -o /dev/null $i || exit 1; \
    echo $i; \
done >headers.chk.new
mv headers.chk.new headers.chk
riscv64-linux-gnu-ar rc libxenstat.a xenstat.o xenstat_qmp.o xenstat_linux.o
riscv64-linux-gnu-gcc     -pthread -Wl,-soname -Wl,libxenstat.so.4.18 -Wl,--version-script=libxenstat.map.tmp -shared -o libxenstat.so.4.18.0 xenstat.opic xenstat_qmp.opic xenstat_linux.opic -lyajl         -Wl,-rpath-link=/build/xen/tools/libs/stat/../../../tools/libs/call -Wl,-rpath-link=/build/xen/tools/libs/stat/../../../tools/libs/devicemodel -Wl,-rpath-link=/build/xen/tools/libs/stat/../../../tools/libs/evtchn -Wl,-rpath-link=/build/xen/tools/libs/stat/../../../tools/libs/foreignmemory -Wl,-rpath-link=/build/xen/tools/libs/stat/../../../tools/libs/gnttab -Wl,-rpath-link=/build/xen/tools/libs/stat/../../../tools/libs/toolcore -Wl,-rpath-link=/build/xen/tools/libs/stat/../../../tools/libs/toollog      /build/xen/tools/libs/stat/../../../tools/libs/ctrl/libxenctrl.so  /build/xen/tools/libs/stat/../../../tools/libs/store/libxenstore.so  -ldl 
ln -sf libxenstat.so.4.18.0 libxenstat.so.4.18
ln -sf libxenstat.so.4.18 libxenstat.so
/build/xen/tools/libs/stat/../../../tools/cross-install -d -m0755 -p /build/xen/dist/install
/build/xen/tools/libs/stat/../../../tools/cross-install -d -m0755 -p /build/xen/dist/install
/build/xen/tools/libs/stat/../../../tools/cross-install -m0755 -p libxenstat.so.4.18.0 /build/xen/dist/install
/build/xen/tools/libs/stat/../../../tools/cross-install -m0644 -p libxenstat.a /build/xen/dist/install
ln -sf libxenstat.so.4.18.0 /build/xen/dist/install/libxenstat.so.4.18
ln -sf libxenstat.so.4.18 /build/xen/dist/install/libxenstat.so
for i in  /build/xen/tools/libs/stat/../../../tools/include/xenstat.h; do /build/xen/tools/libs/stat/../../../tools/cross-install -m0644 -p $i /build/xen/dist/install; done
/build/xen/tools/libs/stat/../../../tools/cross-install -m0644 -p xenstat.pc /build/xen/dist/install
make[7]: Leaving directory '/build/xen/tools/libs/stat'
make[6]: Leaving directory '/build/xen/tools/libs'
make[6]: Entering directory '/build/xen/tools/libs'
make -C vchan install
make[7]: Entering directory '/build/xen/tools/libs/vchan'
riscv64-linux-gnu-gcc  -DBUILD_ID -fno-strict-aliasing -std=gnu99 -Wall -Wstrict-prototypes -Wdeclaration-after-statement -Wno-unused-but-set-variable -Wno-unused-local-typedefs   -g3 -Werror -Og -fno-omit-frame-pointer -D__XEN_INTERFACE_VERSION__=__XEN_LATEST_INTERFACE_VERSION__ -MMD -MP -MF .init.o.d -D_LARGEFILE_SOURCE -D_LARGEFILE64_SOURCE   -I/build/xen/tools/libs/vchan/../../../tools/include -D__XEN_TOOLS__ -Wmissing-prototypes -I/build/xen/tools/libs/vchan/../../../tools/include  -I/build/xen/tools/libs/vchan/../../../tools/include  -I/build/xen/tools/libs/vchan/../../../tools/include  -I/build/xen/tools/libs/vchan/../../../tools/include  -I/build/xen/tools/libs/vchan/../../../tools/include  -c -o init.o init.c 
riscv64-linux-gnu-gcc  -DBUILD_ID -fno-strict-aliasing -std=gnu99 -Wall -Wstrict-prototypes -Wdeclaration-after-statement -Wno-unused-but-set-variable -Wno-unused-local-typedefs   -g3 -Werror -Og -fno-omit-frame-pointer -D__XEN_INTERFACE_VERSION__=__XEN_LATEST_INTERFACE_VERSION__ -MMD -MP -MF .io.o.d -D_LARGEFILE_SOURCE -D_LARGEFILE64_SOURCE   -I/build/xen/tools/libs/vchan/../../../tools/include -D__XEN_TOOLS__ -Wmissing-prototypes -I/build/xen/tools/libs/vchan/../../../tools/include  -I/build/xen/tools/libs/vchan/../../../tools/include  -I/build/xen/tools/libs/vchan/../../../tools/include  -I/build/xen/tools/libs/vchan/../../../tools/include  -I/build/xen/tools/libs/vchan/../../../tools/include  -c -o io.o io.c 
riscv64-linux-gnu-gcc  -DPIC -DBUILD_ID -fno-strict-aliasing -std=gnu99 -Wall -Wstrict-prototypes -Wdeclaration-after-statement -Wno-unused-but-set-variable -Wno-unused-local-typedefs   -g3 -Werror -Og -fno-omit-frame-pointer -D__XEN_INTERFACE_VERSION__=__XEN_LATEST_INTERFACE_VERSION__ -MMD -MP -MF .init.opic.d -D_LARGEFILE_SOURCE -D_LARGEFILE64_SOURCE   -I/build/xen/tools/libs/vchan/../../../tools/include -D__XEN_TOOLS__ -Wmissing-prototypes -I/build/xen/tools/libs/vchan/../../../tools/include  -I/build/xen/tools/libs/vchan/../../../tools/include  -I/build/xen/tools/libs/vchan/../../../tools/include  -I/build/xen/tools/libs/vchan/../../../tools/include  -I/build/xen/tools/libs/vchan/../../../tools/include  -fPIC -c -o init.opic init.c 
riscv64-linux-gnu-gcc  -DPIC -DBUILD_ID -fno-strict-aliasing -std=gnu99 -Wall -Wstrict-prototypes -Wdeclaration-after-statement -Wno-unused-but-set-variable -Wno-unused-local-typedefs   -g3 -Werror -Og -fno-omit-frame-pointer -D__XEN_INTERFACE_VERSION__=__XEN_LATEST_INTERFACE_VERSION__ -MMD -MP -MF .io.opic.d -D_LARGEFILE_SOURCE -D_LARGEFILE64_SOURCE   -I/build/xen/tools/libs/vchan/../../../tools/include -D__XEN_TOOLS__ -Wmissing-prototypes -I/build/xen/tools/libs/vchan/../../../tools/include  -I/build/xen/tools/libs/vchan/../../../tools/include  -I/build/xen/tools/libs/vchan/../../../tools/include  -I/build/xen/tools/libs/vchan/../../../tools/include  -I/build/xen/tools/libs/vchan/../../../tools/include  -fPIC -c -o io.opic io.c 
echo 'libxenvchan_4.18.0 { global: *; };' >./.libxenvchan.map.tmp
{ \
echo "prefix="; \
echo "includedir="; \
echo "libdir="; \
echo ""; \
echo "Name: Xenvchan"; \
echo "Description: The Xenvchan library for Xen hypervisor"; \
echo "Version: 4.18.0"; \
echo "Cflags: -I\${includedir}"; \
echo "Libs: -L\${libdir} -lxenvchan"; \
echo "Libs.private: "; \
echo "Requires.private: xentoollog,xenstore,xengnttab,xenevtchn"; \
} > xenvchan.pc
{ \
echo "prefix=/build/xen/tools/libs/vchan/../../.."; \
echo "includedir=/build/xen/tools/libs/vchan/../../../tools/include"; \
echo "libdir=/build/xen/tools/libs/vchan"; \
echo ""; \
echo "Name: Xenvchan"; \
echo "Description: The Xenvchan library for Xen hypervisor"; \
echo "Version: 4.18.0"; \
echo "Cflags: -I\${includedir}"; \
echo "Libs: -L\${libdir}     -Wl,-rpath-link=/build/xen/tools/libs/vchan/../../../tools/libs/evtchn -Wl,-rpath-link=/build/xen/tools/libs/vchan/../../../tools/libs/gnttab -Wl,-rpath-link=/build/xen/tools/libs/vchan/../../../tools/libs/store -Wl,-rpath-link=/build/xen/tools/libs/vchan/../../../tools/libs/toolcore -Wl,-rpath-link=/build/xen/tools/libs/vchan/../../../tools/libs/toollog -Wl,-rpath-link=/build/xen/tools/libs/vchan/../../../tools/libs/vchan -lxenvchan"; \
echo "Libs.private: "; \
echo "Requires.private: xentoollog,xenstore,xengnttab,xenevtchn"; \
} > /build/xen/tools/pkg-config/xenvchan.pc
if ! cmp -s ./.libxenvchan.map.tmp libxenvchan.map.tmp; then mv -f ./.libxenvchan.map.tmp libxenvchan.map.tmp; else rm -f ./.libxenvchan.map.tmp; fi
riscv64-linux-gnu-gcc     -pthread -Wl,-soname -Wl,libxenvchan.so.4.18 -Wl,--version-script=libxenvchan.map.tmp -shared -o libxenvchan.so.4.18.0 init.opic io.opic         -Wl,-rpath-link=/build/xen/tools/libs/vchan/../../../tools/libs/toolcore -Wl,-rpath-link=/build/xen/tools/libs/vchan/../../../tools/libs/toollog      /build/xen/tools/libs/vchan/../../../tools/libs/toollog/libxentoollog.so  /build/xen/tools/libs/vchan/../../../tools/libs/store/libxenstore.so  /build/xen/tools/libs/vchan/../../../tools/libs/gnttab/libxengnttab.so  /build/xen/tools/libs/vchan/../../../tools/libs/evtchn/libxenevtchn.so  -ldl   
riscv64-linux-gnu-ar rc libxenvchan.a init.o io.o
ln -sf libxenvchan.so.4.18.0 libxenvchan.so.4.18
ln -sf libxenvchan.so.4.18 libxenvchan.so
/build/xen/tools/libs/vchan/../../../tools/cross-install -d -m0755 -p /build/xen/dist/install
/build/xen/tools/libs/vchan/../../../tools/cross-install -d -m0755 -p /build/xen/dist/install
/build/xen/tools/libs/vchan/../../../tools/cross-install -m0755 -p libxenvchan.so.4.18.0 /build/xen/dist/install
/build/xen/tools/libs/vchan/../../../tools/cross-install -m0644 -p libxenvchan.a /build/xen/dist/install
ln -sf libxenvchan.so.4.18.0 /build/xen/dist/install/libxenvchan.so.4.18
ln -sf libxenvchan.so.4.18 /build/xen/dist/install/libxenvchan.so
for i in  /build/xen/tools/libs/vchan/../../../tools/include/libxenvchan.h; do /build/xen/tools/libs/vchan/../../../tools/cross-install -m0644 -p $i /build/xen/dist/install; done
/build/xen/tools/libs/vchan/../../../tools/cross-install -m0644 -p xenvchan.pc /build/xen/dist/install
make[7]: Leaving directory '/build/xen/tools/libs/vchan'
make[6]: Leaving directory '/build/xen/tools/libs'
make[6]: Entering directory '/build/xen/tools/libs'
make -C light install
make[7]: Entering directory '/build/xen/tools/libs/light'
python3 gentypes.py libxl_types.idl __libxl_types.h __libxl_types_private.h \
	__libxl_types_json.h  __libxl_types.c
python3 gentypes.py libxl_types_internal.idl __libxl_types_internal.h __libxl_types_internal_private.h \
	__libxl_types_internal_json.h  __libxl_types_internal.c
/usr/bin/perl -w libxl_save_msgs_gen.pl _libxl_save_msgs_callout.h >_libxl_save_msgs_callout.h.new
/usr/bin/perl -w libxl_save_msgs_gen.pl _libxl_save_msgs_callout.c >_libxl_save_msgs_callout.c.new
echo 'libxenlight_4.18.0 { global: *; };' >./.libxenlight.map.tmp
{ \
echo "prefix="; \
echo "includedir="; \
echo "libdir="; \
echo ""; \
echo "Name: Xenlight"; \
echo "Description: The Xenlight library for Xen hypervisor"; \
echo "Version: 4.18.0"; \
echo "Cflags: -I\${includedir}"; \
echo "Libs: -L\${libdir} -lxenlight"; \
echo "Libs.private: "; \
echo "Requires.private: xentoollog,xenevtchn,xentoolcore,xencontrol,xenstore,xenhypfs,xenguest"; \
} > xenlight.pc
if ! cmp -s ./.libxenlight.map.tmp libxenlight.map.tmp; then mv -f ./.libxenlight.map.tmp libxenlight.map.tmp; else rm -f ./.libxenlight.map.tmp; fi
{ \
echo "prefix=/build/xen/tools/libs/light/../../.."; \
echo "includedir=/build/xen/tools/libs/light/../../../tools/include"; \
echo "libdir=/build/xen/tools/libs/light"; \
echo ""; \
echo "Name: Xenlight"; \
echo "Description: The Xenlight library for Xen hypervisor"; \
echo "Version: 4.18.0"; \
echo "Cflags: -I\${includedir}"; \
echo "Libs: -L\${libdir}     -Wl,-rpath-link=/build/xen/tools/libs/light/../../../tools/libs/call -Wl,-rpath-link=/build/xen/tools/libs/light/../../../tools/libs/ctrl -Wl,-rpath-link=/build/xen/tools/libs/light/../../../tools/libs/devicemodel -Wl,-rpath-link=/build/xen/tools/libs/light/../../../tools/libs/evtchn -Wl,-rpath-link=/build/xen/tools/libs/light/../../../tools/libs/foreignmemory -Wl,-rpath-link=/build/xen/tools/libs/light/../../../tools/libs/gnttab -Wl,-rpath-link=/build/xen/tools/libs/light/../../../tools/libs/guest -Wl,-rpath-link=/build/xen/tools/libs/light/../../../tools/libs/hypfs -Wl,-rpath-link=/build/xen/tools/libs/light/../../../tools/libs/store -Wl,-rpath-link=/build/xen/tools/libs/light/../../../tools/libs/toolcore -Wl,-rpath-link=/build/xen/tools/libs/light/../../../tools/libs/toollog -Wl,-rpath-link=/build/xen/tools/libs/light/../../../tools/libs/light -lxenlight"; \
echo "Libs.private: "; \
echo "Requires.private: xentoollog,xenevtchn,xentoolcore,xencontrol,xenstore,xenhypfs,xenguest"; \
} > /build/xen/tools/pkg-config/xenlight.pc
python3 gentest.py libxl_types.idl testidl.c.new
/usr/bin/perl -w libxl_save_msgs_gen.pl _libxl_save_msgs_helper.h >_libxl_save_msgs_helper.h.new
/usr/bin/perl -w libxl_save_msgs_gen.pl _libxl_save_msgs_helper.c >_libxl_save_msgs_helper.c.new
if ! cmp -s _libxl_save_msgs_callout.h.new _libxl_save_msgs_callout.h; then mv -f _libxl_save_msgs_callout.h.new _libxl_save_msgs_callout.h; else rm -f _libxl_save_msgs_callout.h.new; fi
if ! cmp -s _libxl_save_msgs_callout.c.new _libxl_save_msgs_callout.c; then mv -f _libxl_save_msgs_callout.c.new _libxl_save_msgs_callout.c; else rm -f _libxl_save_msgs_callout.c.new; fi
if ! cmp -s _libxl_save_msgs_helper.h.new _libxl_save_msgs_helper.h; then mv -f _libxl_save_msgs_helper.h.new _libxl_save_msgs_helper.h; else rm -f _libxl_save_msgs_helper.h.new; fi
if ! cmp -s _libxl_save_msgs_helper.c.new _libxl_save_msgs_helper.c; then mv -f _libxl_save_msgs_helper.c.new _libxl_save_msgs_helper.c; else rm -f _libxl_save_msgs_helper.c.new; fi
Parsing libxl_types.idl
Parsing libxl_types_internal.idl
Parsing libxl_types.idl
outputting libxl type definitions to __libxl_types_internal.h
outputting libxl JSON definitions to __libxl_types_internal_json.h
outputting libxl type internal definitions to __libxl_types_internal_private.h
outputting libxl type implementations to __libxl_types_internal.c
if ! cmp -s __libxl_types_internal.h _libxl_types_internal.h; then mv -f __libxl_types_internal.h _libxl_types_internal.h; else rm -f __libxl_types_internal.h; fi
if ! cmp -s __libxl_types_internal_private.h _libxl_types_internal_private.h; then mv -f __libxl_types_internal_private.h _libxl_types_internal_private.h; else rm -f __libxl_types_internal_private.h; fi
if ! cmp -s __libxl_types_internal_json.h _libxl_types_internal_json.h; then mv -f __libxl_types_internal_json.h _libxl_types_internal_json.h; else rm -f __libxl_types_internal_json.h; fi
if ! cmp -s __libxl_types_internal.c _libxl_types_internal.c; then mv -f __libxl_types_internal.c _libxl_types_internal.c; else rm -f __libxl_types_internal.c; fi
mv -f testidl.c.new testidl.c
outputting libxl type definitions to __libxl_types.h
outputting libxl JSON definitions to __libxl_types_json.h
outputting libxl type internal definitions to __libxl_types_private.h
outputting libxl type implementations to __libxl_types.c
if ! cmp -s __libxl_types.h _libxl_types.h; then mv -f __libxl_types.h _libxl_types.h; else rm -f __libxl_types.h; fi
if ! cmp -s __libxl_types_private.h _libxl_types_private.h; then mv -f __libxl_types_private.h _libxl_types_private.h; else rm -f __libxl_types_private.h; fi
if ! cmp -s __libxl_types_json.h _libxl_types_json.h; then mv -f __libxl_types_json.h _libxl_types_json.h; else rm -f __libxl_types_json.h; fi
if ! cmp -s __libxl_types.c _libxl_types.c; then mv -f __libxl_types.c _libxl_types.c; else rm -f __libxl_types.c; fi
cp -f _libxl_types.h /build/xen/tools/libs/light/../../../tools/include/_libxl_types.h
cp -f _libxl_types_json.h /build/xen/tools/libs/light/../../../tools/include/_libxl_types_json.h
riscv64-linux-gnu-gcc  -DBUILD_ID -fno-strict-aliasing -std=gnu99 -Wall -Wstrict-prototypes -Wdeclaration-after-statement -Wno-unused-but-set-variable -Wno-unused-local-typedefs   -g3 -Werror -Og -fno-omit-frame-pointer -D__XEN_INTERFACE_VERSION__=__XEN_LATEST_INTERFACE_VERSION__ -MMD -MP -MF ._libxl.api-for-check.d -D_LARGEFILE_SOURCE -D_LARGEFILE64_SOURCE   -Wno-format-zero-length -Wmissing-declarations -Wno-declaration-after-statement -Wformat-nonliteral -pthread -Wmissing-prototypes -I/build/xen/tools/libs/light/../../../tools/include  -I/build/xen/tools/libs/light/../../../tools/include  -I/build/xen/tools/libs/light/../../../tools/include  -I/build/xen/tools/libs/light/../../../tools/include  -I/build/xen/tools/libs/light/../../../tools/include -D__XEN_TOOLS__  -I/build/xen/tools/libs/light/../../../tools/include  -I/build/xen/tools/libs/light/../../../tools/include  -I/build/xen/tools/libs/light/../../../tools/include -Wshadow -DCONFIG_DEBUG -include /build/xen/tools/libs/light/../../../tools/config.h -I/build/xen/tools/libs/light/../../../tools/include -I/build/xen/tools/libs/light/../../../tools/include -c -E /build/xen/tools/libs/light/../../../tools/include/libxl.h  \
	-DLIBXL_EXTERNAL_CALLERS_ONLY=LIBXL_EXTERNAL_CALLERS_ONLY \
	>_libxl.api-for-check.new
riscv64-linux-gnu-gcc  -DBUILD_ID -fno-strict-aliasing -std=gnu99 -Wall -Wstrict-prototypes -Wdeclaration-after-statement -Wno-unused-but-set-variable -Wno-unused-local-typedefs   -g3 -Werror -Og -fno-omit-frame-pointer -D__XEN_INTERFACE_VERSION__=__XEN_LATEST_INTERFACE_VERSION__ -MMD -MP -MF .testidl.o.d -D_LARGEFILE_SOURCE -D_LARGEFILE64_SOURCE   -Wno-format-zero-length -Wmissing-declarations -Wno-declaration-after-statement -Wformat-nonliteral -pthread -Wmissing-prototypes -I/build/xen/tools/libs/light/../../../tools/include  -I/build/xen/tools/libs/light/../../../tools/include  -I/build/xen/tools/libs/light/../../../tools/include  -I/build/xen/tools/libs/light/../../../tools/include  -I/build/xen/tools/libs/light/../../../tools/include -D__XEN_TOOLS__  -I/build/xen/tools/libs/light/../../../tools/include  -I/build/xen/tools/libs/light/../../../tools/include  -I/build/xen/tools/libs/light/../../../tools/include -I/build/xen/tools/libs/light/../../../tools/include -D__XEN_TOOLS__ -I/build/xen/tools/libs/light/../../../tools/include -I/build/xen/tools/libs/light/../../../tools/include -D__XEN_TOOLS__  -c -o testidl.o testidl.c 
mv -f _libxl.api-for-check.new _libxl.api-for-check
/usr/bin/perl check-libxl-api-rules _libxl.api-for-check
touch libxl.api-ok
riscv64-linux-gnu-gcc  -DBUILD_ID -fno-strict-aliasing -std=gnu99 -Wall -Wstrict-prototypes -Wdeclaration-after-statement -Wno-unused-but-set-variable -Wno-unused-local-typedefs   -g3 -Werror -Og -fno-omit-frame-pointer -D__XEN_INTERFACE_VERSION__=__XEN_LATEST_INTERFACE_VERSION__ -MMD -MP -MF .osdeps.o.d -D_LARGEFILE_SOURCE -D_LARGEFILE64_SOURCE   -Wno-format-zero-length -Wmissing-declarations -Wno-declaration-after-statement -Wformat-nonliteral -pthread -Wmissing-prototypes -I/build/xen/tools/libs/light/../../../tools/include  -I/build/xen/tools/libs/light/../../../tools/include  -I/build/xen/tools/libs/light/../../../tools/include  -I/build/xen/tools/libs/light/../../../tools/include  -I/build/xen/tools/libs/light/../../../tools/include -D__XEN_TOOLS__  -I/build/xen/tools/libs/light/../../../tools/include  -I/build/xen/tools/libs/light/../../../tools/include  -I/build/xen/tools/libs/light/../../../tools/include -Wshadow -DCONFIG_DEBUG -include /build/xen/tools/libs/light/../../../tools/config.h  -c -o osdeps.o osdeps.c 
riscv64-linux-gnu-gcc  -DBUILD_ID -fno-strict-aliasing -std=gnu99 -Wall -Wstrict-prototypes -Wdeclaration-after-statement -Wno-unused-but-set-variable -Wno-unused-local-typedefs   -g3 -Werror -Og -fno-omit-frame-pointer -D__XEN_INTERFACE_VERSION__=__XEN_LATEST_INTERFACE_VERSION__ -MMD -MP -MF .libxl_paths.o.d -D_LARGEFILE_SOURCE -D_LARGEFILE64_SOURCE   -Wno-format-zero-length -Wmissing-declarations -Wno-declaration-after-statement -Wformat-nonliteral -pthread -Wmissing-prototypes -I/build/xen/tools/libs/light/../../../tools/include  -I/build/xen/tools/libs/light/../../../tools/include  -I/build/xen/tools/libs/light/../../../tools/include  -I/build/xen/tools/libs/light/../../../tools/include  -I/build/xen/tools/libs/light/../../../tools/include -D__XEN_TOOLS__  -I/build/xen/tools/libs/light/../../../tools/include  -I/build/xen/tools/libs/light/../../../tools/include  -I/build/xen/tools/libs/light/../../../tools/include -Wshadow -DCONFIG_DEBUG -include /build/xen/tools/libs/light/../../../tools/config.h  -c -o libxl_paths.o libxl_paths.c 
riscv64-linux-gnu-gcc  -DBUILD_ID -fno-strict-aliasing -std=gnu99 -Wall -Wstrict-prototypes -Wdeclaration-after-statement -Wno-unused-but-set-variable -Wno-unused-local-typedefs   -g3 -Werror -Og -fno-omit-frame-pointer -D__XEN_INTERFACE_VERSION__=__XEN_LATEST_INTERFACE_VERSION__ -MMD -MP -MF .libxl_bootloader.o.d -D_LARGEFILE_SOURCE -D_LARGEFILE64_SOURCE   -Wno-format-zero-length -Wmissing-declarations -Wno-declaration-after-statement -Wformat-nonliteral -pthread -Wmissing-prototypes -I/build/xen/tools/libs/light/../../../tools/include  -I/build/xen/tools/libs/light/../../../tools/include  -I/build/xen/tools/libs/light/../../../tools/include  -I/build/xen/tools/libs/light/../../../tools/include  -I/build/xen/tools/libs/light/../../../tools/include -D__XEN_TOOLS__  -I/build/xen/tools/libs/light/../../../tools/include  -I/build/xen/tools/libs/light/../../../tools/include  -I/build/xen/tools/libs/light/../../../tools/include -Wshadow -DCONFIG_DEBUG -include /build/xen/tools/libs/light/../../../tools/config.h  -c -o libxl_bootloader.o libxl_bootloader.c 
riscv64-linux-gnu-gcc  -DBUILD_ID -fno-strict-aliasing -std=gnu99 -Wall -Wstrict-prototypes -Wdeclaration-after-statement -Wno-unused-but-set-variable -Wno-unused-local-typedefs   -g3 -Werror -Og -fno-omit-frame-pointer -D__XEN_INTERFACE_VERSION__=__XEN_LATEST_INTERFACE_VERSION__ -MMD -MP -MF .flexarray.o.d -D_LARGEFILE_SOURCE -D_LARGEFILE64_SOURCE   -Wno-format-zero-length -Wmissing-declarations -Wno-declaration-after-statement -Wformat-nonliteral -pthread -Wmissing-prototypes -I/build/xen/tools/libs/light/../../../tools/include  -I/build/xen/tools/libs/light/../../../tools/include  -I/build/xen/tools/libs/light/../../../tools/include  -I/build/xen/tools/libs/light/../../../tools/include  -I/build/xen/tools/libs/light/../../../tools/include -D__XEN_TOOLS__  -I/build/xen/tools/libs/light/../../../tools/include  -I/build/xen/tools/libs/light/../../../tools/include  -I/build/xen/tools/libs/light/../../../tools/include -Wshadow -DCONFIG_DEBUG -include /build/xen/tools/libs/light/../../../tools/config.h  -c -o flexarray.o flexarray.c 
riscv64-linux-gnu-gcc  -DBUILD_ID -fno-strict-aliasing -std=gnu99 -Wall -Wstrict-prototypes -Wdeclaration-after-statement -Wno-unused-but-set-variable -Wno-unused-local-typedefs   -g3 -Werror -Og -fno-omit-frame-pointer -D__XEN_INTERFACE_VERSION__=__XEN_LATEST_INTERFACE_VERSION__ -MMD -MP -MF .libxl_nonetbuffer.o.d -D_LARGEFILE_SOURCE -D_LARGEFILE64_SOURCE   -Wno-format-zero-length -Wmissing-declarations -Wno-declaration-after-statement -Wformat-nonliteral -pthread -Wmissing-prototypes -I/build/xen/tools/libs/light/../../../tools/include  -I/build/xen/tools/libs/light/../../../tools/include  -I/build/xen/tools/libs/light/../../../tools/include  -I/build/xen/tools/libs/light/../../../tools/include  -I/build/xen/tools/libs/light/../../../tools/include -D__XEN_TOOLS__  -I/build/xen/tools/libs/light/../../../tools/include  -I/build/xen/tools/libs/light/../../../tools/include  -I/build/xen/tools/libs/light/../../../tools/include -Wshadow -DCONFIG_DEBUG -include /build/xen/tools/libs/light/../../../tools/config.h  -c -o libxl_nonetbuffer.o libxl_nonetbuffer.c 
riscv64-linux-gnu-gcc  -DBUILD_ID -fno-strict-aliasing -std=gnu99 -Wall -Wstrict-prototypes -Wdeclaration-after-statement -Wno-unused-but-set-variable -Wno-unused-local-typedefs   -g3 -Werror -Og -fno-omit-frame-pointer -D__XEN_INTERFACE_VERSION__=__XEN_LATEST_INTERFACE_VERSION__ -MMD -MP -MF .libxl_no_convert_callout.o.d -D_LARGEFILE_SOURCE -D_LARGEFILE64_SOURCE   -Wno-format-zero-length -Wmissing-declarations -Wno-declaration-after-statement -Wformat-nonliteral -pthread -Wmissing-prototypes -I/build/xen/tools/libs/light/../../../tools/include  -I/build/xen/tools/libs/light/../../../tools/include  -I/build/xen/tools/libs/light/../../../tools/include  -I/build/xen/tools/libs/light/../../../tools/include  -I/build/xen/tools/libs/light/../../../tools/include -D__XEN_TOOLS__  -I/build/xen/tools/libs/light/../../../tools/include  -I/build/xen/tools/libs/light/../../../tools/include  -I/build/xen/tools/libs/light/../../../tools/include -Wshadow -DCONFIG_DEBUG -include /build/xen/tools/libs/light/../../../tools/config.h  -c -o libxl_no_convert_callout.o libxl_no_convert_callout.c 
riscv64-linux-gnu-gcc  -DBUILD_ID -fno-strict-aliasing -std=gnu99 -Wall -Wstrict-prototypes -Wdeclaration-after-statement -Wno-unused-but-set-variable -Wno-unused-local-typedefs   -g3 -Werror -Og -fno-omit-frame-pointer -D__XEN_INTERFACE_VERSION__=__XEN_LATEST_INTERFACE_VERSION__ -MMD -MP -MF .libxl_remus.o.d -D_LARGEFILE_SOURCE -D_LARGEFILE64_SOURCE   -Wno-format-zero-length -Wmissing-declarations -Wno-declaration-after-statement -Wformat-nonliteral -pthread -Wmissing-prototypes -I/build/xen/tools/libs/light/../../../tools/include  -I/build/xen/tools/libs/light/../../../tools/include  -I/build/xen/tools/libs/light/../../../tools/include  -I/build/xen/tools/libs/light/../../../tools/include  -I/build/xen/tools/libs/light/../../../tools/include -D__XEN_TOOLS__  -I/build/xen/tools/libs/light/../../../tools/include  -I/build/xen/tools/libs/light/../../../tools/include  -I/build/xen/tools/libs/light/../../../tools/include -Wshadow -DCONFIG_DEBUG -include /build/xen/tools/libs/light/../../../tools/config.h  -c -o libxl_remus.o libxl_remus.c 
riscv64-linux-gnu-gcc  -DBUILD_ID -fno-strict-aliasing -std=gnu99 -Wall -Wstrict-prototypes -Wdeclaration-after-statement -Wno-unused-but-set-variable -Wno-unused-local-typedefs   -g3 -Werror -Og -fno-omit-frame-pointer -D__XEN_INTERFACE_VERSION__=__XEN_LATEST_INTERFACE_VERSION__ -MMD -MP -MF .libxl_checkpoint_device.o.d -D_LARGEFILE_SOURCE -D_LARGEFILE64_SOURCE   -Wno-format-zero-length -Wmissing-declarations -Wno-declaration-after-statement -Wformat-nonliteral -pthread -Wmissing-prototypes -I/build/xen/tools/libs/light/../../../tools/include  -I/build/xen/tools/libs/light/../../../tools/include  -I/build/xen/tools/libs/light/../../../tools/include  -I/build/xen/tools/libs/light/../../../tools/include  -I/build/xen/tools/libs/light/../../../tools/include -D__XEN_TOOLS__  -I/build/xen/tools/libs/light/../../../tools/include  -I/build/xen/tools/libs/light/../../../tools/include  -I/build/xen/tools/libs/light/../../../tools/include -Wshadow -DCONFIG_DEBUG -include /build/xen/tools/libs/light/../../../tools/config.h  -c -o libxl_checkpoint_device.o libxl_checkpoint_device.c 
riscv64-linux-gnu-gcc  -DBUILD_ID -fno-strict-aliasing -std=gnu99 -Wall -Wstrict-prototypes -Wdeclaration-after-statement -Wno-unused-but-set-variable -Wno-unused-local-typedefs   -g3 -Werror -Og -fno-omit-frame-pointer -D__XEN_INTERFACE_VERSION__=__XEN_LATEST_INTERFACE_VERSION__ -MMD -MP -MF .libxl_remus_disk_drbd.o.d -D_LARGEFILE_SOURCE -D_LARGEFILE64_SOURCE   -Wno-format-zero-length -Wmissing-declarations -Wno-declaration-after-statement -Wformat-nonliteral -pthread -Wmissing-prototypes -I/build/xen/tools/libs/light/../../../tools/include  -I/build/xen/tools/libs/light/../../../tools/include  -I/build/xen/tools/libs/light/../../../tools/include  -I/build/xen/tools/libs/light/../../../tools/include  -I/build/xen/tools/libs/light/../../../tools/include -D__XEN_TOOLS__  -I/build/xen/tools/libs/light/../../../tools/include  -I/build/xen/tools/libs/light/../../../tools/include  -I/build/xen/tools/libs/light/../../../tools/include -Wshadow -DCONFIG_DEBUG -include /build/xen/tools/libs/light/../../../tools/config.h  -c -o libxl_remus_disk_drbd.o libxl_remus_disk_drbd.c 
riscv64-linux-gnu-gcc  -DBUILD_ID -fno-strict-aliasing -std=gnu99 -Wall -Wstrict-prototypes -Wdeclaration-after-statement -Wno-unused-but-set-variable -Wno-unused-local-typedefs   -g3 -Werror -Og -fno-omit-frame-pointer -D__XEN_INTERFACE_VERSION__=__XEN_LATEST_INTERFACE_VERSION__ -MMD -MP -MF .libxl_no_colo.o.d -D_LARGEFILE_SOURCE -D_LARGEFILE64_SOURCE   -Wno-format-zero-length -Wmissing-declarations -Wno-declaration-after-statement -Wformat-nonliteral -pthread -Wmissing-prototypes -I/build/xen/tools/libs/light/../../../tools/include  -I/build/xen/tools/libs/light/../../../tools/include  -I/build/xen/tools/libs/light/../../../tools/include  -I/build/xen/tools/libs/light/../../../tools/include  -I/build/xen/tools/libs/light/../../../tools/include -D__XEN_TOOLS__  -I/build/xen/tools/libs/light/../../../tools/include  -I/build/xen/tools/libs/light/../../../tools/include  -I/build/xen/tools/libs/light/../../../tools/include -Wshadow -DCONFIG_DEBUG -include /build/xen/tools/libs/light/../../../tools/config.h  -c -o libxl_no_colo.o libxl_no_colo.c 
riscv64-linux-gnu-gcc  -DBUILD_ID -fno-strict-aliasing -std=gnu99 -Wall -Wstrict-prototypes -Wdeclaration-after-statement -Wno-unused-but-set-variable -Wno-unused-local-typedefs   -g3 -Werror -Og -fno-omit-frame-pointer -D__XEN_INTERFACE_VERSION__=__XEN_LATEST_INTERFACE_VERSION__ -MMD -MP -MF .libxl_riscv.o.d -D_LARGEFILE_SOURCE -D_LARGEFILE64_SOURCE   -Wno-format-zero-length -Wmissing-declarations -Wno-declaration-after-statement -Wformat-nonliteral -pthread -Wmissing-prototypes -I/build/xen/tools/libs/light/../../../tools/include  -I/build/xen/tools/libs/light/../../../tools/include  -I/build/xen/tools/libs/light/../../../tools/include  -I/build/xen/tools/libs/light/../../../tools/include  -I/build/xen/tools/libs/light/../../../tools/include -D__XEN_TOOLS__  -I/build/xen/tools/libs/light/../../../tools/include  -I/build/xen/tools/libs/light/../../../tools/include  -I/build/xen/tools/libs/light/../../../tools/include -Wshadow -DCONFIG_DEBUG -include /build/xen/tools/libs/light/../../../tools/config.h  -c -o libxl_riscv.o libxl_riscv.c 
riscv64-linux-gnu-gcc  -DBUILD_ID -fno-strict-aliasing -std=gnu99 -Wall -Wstrict-prototypes -Wdeclaration-after-statement -Wno-unused-but-set-variable -Wno-unused-local-typedefs   -g3 -Werror -Og -fno-omit-frame-pointer -D__XEN_INTERFACE_VERSION__=__XEN_LATEST_INTERFACE_VERSION__ -MMD -MP -MF .libxl_nocpuid.o.d -D_LARGEFILE_SOURCE -D_LARGEFILE64_SOURCE   -Wno-format-zero-length -Wmissing-declarations -Wno-declaration-after-statement -Wformat-nonliteral -pthread -Wmissing-prototypes -I/build/xen/tools/libs/light/../../../tools/include  -I/build/xen/tools/libs/light/../../../tools/include  -I/build/xen/tools/libs/light/../../../tools/include  -I/build/xen/tools/libs/light/../../../tools/include  -I/build/xen/tools/libs/light/../../../tools/include -D__XEN_TOOLS__  -I/build/xen/tools/libs/light/../../../tools/include  -I/build/xen/tools/libs/light/../../../tools/include  -I/build/xen/tools/libs/light/../../../tools/include -Wshadow -DCONFIG_DEBUG -include /build/xen/tools/libs/light/../../../tools/config.h  -c -o libxl_nocpuid.o libxl_nocpuid.c 
riscv64-linux-gnu-gcc  -DBUILD_ID -fno-strict-aliasing -std=gnu99 -Wall -Wstrict-prototypes -Wdeclaration-after-statement -Wno-unused-but-set-variable -Wno-unused-local-typedefs   -g3 -Werror -Og -fno-omit-frame-pointer -D__XEN_INTERFACE_VERSION__=__XEN_LATEST_INTERFACE_VERSION__ -MMD -MP -MF .libxl_libfdt_compat.o.d -D_LARGEFILE_SOURCE -D_LARGEFILE64_SOURCE   -Wno-format-zero-length -Wmissing-declarations -Wno-declaration-after-statement -Wformat-nonliteral -pthread -Wmissing-prototypes -I/build/xen/tools/libs/light/../../../tools/include  -I/build/xen/tools/libs/light/../../../tools/include  -I/build/xen/tools/libs/light/../../../tools/include  -I/build/xen/tools/libs/light/../../../tools/include  -I/build/xen/tools/libs/light/../../../tools/include -D__XEN_TOOLS__  -I/build/xen/tools/libs/light/../../../tools/include  -I/build/xen/tools/libs/light/../../../tools/include  -I/build/xen/tools/libs/light/../../../tools/include -Wshadow -DCONFIG_DEBUG -include /build/xen/tools/libs/light/../../../tools/config.h  -c -o libxl_libfdt_compat.o libxl_libfdt_compat.c 
riscv64-linux-gnu-gcc  -DBUILD_ID -fno-strict-aliasing -std=gnu99 -Wall -Wstrict-prototypes -Wdeclaration-after-statement -Wno-unused-but-set-variable -Wno-unused-local-typedefs   -g3 -Werror -Og -fno-omit-frame-pointer -D__XEN_INTERFACE_VERSION__=__XEN_LATEST_INTERFACE_VERSION__ -MMD -MP -MF .libxl_linux.o.d -D_LARGEFILE_SOURCE -D_LARGEFILE64_SOURCE   -Wno-format-zero-length -Wmissing-declarations -Wno-declaration-after-statement -Wformat-nonliteral -pthread -Wmissing-prototypes -I/build/xen/tools/libs/light/../../../tools/include  -I/build/xen/tools/libs/light/../../../tools/include  -I/build/xen/tools/libs/light/../../../tools/include  -I/build/xen/tools/libs/light/../../../tools/include  -I/build/xen/tools/libs/light/../../../tools/include -D__XEN_TOOLS__  -I/build/xen/tools/libs/light/../../../tools/include  -I/build/xen/tools/libs/light/../../../tools/include  -I/build/xen/tools/libs/light/../../../tools/include -Wshadow -DCONFIG_DEBUG -include /build/xen/tools/libs/light/../../../tools/config.h  -c -o libxl_linux.o libxl_linux.c 
riscv64-linux-gnu-gcc  -DBUILD_ID -fno-strict-aliasing -std=gnu99 -Wall -Wstrict-prototypes -Wdeclaration-after-statement -Wno-unused-but-set-variable -Wno-unused-local-typedefs   -g3 -Werror -Og -fno-omit-frame-pointer -D__XEN_INTERFACE_VERSION__=__XEN_LATEST_INTERFACE_VERSION__ -MMD -MP -MF .libxl_setresuid.o.d -D_LARGEFILE_SOURCE -D_LARGEFILE64_SOURCE   -Wno-format-zero-length -Wmissing-declarations -Wno-declaration-after-statement -Wformat-nonliteral -pthread -Wmissing-prototypes -I/build/xen/tools/libs/light/../../../tools/include  -I/build/xen/tools/libs/light/../../../tools/include  -I/build/xen/tools/libs/light/../../../tools/include  -I/build/xen/tools/libs/light/../../../tools/include  -I/build/xen/tools/libs/light/../../../tools/include -D__XEN_TOOLS__  -I/build/xen/tools/libs/light/../../../tools/include  -I/build/xen/tools/libs/light/../../../tools/include  -I/build/xen/tools/libs/light/../../../tools/include -Wshadow -DCONFIG_DEBUG -include /build/xen/tools/libs/light/../../../tools/config.h  -c -o libxl_setresuid.o libxl_setresuid.c 
riscv64-linux-gnu-gcc  -DBUILD_ID -fno-strict-aliasing -std=gnu99 -Wall -Wstrict-prototypes -Wdeclaration-after-statement -Wno-unused-but-set-variable -Wno-unused-local-typedefs   -g3 -Werror -Og -fno-omit-frame-pointer -D__XEN_INTERFACE_VERSION__=__XEN_LATEST_INTERFACE_VERSION__ -MMD -MP -MF .libxl.o.d -D_LARGEFILE_SOURCE -D_LARGEFILE64_SOURCE   -Wno-format-zero-length -Wmissing-declarations -Wno-declaration-after-statement -Wformat-nonliteral -pthread -Wmissing-prototypes -I/build/xen/tools/libs/light/../../../tools/include  -I/build/xen/tools/libs/light/../../../tools/include  -I/build/xen/tools/libs/light/../../../tools/include  -I/build/xen/tools/libs/light/../../../tools/include  -I/build/xen/tools/libs/light/../../../tools/include -D__XEN_TOOLS__  -I/build/xen/tools/libs/light/../../../tools/include  -I/build/xen/tools/libs/light/../../../tools/include  -I/build/xen/tools/libs/light/../../../tools/include -Wshadow -DCONFIG_DEBUG -include /build/xen/tools/libs/light/../../../tools/config.h  -c -o libxl.o libxl.c 
riscv64-linux-gnu-gcc  -DBUILD_ID -fno-strict-aliasing -std=gnu99 -Wall -Wstrict-prototypes -Wdeclaration-after-statement -Wno-unused-but-set-variable -Wno-unused-local-typedefs   -g3 -Werror -Og -fno-omit-frame-pointer -D__XEN_INTERFACE_VERSION__=__XEN_LATEST_INTERFACE_VERSION__ -MMD -MP -MF .libxl_create.o.d -D_LARGEFILE_SOURCE -D_LARGEFILE64_SOURCE   -Wno-format-zero-length -Wmissing-declarations -Wno-declaration-after-statement -Wformat-nonliteral -pthread -Wmissing-prototypes -I/build/xen/tools/libs/light/../../../tools/include  -I/build/xen/tools/libs/light/../../../tools/include  -I/build/xen/tools/libs/light/../../../tools/include  -I/build/xen/tools/libs/light/../../../tools/include  -I/build/xen/tools/libs/light/../../../tools/include -D__XEN_TOOLS__  -I/build/xen/tools/libs/light/../../../tools/include  -I/build/xen/tools/libs/light/../../../tools/include  -I/build/xen/tools/libs/light/../../../tools/include -Wshadow -DCONFIG_DEBUG -include /build/xen/tools/libs/light/../../../tools/config.h  -c -o libxl_create.o libxl_create.c 
riscv64-linux-gnu-gcc  -DBUILD_ID -fno-strict-aliasing -std=gnu99 -Wall -Wstrict-prototypes -Wdeclaration-after-statement -Wno-unused-but-set-variable -Wno-unused-local-typedefs   -g3 -Werror -Og -fno-omit-frame-pointer -D__XEN_INTERFACE_VERSION__=__XEN_LATEST_INTERFACE_VERSION__ -MMD -MP -MF .libxl_dm.o.d -D_LARGEFILE_SOURCE -D_LARGEFILE64_SOURCE   -Wno-format-zero-length -Wmissing-declarations -Wno-declaration-after-statement -Wformat-nonliteral -pthread -Wmissing-prototypes -I/build/xen/tools/libs/light/../../../tools/include  -I/build/xen/tools/libs/light/../../../tools/include  -I/build/xen/tools/libs/light/../../../tools/include  -I/build/xen/tools/libs/light/../../../tools/include  -I/build/xen/tools/libs/light/../../../tools/include -D__XEN_TOOLS__  -I/build/xen/tools/libs/light/../../../tools/include  -I/build/xen/tools/libs/light/../../../tools/include  -I/build/xen/tools/libs/light/../../../tools/include -Wshadow -DCONFIG_DEBUG -include /build/xen/tools/libs/light/../../../tools/config.h  -c -o libxl_dm.o libxl_dm.c 
riscv64-linux-gnu-gcc  -DBUILD_ID -fno-strict-aliasing -std=gnu99 -Wall -Wstrict-prototypes -Wdeclaration-after-statement -Wno-unused-but-set-variable -Wno-unused-local-typedefs   -g3 -Werror -Og -fno-omit-frame-pointer -D__XEN_INTERFACE_VERSION__=__XEN_LATEST_INTERFACE_VERSION__ -MMD -MP -MF .libxl_pci.o.d -D_LARGEFILE_SOURCE -D_LARGEFILE64_SOURCE   -Wno-format-zero-length -Wmissing-declarations -Wno-declaration-after-statement -Wformat-nonliteral -pthread -Wmissing-prototypes -I/build/xen/tools/libs/light/../../../tools/include  -I/build/xen/tools/libs/light/../../../tools/include  -I/build/xen/tools/libs/light/../../../tools/include  -I/build/xen/tools/libs/light/../../../tools/include  -I/build/xen/tools/libs/light/../../../tools/include -D__XEN_TOOLS__  -I/build/xen/tools/libs/light/../../../tools/include  -I/build/xen/tools/libs/light/../../../tools/include  -I/build/xen/tools/libs/light/../../../tools/include -Wshadow -DCONFIG_DEBUG -include /build/xen/tools/libs/light/../../../tools/config.h  -c -o libxl_pci.o libxl_pci.c 
libxl_libfdt_compat.c:60:10: fatal error: libfdt.h: No such file or directory
   60 | #include <libfdt.h>
      |          ^~~~~~~~~~
compilation terminated.
make[7]: *** [/build/xen/tools/libs/light/../../../tools/Rules.mk:188: libxl_libfdt_compat.o] Error 1
make[7]: *** Waiting for unfinished jobs....
In file included from libxl_riscv.c:3:
libxl_libfdt_compat.h:64:10: fatal error: libfdt.h: No such file or directory
   64 | #include <libfdt.h>
      |          ^~~~~~~~~~
compilation terminated.
make[7]: *** [/build/xen/tools/libs/light/../../../tools/Rules.mk:188: libxl_riscv.o] Error 1
rm _libxl_types_json.h
make[7]: Leaving directory '/build/xen/tools/libs/light'
make[6]: *** [/build/xen/tools/libs/../../tools/Rules.mk:204: subdir-install-light] Error 2
make[6]: Leaving directory '/build/xen/tools/libs'
make[5]: *** [/build/xen/tools/libs/../../tools/Rules.mk:199: subdirs-install] Error 2
make[5]: Leaving directory '/build/xen/tools/libs'
make[4]: *** [/build/xen/tools/../tools/Rules.mk:204: subdir-install-libs] Error 2
make[4]: Leaving directory '/build/xen/tools'
make[3]: *** [/build/xen/tools/../tools/Rules.mk:199: subdirs-install] Error 2
make[3]: Leaving directory '/build/xen/tools'
make[2]: Leaving directory '/build/xen/tools'
make[2]: *** [Makefile:63: install] Error 2
make[1]: *** [Makefile:147: install-tools] Error 2
make[1]: Leaving directory '/build/xen'
make: *** [Makefile:76: dist-tools] Error 2

real	0m15.090s
user	0m56.781s
sys	0m10.716s
EXIT=2
