checking build system type... x86_64-pc-linux-gnu
checking host system type... riscv64-unknown-linux-gnu
checking for riscv64-linux-gnu-gcc... riscv64-linux-gnu-gcc
checking whether the C compiler works... yes
checking for C compiler default output file name... a.out
checking for suffix of executables... 
checking whether we are cross compiling... no
checking for suffix of object files... o
checking whether we are using the GNU C compiler... yes
checking whether riscv64-linux-gnu-gcc accepts -g... yes
checking for riscv64-linux-gnu-gcc option to accept ISO C89... none needed
checking for special C compiler options needed for large files... no
checking for _FILE_OFFSET_BITS value needed for large files... no
checking for riscv64-linux-gnu-gcc... (cached) riscv64-linux-gnu-gcc
checking whether we are using the GNU C compiler... (cached) yes
checking whether riscv64-linux-gnu-gcc accepts -g... (cached) yes
checking for riscv64-linux-gnu-gcc option to accept ISO C89... (cached) none needed
checking whether make sets $(MAKE)... yes
checking for a BSD-compatible install... /usr/bin/install -c
checking for flex... /usr/bin/flex
checking for abi-dumper... no
checking for perl... /usr/bin/perl
checking for awk... /usr/bin/awk
checking for riscv64-linux-gnu-ocamlc... no
checking for ocamlc... no
checking for riscv64-linux-gnu-ocaml... no
checking for ocaml... no
checking for riscv64-linux-gnu-ocamldep... no
checking for ocamldep... no
checking for riscv64-linux-gnu-ocamlmktop... no
checking for ocamlmktop... no
checking for riscv64-linux-gnu-ocamlmklib... no
checking for ocamlmklib... no
checking for riscv64-linux-gnu-ocamldoc... no
checking for ocamldoc... no
checking for riscv64-linux-gnu-ocamlbuild... no
checking for ocamlbuild... no
checking for riscv64-linux-gnu-ocamlfind... no
checking for ocamlfind... no
checking for gawk... /usr/bin/awk
checking for riscv64-linux-gnu-go... no
checking for go... no
checking for riscv64-linux-gnu-checkpolicy... no
checking for checkpolicy... checkpolicy
checking for bash... /bin/bash
checking for python3... python3
checking for python3... /usr/bin/python3
checking for python3... /usr/bin/python3
checking for python version >= 2.6 ... yes
checking how to run the C preprocessor... riscv64-linux-gnu-gcc -E
checking for grep that handles long lines and -e... /usr/bin/grep
checking for egrep... /usr/bin/grep -E
checking for ANSI C header files... yes
checking for sys/types.h... yes
checking for sys/stat.h... yes
checking for stdlib.h... yes
checking for string.h... yes
checking for memory.h... yes
checking for strings.h... yes
checking for inttypes.h... yes
checking for stdint.h... yes
checking for unistd.h... yes
checking for python3-config... /usr/bin/python3-config
checking Python.h usability... yes
checking Python.h presence... yes
checking for Python.h... yes
checking for PyArg_ParseTuple... yes
checking whether Python setup.py brokenly enables -D_FORTIFY_SOURCE... no
checking uuid/uuid.h usability... yes
checking uuid/uuid.h presence... yes
checking for uuid/uuid.h... yes
checking for uuid_clear in -luuid... yes
checking uuid.h usability... no
checking uuid.h presence... no
checking for uuid.h... no
checking curses.h usability... yes
checking curses.h presence... yes
checking for curses.h... yes
checking for clear in -lcurses... yes
checking ncurses.h usability... yes
checking ncurses.h presence... yes
checking for ncurses.h... yes
checking for clear in -lncurses... yes
checking for define_key in -ltinfo... yes
checking for riscv64-linux-gnu-pkg-config... no
checking for pkg-config... no
checking for wget... /usr/bin/wget
checking for false... /usr/bin/false
checking bzlib.h usability... no
checking bzlib.h presence... no
checking for bzlib.h... no
checking lzma.h usability... no
checking lzma.h presence... no
checking for lzma.h... no
checking lzo/lzo1x.h usability... no
checking lzo/lzo1x.h presence... no
checking for lzo/lzo1x.h... no
checking for libzstd... no
checking ext2fs/ext2fs.h usability... no
checking ext2fs/ext2fs.h presence... no
checking for ext2fs/ext2fs.h... no
checking ext4fs/ext2fs.h usability... no
checking ext4fs/ext2fs.h presence... no
checking for ext4fs/ext2fs.h... no
checking for pthread flag... -pthread
checking for yajl_alloc in -lyajl... yes
checking for deflateCopy in -lz... yes
checking for libiconv_open in -liconv... no
checking argp.h usability... yes
checking argp.h presence... yes
checking for argp.h... yes
checking for argp_usage in -largp... no
checking for fdt_create in -lfdt... yes
checking for fdt_first_property_offset... yes
checking for fdt_first_subnode... yes
checking for fdt_next_subnode... yes
checking whether fdt_first_subnode is declared... yes
checking whether fdt_next_subnode is declared... yes
checking whether fdt_property_u32 is declared... yes
checking yajl/yajl_version.h usability... yes
checking yajl/yajl_version.h presence... yes
checking for yajl/yajl_version.h... yes
checking sys/eventfd.h usability... yes
checking sys/eventfd.h presence... yes
checking for sys/eventfd.h... yes
checking valgrind/memcheck.h usability... no
checking valgrind/memcheck.h presence... no
checking for valgrind/memcheck.h... no
checking utmp.h usability... yes
checking utmp.h presence... yes
checking for utmp.h... yes
configure: WARNING: Disabling support for Remus network buffering and COLO.
    Please install libnl3 libraries (including libnl3-route), command line tools and devel
    headers - version 3.2.8 or higher
checking for LIBNL3... no
checking for SYSTEMD... no
checking for SYSTEMD... no
checking for bison... /usr/bin/bison
checking endian.h usability... yes
checking endian.h presence... yes
checking for endian.h... yes
configure: creating ./config.status
config.status: creating ../config/Tools.mk
config.status: creating hotplug/common/hotplugpath.sh
config.status: creating hotplug/FreeBSD/rc.d/xencommons
config.status: creating hotplug/FreeBSD/rc.d/xendriverdomain
config.status: creating hotplug/Linux/init.d/sysconfig.xencommons
config.status: creating hotplug/Linux/init.d/sysconfig.xendomains
config.status: creating hotplug/Linux/init.d/xen-watchdog
config.status: creating hotplug/Linux/init.d/xencommons
config.status: creating hotplug/Linux/init.d/xendomains
config.status: creating hotplug/Linux/init.d/xendriverdomain
config.status: creating hotplug/Linux/launch-xenstore
config.status: creating hotplug/Linux/vif-setup
config.status: creating hotplug/Linux/xen-hotplug-common.sh
config.status: creating hotplug/Linux/xendomains
config.status: creating hotplug/NetBSD/rc.d/xencommons
config.status: creating hotplug/NetBSD/rc.d/xendriverdomain
config.status: creating ocaml/libs/xs/paths.ml
config.status: creating ocaml/xenstored/paths.ml
config.status: creating ocaml/xenstored/oxenstored.conf
config.status: creating config.h
=== REGENERATED config.status fdt evidence ===
S["LIBS"]="-lfdt -lz -lyajl "
D["HAVE_DECL_FDT_FIRST_SUBNODE"]
D["HAVE_DECL_FDT_NEXT_SUBNODE"]
D["HAVE_DECL_FDT_PROPERTY_U32"]
D["HAVE_FDT_FIRST_SUBNODE"]
D["HAVE_FDT_NEXT_SUBNODE"]
D["HAVE_LIBFDT"]
D["ENABLE_PARTIAL_DEVICE_TREE"]
==============================================
cp /tmp/cfg/config_tools.status /build/xen/tools/config.status && cd /build/xen/tools && bash ./config.status
config.status: creating ../config/Tools.mk
config.status: creating hotplug/common/hotplugpath.sh
config.status: creating hotplug/FreeBSD/rc.d/xencommons
config.status: creating hotplug/FreeBSD/rc.d/xendriverdomain
config.status: creating hotplug/Linux/init.d/sysconfig.xencommons
config.status: creating hotplug/Linux/init.d/sysconfig.xendomains
config.status: creating hotplug/Linux/init.d/xen-watchdog
config.status: creating hotplug/Linux/init.d/xencommons
config.status: creating hotplug/Linux/init.d/xendomains
config.status: creating hotplug/Linux/init.d/xendriverdomain
config.status: creating hotplug/Linux/launch-xenstore
config.status: creating hotplug/Linux/vif-setup
config.status: creating hotplug/Linux/xen-hotplug-common.sh
config.status: creating hotplug/Linux/xendomains
config.status: creating hotplug/NetBSD/rc.d/xencommons
config.status: creating hotplug/NetBSD/rc.d/xendriverdomain
config.status: creating ocaml/libs/xs/paths.ml
config.status: creating ocaml/xenstored/paths.ml
config.status: creating ocaml/xenstored/oxenstored.conf
config.status: creating config.h
config.status: config.h is unchanged
make -C /build/xen -j20 dist-tools
make[1]: Entering directory '/build/xen'
make -C tools/include install
make[2]: Entering directory '/build/xen/tools/include'
make -C xen-foreign
make[3]: Entering directory '/build/xen/tools/include/xen-foreign'
mkdir -p xen/libelf acpi
find xen/ acpi/ -type l -exec rm '{}' +
sed -e 's#@includedir@#/xen#g' xen.COPYING.in > xen/COPYING
ln -s /build/xen/tools/include/../../xen/include/public/*.h xen/
ln -s /build/xen/tools/include/../../xen/include/public/*/ xen/
ln -s ../xen-sys/Linux xen/sys
ln -s /build/xen/tools/include/../../xen/include/xen/libelf.h /build/xen/tools/include/../../xen/include/xen/elfstructs.h xen/libelf/
ln -s ../xen-foreign xen/foreign
ln -s /build/xen/tools/include/../../xen/include/acpi/platform acpi/
ln -s /build/xen/tools/include/../../xen/include/acpi/ac*.h acpi/
./checker > tmp.size
diff -u reference.size tmp.size
rm tmp.size
make[3]: Leaving directory '/build/xen/tools/include/xen-foreign'
/build/xen/tools/include/../../tools/cross-install -d -m0755 -p /build/xen/dist/install/xen/arch-x86
/build/xen/tools/include/../../tools/cross-install -d -m0755 -p /build/xen/dist/install/xen/arch-x86/hvm
/build/xen/tools/include/../../tools/cross-install -d -m0755 -p /build/xen/dist/install/xen/arch-arm
/build/xen/tools/include/../../tools/cross-install -d -m0755 -p /build/xen/dist/install/xen/arch-arm/hvm
/build/xen/tools/include/../../tools/cross-install -d -m0755 -p /build/xen/dist/install/xen/arch-riscv
/build/xen/tools/include/../../tools/cross-install -d -m0755 -p /build/xen/dist/install/xen/arch-riscv/hvm
/build/xen/tools/include/../../tools/cross-install -d -m0755 -p /build/xen/dist/install/xen/foreign
/build/xen/tools/include/../../tools/cross-install -d -m0755 -p /build/xen/dist/install/xen/hvm
/build/xen/tools/include/../../tools/cross-install -d -m0755 -p /build/xen/dist/install/xen/io
/build/xen/tools/include/../../tools/cross-install -d -m0755 -p /build/xen/dist/install/xen/sys
/build/xen/tools/include/../../tools/cross-install -d -m0755 -p /build/xen/dist/install/xen/xsm
/build/xen/tools/include/../../tools/cross-install -m0644 -p xen/COPYING /build/xen/dist/install/xen
/build/xen/tools/include/../../tools/cross-install -m0644 -p xen/*.h /build/xen/dist/install/xen
/build/xen/tools/include/../../tools/cross-install -m0644 -p xen/arch-x86/*.h /build/xen/dist/install/xen/arch-x86
/build/xen/tools/include/../../tools/cross-install -m0644 -p xen/arch-x86/hvm/*.h /build/xen/dist/install/xen/arch-x86/hvm
/build/xen/tools/include/../../tools/cross-install -m0644 -p xen/arch-arm/*.h /build/xen/dist/install/xen/arch-arm
/build/xen/tools/include/../../tools/cross-install -m0644 -p xen/arch-arm/hvm/*.h /build/xen/dist/install/xen/arch-arm/hvm
/build/xen/tools/include/../../tools/cross-install -m0644 -p xen/arch-riscv/hvm/*.h /build/xen/dist/install/xen/arch-riscv/hvm
/build/xen/tools/include/../../tools/cross-install -m0644 -p xen/foreign/*.h /build/xen/dist/install/xen/foreign
/build/xen/tools/include/../../tools/cross-install -m0644 -p xen/hvm/*.h /build/xen/dist/install/xen/hvm
/build/xen/tools/include/../../tools/cross-install -m0644 -p xen/io/*.h /build/xen/dist/install/xen/io
/build/xen/tools/include/../../tools/cross-install -m0644 -p xen/sys/*.h /build/xen/dist/install/xen/sys
/build/xen/tools/include/../../tools/cross-install -m0644 -p xen/xsm/*.h /build/xen/dist/install/xen/xsm
/build/xen/tools/include/../../tools/cross-install -m0644 -p xen_list.h /build/xen/dist/install
make[2]: Leaving directory '/build/xen/tools/include'
make -C tools install
make[2]: Entering directory '/build/xen/tools'
/build/xen/tools/../tools/cross-install -d -m0755 -p -m 700 /build/xen/dist/install
/build/xen/tools/../tools/cross-install -d -m0755 -p /build/xen/dist/install
/build/xen/tools/../tools/cross-install -d -m0755 -p /build/xen/dist/install
/build/xen/tools/../tools/cross-install -d -m0755 -p /build/xen/dist/install
make subdirs-install
make[3]: Entering directory '/build/xen/tools'
make[4]: Entering directory '/build/xen/tools'
make -C libs install
make[5]: Entering directory '/build/xen/tools/libs'
make[6]: Entering directory '/build/xen/tools/libs'
make -C toolcore install
make[7]: Entering directory '/build/xen/tools/libs/toolcore'
/build/xen/tools/libs/toolcore/../../../tools/cross-install -d -m0755 -p /build/xen/dist/install
/build/xen/tools/libs/toolcore/../../../tools/cross-install -d -m0755 -p /build/xen/dist/install
/build/xen/tools/libs/toolcore/../../../tools/cross-install -m0755 -p libxentoolcore.so.1.0 /build/xen/dist/install
/build/xen/tools/libs/toolcore/../../../tools/cross-install -m0644 -p libxentoolcore.a /build/xen/dist/install
ln -sf libxentoolcore.so.1.0 /build/xen/dist/install/libxentoolcore.so.1
ln -sf libxentoolcore.so.1 /build/xen/dist/install/libxentoolcore.so
for i in  /build/xen/tools/libs/toolcore/../../../tools/include/xentoolcore.h; do /build/xen/tools/libs/toolcore/../../../tools/cross-install -m0644 -p $i /build/xen/dist/install; done
/build/xen/tools/libs/toolcore/../../../tools/cross-install -m0644 -p xentoolcore.pc /build/xen/dist/install
make[7]: Leaving directory '/build/xen/tools/libs/toolcore'
make[6]: Leaving directory '/build/xen/tools/libs'
make[6]: Entering directory '/build/xen/tools/libs'
make -C toollog install
make[7]: Entering directory '/build/xen/tools/libs/toollog'
/build/xen/tools/libs/toollog/../../../tools/cross-install -d -m0755 -p /build/xen/dist/install
/build/xen/tools/libs/toollog/../../../tools/cross-install -d -m0755 -p /build/xen/dist/install
/build/xen/tools/libs/toollog/../../../tools/cross-install -m0755 -p libxentoollog.so.1.0 /build/xen/dist/install
/build/xen/tools/libs/toollog/../../../tools/cross-install -m0644 -p libxentoollog.a /build/xen/dist/install
ln -sf libxentoollog.so.1.0 /build/xen/dist/install/libxentoollog.so.1
ln -sf libxentoollog.so.1 /build/xen/dist/install/libxentoollog.so
for i in  /build/xen/tools/libs/toollog/../../../tools/include/xentoollog.h; do /build/xen/tools/libs/toollog/../../../tools/cross-install -m0644 -p $i /build/xen/dist/install; done
/build/xen/tools/libs/toollog/../../../tools/cross-install -m0644 -p xentoollog.pc /build/xen/dist/install
make[7]: Leaving directory '/build/xen/tools/libs/toollog'
make[6]: Leaving directory '/build/xen/tools/libs'
make[6]: Entering directory '/build/xen/tools/libs'
make -C evtchn install
make[7]: Entering directory '/build/xen/tools/libs/evtchn'
/build/xen/tools/libs/evtchn/../../../tools/cross-install -d -m0755 -p /build/xen/dist/install
/build/xen/tools/libs/evtchn/../../../tools/cross-install -d -m0755 -p /build/xen/dist/install
/build/xen/tools/libs/evtchn/../../../tools/cross-install -m0755 -p libxenevtchn.so.1.2 /build/xen/dist/install
/build/xen/tools/libs/evtchn/../../../tools/cross-install -m0644 -p libxenevtchn.a /build/xen/dist/install
ln -sf libxenevtchn.so.1.2 /build/xen/dist/install/libxenevtchn.so.1
ln -sf libxenevtchn.so.1 /build/xen/dist/install/libxenevtchn.so
for i in  /build/xen/tools/libs/evtchn/../../../tools/include/xenevtchn.h; do /build/xen/tools/libs/evtchn/../../../tools/cross-install -m0644 -p $i /build/xen/dist/install; done
/build/xen/tools/libs/evtchn/../../../tools/cross-install -m0644 -p xenevtchn.pc /build/xen/dist/install
make[7]: Leaving directory '/build/xen/tools/libs/evtchn'
make[6]: Leaving directory '/build/xen/tools/libs'
make[6]: Entering directory '/build/xen/tools/libs'
make -C gnttab install
make[7]: Entering directory '/build/xen/tools/libs/gnttab'
/build/xen/tools/libs/gnttab/../../../tools/cross-install -d -m0755 -p /build/xen/dist/install
/build/xen/tools/libs/gnttab/../../../tools/cross-install -d -m0755 -p /build/xen/dist/install
/build/xen/tools/libs/gnttab/../../../tools/cross-install -m0755 -p libxengnttab.so.1.2 /build/xen/dist/install
/build/xen/tools/libs/gnttab/../../../tools/cross-install -m0644 -p libxengnttab.a /build/xen/dist/install
ln -sf libxengnttab.so.1.2 /build/xen/dist/install/libxengnttab.so.1
ln -sf libxengnttab.so.1 /build/xen/dist/install/libxengnttab.so
for i in  /build/xen/tools/libs/gnttab/../../../tools/include/xengnttab.h; do /build/xen/tools/libs/gnttab/../../../tools/cross-install -m0644 -p $i /build/xen/dist/install; done
/build/xen/tools/libs/gnttab/../../../tools/cross-install -m0644 -p xengnttab.pc /build/xen/dist/install
make[7]: Leaving directory '/build/xen/tools/libs/gnttab'
make[6]: Leaving directory '/build/xen/tools/libs'
make[6]: Entering directory '/build/xen/tools/libs'
make -C call install
make[7]: Entering directory '/build/xen/tools/libs/call'
/build/xen/tools/libs/call/../../../tools/cross-install -d -m0755 -p /build/xen/dist/install
/build/xen/tools/libs/call/../../../tools/cross-install -d -m0755 -p /build/xen/dist/install
/build/xen/tools/libs/call/../../../tools/cross-install -m0755 -p libxencall.so.1.3 /build/xen/dist/install
/build/xen/tools/libs/call/../../../tools/cross-install -m0644 -p libxencall.a /build/xen/dist/install
ln -sf libxencall.so.1.3 /build/xen/dist/install/libxencall.so.1
ln -sf libxencall.so.1 /build/xen/dist/install/libxencall.so
for i in  /build/xen/tools/libs/call/../../../tools/include/xencall.h; do /build/xen/tools/libs/call/../../../tools/cross-install -m0644 -p $i /build/xen/dist/install; done
/build/xen/tools/libs/call/../../../tools/cross-install -m0644 -p xencall.pc /build/xen/dist/install
make[7]: Leaving directory '/build/xen/tools/libs/call'
make[6]: Leaving directory '/build/xen/tools/libs'
make[6]: Entering directory '/build/xen/tools/libs'
make -C foreignmemory install
make[7]: Entering directory '/build/xen/tools/libs/foreignmemory'
/build/xen/tools/libs/foreignmemory/../../../tools/cross-install -d -m0755 -p /build/xen/dist/install
/build/xen/tools/libs/foreignmemory/../../../tools/cross-install -d -m0755 -p /build/xen/dist/install
/build/xen/tools/libs/foreignmemory/../../../tools/cross-install -m0755 -p libxenforeignmemory.so.1.4 /build/xen/dist/install
/build/xen/tools/libs/foreignmemory/../../../tools/cross-install -m0644 -p libxenforeignmemory.a /build/xen/dist/install
ln -sf libxenforeignmemory.so.1.4 /build/xen/dist/install/libxenforeignmemory.so.1
ln -sf libxenforeignmemory.so.1 /build/xen/dist/install/libxenforeignmemory.so
for i in  /build/xen/tools/libs/foreignmemory/../../../tools/include/xenforeignmemory.h; do /build/xen/tools/libs/foreignmemory/../../../tools/cross-install -m0644 -p $i /build/xen/dist/install; done
/build/xen/tools/libs/foreignmemory/../../../tools/cross-install -m0644 -p xenforeignmemory.pc /build/xen/dist/install
make[7]: Leaving directory '/build/xen/tools/libs/foreignmemory'
make[6]: Leaving directory '/build/xen/tools/libs'
make[6]: Entering directory '/build/xen/tools/libs'
make -C devicemodel install
make[7]: Entering directory '/build/xen/tools/libs/devicemodel'
/build/xen/tools/libs/devicemodel/../../../tools/cross-install -d -m0755 -p /build/xen/dist/install
/build/xen/tools/libs/devicemodel/../../../tools/cross-install -d -m0755 -p /build/xen/dist/install
/build/xen/tools/libs/devicemodel/../../../tools/cross-install -m0755 -p libxendevicemodel.so.1.4 /build/xen/dist/install
/build/xen/tools/libs/devicemodel/../../../tools/cross-install -m0644 -p libxendevicemodel.a /build/xen/dist/install
ln -sf libxendevicemodel.so.1.4 /build/xen/dist/install/libxendevicemodel.so.1
ln -sf libxendevicemodel.so.1 /build/xen/dist/install/libxendevicemodel.so
for i in  /build/xen/tools/libs/devicemodel/../../../tools/include/xendevicemodel.h; do /build/xen/tools/libs/devicemodel/../../../tools/cross-install -m0644 -p $i /build/xen/dist/install; done
/build/xen/tools/libs/devicemodel/../../../tools/cross-install -m0644 -p xendevicemodel.pc /build/xen/dist/install
make[7]: Leaving directory '/build/xen/tools/libs/devicemodel'
make[6]: Leaving directory '/build/xen/tools/libs'
make[6]: Entering directory '/build/xen/tools/libs'
make -C ctrl install
make[7]: Entering directory '/build/xen/tools/libs/ctrl'
riscv64-linux-gnu-gcc  -DBUILD_ID -fno-strict-aliasing -std=gnu99 -Wall -Wstrict-prototypes -Wdeclaration-after-statement -Wno-unused-but-set-variable -Wno-unused-local-typedefs   -g3 -Werror -Og -fno-omit-frame-pointer -D__XEN_INTERFACE_VERSION__=__XEN_LATEST_INTERFACE_VERSION__ -MMD -MP -MF .xc_altp2m.o.d -D_LARGEFILE_SOURCE -D_LARGEFILE64_SOURCE -D_GNU_SOURCE  -D__XEN_TOOLS__ -pthread -include /build/xen/tools/libs/ctrl/../../../tools/config.h -Wmissing-prototypes -I/build/xen/tools/libs/ctrl/../../../tools/include  -I/build/xen/tools/libs/ctrl/../../../tools/include  -I/build/xen/tools/libs/ctrl/../../../tools/include  -I/build/xen/tools/libs/ctrl/../../../tools/include  -I/build/xen/tools/libs/ctrl/../../../tools/include  -I/build/xen/tools/libs/ctrl/../../../tools/include  -I/build/xen/tools/libs/ctrl/../../../tools/include  -c -o xc_altp2m.o xc_altp2m.c 
riscv64-linux-gnu-gcc  -DBUILD_ID -fno-strict-aliasing -std=gnu99 -Wall -Wstrict-prototypes -Wdeclaration-after-statement -Wno-unused-but-set-variable -Wno-unused-local-typedefs   -g3 -Werror -Og -fno-omit-frame-pointer -D__XEN_INTERFACE_VERSION__=__XEN_LATEST_INTERFACE_VERSION__ -MMD -MP -MF .xc_cpupool.o.d -D_LARGEFILE_SOURCE -D_LARGEFILE64_SOURCE -D_GNU_SOURCE  -D__XEN_TOOLS__ -pthread -include /build/xen/tools/libs/ctrl/../../../tools/config.h -Wmissing-prototypes -I/build/xen/tools/libs/ctrl/../../../tools/include  -I/build/xen/tools/libs/ctrl/../../../tools/include  -I/build/xen/tools/libs/ctrl/../../../tools/include  -I/build/xen/tools/libs/ctrl/../../../tools/include  -I/build/xen/tools/libs/ctrl/../../../tools/include  -I/build/xen/tools/libs/ctrl/../../../tools/include  -I/build/xen/tools/libs/ctrl/../../../tools/include  -c -o xc_cpupool.o xc_cpupool.c 
riscv64-linux-gnu-gcc  -DBUILD_ID -fno-strict-aliasing -std=gnu99 -Wall -Wstrict-prototypes -Wdeclaration-after-statement -Wno-unused-but-set-variable -Wno-unused-local-typedefs   -g3 -Werror -Og -fno-omit-frame-pointer -D__XEN_INTERFACE_VERSION__=__XEN_LATEST_INTERFACE_VERSION__ -MMD -MP -MF .xc_domain.o.d -D_LARGEFILE_SOURCE -D_LARGEFILE64_SOURCE -D_GNU_SOURCE  -D__XEN_TOOLS__ -pthread -include /build/xen/tools/libs/ctrl/../../../tools/config.h -Wmissing-prototypes -I/build/xen/tools/libs/ctrl/../../../tools/include  -I/build/xen/tools/libs/ctrl/../../../tools/include  -I/build/xen/tools/libs/ctrl/../../../tools/include  -I/build/xen/tools/libs/ctrl/../../../tools/include  -I/build/xen/tools/libs/ctrl/../../../tools/include  -I/build/xen/tools/libs/ctrl/../../../tools/include  -I/build/xen/tools/libs/ctrl/../../../tools/include  -c -o xc_domain.o xc_domain.c 
riscv64-linux-gnu-gcc  -DBUILD_ID -fno-strict-aliasing -std=gnu99 -Wall -Wstrict-prototypes -Wdeclaration-after-statement -Wno-unused-but-set-variable -Wno-unused-local-typedefs   -g3 -Werror -Og -fno-omit-frame-pointer -D__XEN_INTERFACE_VERSION__=__XEN_LATEST_INTERFACE_VERSION__ -MMD -MP -MF .xc_evtchn.o.d -D_LARGEFILE_SOURCE -D_LARGEFILE64_SOURCE -D_GNU_SOURCE  -D__XEN_TOOLS__ -pthread -include /build/xen/tools/libs/ctrl/../../../tools/config.h -Wmissing-prototypes -I/build/xen/tools/libs/ctrl/../../../tools/include  -I/build/xen/tools/libs/ctrl/../../../tools/include  -I/build/xen/tools/libs/ctrl/../../../tools/include  -I/build/xen/tools/libs/ctrl/../../../tools/include  -I/build/xen/tools/libs/ctrl/../../../tools/include  -I/build/xen/tools/libs/ctrl/../../../tools/include  -I/build/xen/tools/libs/ctrl/../../../tools/include  -c -o xc_evtchn.o xc_evtchn.c 
riscv64-linux-gnu-gcc  -DBUILD_ID -fno-strict-aliasing -std=gnu99 -Wall -Wstrict-prototypes -Wdeclaration-after-statement -Wno-unused-but-set-variable -Wno-unused-local-typedefs   -g3 -Werror -Og -fno-omit-frame-pointer -D__XEN_INTERFACE_VERSION__=__XEN_LATEST_INTERFACE_VERSION__ -MMD -MP -MF .xc_gnttab.o.d -D_LARGEFILE_SOURCE -D_LARGEFILE64_SOURCE -D_GNU_SOURCE  -D__XEN_TOOLS__ -pthread -include /build/xen/tools/libs/ctrl/../../../tools/config.h -Wmissing-prototypes -I/build/xen/tools/libs/ctrl/../../../tools/include  -I/build/xen/tools/libs/ctrl/../../../tools/include  -I/build/xen/tools/libs/ctrl/../../../tools/include  -I/build/xen/tools/libs/ctrl/../../../tools/include  -I/build/xen/tools/libs/ctrl/../../../tools/include  -I/build/xen/tools/libs/ctrl/../../../tools/include  -I/build/xen/tools/libs/ctrl/../../../tools/include  -c -o xc_gnttab.o xc_gnttab.c 
riscv64-linux-gnu-gcc  -DBUILD_ID -fno-strict-aliasing -std=gnu99 -Wall -Wstrict-prototypes -Wdeclaration-after-statement -Wno-unused-but-set-variable -Wno-unused-local-typedefs   -g3 -Werror -Og -fno-omit-frame-pointer -D__XEN_INTERFACE_VERSION__=__XEN_LATEST_INTERFACE_VERSION__ -MMD -MP -MF .xc_misc.o.d -D_LARGEFILE_SOURCE -D_LARGEFILE64_SOURCE -D_GNU_SOURCE  -D__XEN_TOOLS__ -pthread -include /build/xen/tools/libs/ctrl/../../../tools/config.h -Wmissing-prototypes -I/build/xen/tools/libs/ctrl/../../../tools/include  -I/build/xen/tools/libs/ctrl/../../../tools/include  -I/build/xen/tools/libs/ctrl/../../../tools/include  -I/build/xen/tools/libs/ctrl/../../../tools/include  -I/build/xen/tools/libs/ctrl/../../../tools/include  -I/build/xen/tools/libs/ctrl/../../../tools/include  -I/build/xen/tools/libs/ctrl/../../../tools/include  -c -o xc_misc.o xc_misc.c 
riscv64-linux-gnu-gcc  -DBUILD_ID -fno-strict-aliasing -std=gnu99 -Wall -Wstrict-prototypes -Wdeclaration-after-statement -Wno-unused-but-set-variable -Wno-unused-local-typedefs   -g3 -Werror -Og -fno-omit-frame-pointer -D__XEN_INTERFACE_VERSION__=__XEN_LATEST_INTERFACE_VERSION__ -MMD -MP -MF .xc_flask.o.d -D_LARGEFILE_SOURCE -D_LARGEFILE64_SOURCE -D_GNU_SOURCE  -D__XEN_TOOLS__ -pthread -include /build/xen/tools/libs/ctrl/../../../tools/config.h -Wmissing-prototypes -I/build/xen/tools/libs/ctrl/../../../tools/include  -I/build/xen/tools/libs/ctrl/../../../tools/include  -I/build/xen/tools/libs/ctrl/../../../tools/include  -I/build/xen/tools/libs/ctrl/../../../tools/include  -I/build/xen/tools/libs/ctrl/../../../tools/include  -I/build/xen/tools/libs/ctrl/../../../tools/include  -I/build/xen/tools/libs/ctrl/../../../tools/include  -c -o xc_flask.o xc_flask.c 
riscv64-linux-gnu-gcc  -DBUILD_ID -fno-strict-aliasing -std=gnu99 -Wall -Wstrict-prototypes -Wdeclaration-after-statement -Wno-unused-but-set-variable -Wno-unused-local-typedefs   -g3 -Werror -Og -fno-omit-frame-pointer -D__XEN_INTERFACE_VERSION__=__XEN_LATEST_INTERFACE_VERSION__ -MMD -MP -MF .xc_physdev.o.d -D_LARGEFILE_SOURCE -D_LARGEFILE64_SOURCE -D_GNU_SOURCE  -D__XEN_TOOLS__ -pthread -include /build/xen/tools/libs/ctrl/../../../tools/config.h -Wmissing-prototypes -I/build/xen/tools/libs/ctrl/../../../tools/include  -I/build/xen/tools/libs/ctrl/../../../tools/include  -I/build/xen/tools/libs/ctrl/../../../tools/include  -I/build/xen/tools/libs/ctrl/../../../tools/include  -I/build/xen/tools/libs/ctrl/../../../tools/include  -I/build/xen/tools/libs/ctrl/../../../tools/include  -I/build/xen/tools/libs/ctrl/../../../tools/include  -c -o xc_physdev.o xc_physdev.c 
riscv64-linux-gnu-gcc  -DBUILD_ID -fno-strict-aliasing -std=gnu99 -Wall -Wstrict-prototypes -Wdeclaration-after-statement -Wno-unused-but-set-variable -Wno-unused-local-typedefs   -g3 -Werror -Og -fno-omit-frame-pointer -D__XEN_INTERFACE_VERSION__=__XEN_LATEST_INTERFACE_VERSION__ -MMD -MP -MF .xc_private.o.d -D_LARGEFILE_SOURCE -D_LARGEFILE64_SOURCE -D_GNU_SOURCE  -D__XEN_TOOLS__ -pthread -include /build/xen/tools/libs/ctrl/../../../tools/config.h -Wmissing-prototypes -I/build/xen/tools/libs/ctrl/../../../tools/include  -I/build/xen/tools/libs/ctrl/../../../tools/include  -I/build/xen/tools/libs/ctrl/../../../tools/include  -I/build/xen/tools/libs/ctrl/../../../tools/include  -I/build/xen/tools/libs/ctrl/../../../tools/include  -I/build/xen/tools/libs/ctrl/../../../tools/include  -I/build/xen/tools/libs/ctrl/../../../tools/include  -c -o xc_private.o xc_private.c 
riscv64-linux-gnu-gcc  -DBUILD_ID -fno-strict-aliasing -std=gnu99 -Wall -Wstrict-prototypes -Wdeclaration-after-statement -Wno-unused-but-set-variable -Wno-unused-local-typedefs   -g3 -Werror -Og -fno-omit-frame-pointer -D__XEN_INTERFACE_VERSION__=__XEN_LATEST_INTERFACE_VERSION__ -MMD -MP -MF .xc_csched.o.d -D_LARGEFILE_SOURCE -D_LARGEFILE64_SOURCE -D_GNU_SOURCE  -D__XEN_TOOLS__ -pthread -include /build/xen/tools/libs/ctrl/../../../tools/config.h -Wmissing-prototypes -I/build/xen/tools/libs/ctrl/../../../tools/include  -I/build/xen/tools/libs/ctrl/../../../tools/include  -I/build/xen/tools/libs/ctrl/../../../tools/include  -I/build/xen/tools/libs/ctrl/../../../tools/include  -I/build/xen/tools/libs/ctrl/../../../tools/include  -I/build/xen/tools/libs/ctrl/../../../tools/include  -I/build/xen/tools/libs/ctrl/../../../tools/include  -c -o xc_csched.o xc_csched.c 
riscv64-linux-gnu-gcc  -DBUILD_ID -fno-strict-aliasing -std=gnu99 -Wall -Wstrict-prototypes -Wdeclaration-after-statement -Wno-unused-but-set-variable -Wno-unused-local-typedefs   -g3 -Werror -Og -fno-omit-frame-pointer -D__XEN_INTERFACE_VERSION__=__XEN_LATEST_INTERFACE_VERSION__ -MMD -MP -MF .xc_csched2.o.d -D_LARGEFILE_SOURCE -D_LARGEFILE64_SOURCE -D_GNU_SOURCE  -D__XEN_TOOLS__ -pthread -include /build/xen/tools/libs/ctrl/../../../tools/config.h -Wmissing-prototypes -I/build/xen/tools/libs/ctrl/../../../tools/include  -I/build/xen/tools/libs/ctrl/../../../tools/include  -I/build/xen/tools/libs/ctrl/../../../tools/include  -I/build/xen/tools/libs/ctrl/../../../tools/include  -I/build/xen/tools/libs/ctrl/../../../tools/include  -I/build/xen/tools/libs/ctrl/../../../tools/include  -I/build/xen/tools/libs/ctrl/../../../tools/include  -c -o xc_csched2.o xc_csched2.c 
riscv64-linux-gnu-gcc  -DBUILD_ID -fno-strict-aliasing -std=gnu99 -Wall -Wstrict-prototypes -Wdeclaration-after-statement -Wno-unused-but-set-variable -Wno-unused-local-typedefs   -g3 -Werror -Og -fno-omit-frame-pointer -D__XEN_INTERFACE_VERSION__=__XEN_LATEST_INTERFACE_VERSION__ -MMD -MP -MF .xc_arinc653.o.d -D_LARGEFILE_SOURCE -D_LARGEFILE64_SOURCE -D_GNU_SOURCE  -D__XEN_TOOLS__ -pthread -include /build/xen/tools/libs/ctrl/../../../tools/config.h -Wmissing-prototypes -I/build/xen/tools/libs/ctrl/../../../tools/include  -I/build/xen/tools/libs/ctrl/../../../tools/include  -I/build/xen/tools/libs/ctrl/../../../tools/include  -I/build/xen/tools/libs/ctrl/../../../tools/include  -I/build/xen/tools/libs/ctrl/../../../tools/include  -I/build/xen/tools/libs/ctrl/../../../tools/include  -I/build/xen/tools/libs/ctrl/../../../tools/include  -c -o xc_arinc653.o xc_arinc653.c 
riscv64-linux-gnu-gcc  -DBUILD_ID -fno-strict-aliasing -std=gnu99 -Wall -Wstrict-prototypes -Wdeclaration-after-statement -Wno-unused-but-set-variable -Wno-unused-local-typedefs   -g3 -Werror -Og -fno-omit-frame-pointer -D__XEN_INTERFACE_VERSION__=__XEN_LATEST_INTERFACE_VERSION__ -MMD -MP -MF .xc_rt.o.d -D_LARGEFILE_SOURCE -D_LARGEFILE64_SOURCE -D_GNU_SOURCE  -D__XEN_TOOLS__ -pthread -include /build/xen/tools/libs/ctrl/../../../tools/config.h -Wmissing-prototypes -I/build/xen/tools/libs/ctrl/../../../tools/include  -I/build/xen/tools/libs/ctrl/../../../tools/include  -I/build/xen/tools/libs/ctrl/../../../tools/include  -I/build/xen/tools/libs/ctrl/../../../tools/include  -I/build/xen/tools/libs/ctrl/../../../tools/include  -I/build/xen/tools/libs/ctrl/../../../tools/include  -I/build/xen/tools/libs/ctrl/../../../tools/include  -c -o xc_rt.o xc_rt.c 
riscv64-linux-gnu-gcc  -DBUILD_ID -fno-strict-aliasing -std=gnu99 -Wall -Wstrict-prototypes -Wdeclaration-after-statement -Wno-unused-but-set-variable -Wno-unused-local-typedefs   -g3 -Werror -Og -fno-omit-frame-pointer -D__XEN_INTERFACE_VERSION__=__XEN_LATEST_INTERFACE_VERSION__ -MMD -MP -MF .xc_tbuf.o.d -D_LARGEFILE_SOURCE -D_LARGEFILE64_SOURCE -D_GNU_SOURCE  -D__XEN_TOOLS__ -pthread -include /build/xen/tools/libs/ctrl/../../../tools/config.h -Wmissing-prototypes -I/build/xen/tools/libs/ctrl/../../../tools/include  -I/build/xen/tools/libs/ctrl/../../../tools/include  -I/build/xen/tools/libs/ctrl/../../../tools/include  -I/build/xen/tools/libs/ctrl/../../../tools/include  -I/build/xen/tools/libs/ctrl/../../../tools/include  -I/build/xen/tools/libs/ctrl/../../../tools/include  -I/build/xen/tools/libs/ctrl/../../../tools/include  -c -o xc_tbuf.o xc_tbuf.c 
riscv64-linux-gnu-gcc  -DBUILD_ID -fno-strict-aliasing -std=gnu99 -Wall -Wstrict-prototypes -Wdeclaration-after-statement -Wno-unused-but-set-variable -Wno-unused-local-typedefs   -g3 -Werror -Og -fno-omit-frame-pointer -D__XEN_INTERFACE_VERSION__=__XEN_LATEST_INTERFACE_VERSION__ -MMD -MP -MF .xc_pm.o.d -D_LARGEFILE_SOURCE -D_LARGEFILE64_SOURCE -D_GNU_SOURCE  -D__XEN_TOOLS__ -pthread -include /build/xen/tools/libs/ctrl/../../../tools/config.h -Wmissing-prototypes -I/build/xen/tools/libs/ctrl/../../../tools/include  -I/build/xen/tools/libs/ctrl/../../../tools/include  -I/build/xen/tools/libs/ctrl/../../../tools/include  -I/build/xen/tools/libs/ctrl/../../../tools/include  -I/build/xen/tools/libs/ctrl/../../../tools/include  -I/build/xen/tools/libs/ctrl/../../../tools/include  -I/build/xen/tools/libs/ctrl/../../../tools/include  -c -o xc_pm.o xc_pm.c 
riscv64-linux-gnu-gcc  -DBUILD_ID -fno-strict-aliasing -std=gnu99 -Wall -Wstrict-prototypes -Wdeclaration-after-statement -Wno-unused-but-set-variable -Wno-unused-local-typedefs   -g3 -Werror -Og -fno-omit-frame-pointer -D__XEN_INTERFACE_VERSION__=__XEN_LATEST_INTERFACE_VERSION__ -MMD -MP -MF .xc_cpu_hotplug.o.d -D_LARGEFILE_SOURCE -D_LARGEFILE64_SOURCE -D_GNU_SOURCE  -D__XEN_TOOLS__ -pthread -include /build/xen/tools/libs/ctrl/../../../tools/config.h -Wmissing-prototypes -I/build/xen/tools/libs/ctrl/../../../tools/include  -I/build/xen/tools/libs/ctrl/../../../tools/include  -I/build/xen/tools/libs/ctrl/../../../tools/include  -I/build/xen/tools/libs/ctrl/../../../tools/include  -I/build/xen/tools/libs/ctrl/../../../tools/include  -I/build/xen/tools/libs/ctrl/../../../tools/include  -I/build/xen/tools/libs/ctrl/../../../tools/include  -c -o xc_cpu_hotplug.o xc_cpu_hotplug.c 
riscv64-linux-gnu-gcc  -DBUILD_ID -fno-strict-aliasing -std=gnu99 -Wall -Wstrict-prototypes -Wdeclaration-after-statement -Wno-unused-but-set-variable -Wno-unused-local-typedefs   -g3 -Werror -Og -fno-omit-frame-pointer -D__XEN_INTERFACE_VERSION__=__XEN_LATEST_INTERFACE_VERSION__ -MMD -MP -MF .xc_vm_event.o.d -D_LARGEFILE_SOURCE -D_LARGEFILE64_SOURCE -D_GNU_SOURCE  -D__XEN_TOOLS__ -pthread -include /build/xen/tools/libs/ctrl/../../../tools/config.h -Wmissing-prototypes -I/build/xen/tools/libs/ctrl/../../../tools/include  -I/build/xen/tools/libs/ctrl/../../../tools/include  -I/build/xen/tools/libs/ctrl/../../../tools/include  -I/build/xen/tools/libs/ctrl/../../../tools/include  -I/build/xen/tools/libs/ctrl/../../../tools/include  -I/build/xen/tools/libs/ctrl/../../../tools/include  -I/build/xen/tools/libs/ctrl/../../../tools/include  -c -o xc_vm_event.o xc_vm_event.c 
riscv64-linux-gnu-gcc  -DBUILD_ID -fno-strict-aliasing -std=gnu99 -Wall -Wstrict-prototypes -Wdeclaration-after-statement -Wno-unused-but-set-variable -Wno-unused-local-typedefs   -g3 -Werror -Og -fno-omit-frame-pointer -D__XEN_INTERFACE_VERSION__=__XEN_LATEST_INTERFACE_VERSION__ -MMD -MP -MF .xc_vmtrace.o.d -D_LARGEFILE_SOURCE -D_LARGEFILE64_SOURCE -D_GNU_SOURCE  -D__XEN_TOOLS__ -pthread -include /build/xen/tools/libs/ctrl/../../../tools/config.h -Wmissing-prototypes -I/build/xen/tools/libs/ctrl/../../../tools/include  -I/build/xen/tools/libs/ctrl/../../../tools/include  -I/build/xen/tools/libs/ctrl/../../../tools/include  -I/build/xen/tools/libs/ctrl/../../../tools/include  -I/build/xen/tools/libs/ctrl/../../../tools/include  -I/build/xen/tools/libs/ctrl/../../../tools/include  -I/build/xen/tools/libs/ctrl/../../../tools/include  -c -o xc_vmtrace.o xc_vmtrace.c 
riscv64-linux-gnu-gcc  -DBUILD_ID -fno-strict-aliasing -std=gnu99 -Wall -Wstrict-prototypes -Wdeclaration-after-statement -Wno-unused-but-set-variable -Wno-unused-local-typedefs   -g3 -Werror -Og -fno-omit-frame-pointer -D__XEN_INTERFACE_VERSION__=__XEN_LATEST_INTERFACE_VERSION__ -MMD -MP -MF .xc_monitor.o.d -D_LARGEFILE_SOURCE -D_LARGEFILE64_SOURCE -D_GNU_SOURCE  -D__XEN_TOOLS__ -pthread -include /build/xen/tools/libs/ctrl/../../../tools/config.h -Wmissing-prototypes -I/build/xen/tools/libs/ctrl/../../../tools/include  -I/build/xen/tools/libs/ctrl/../../../tools/include  -I/build/xen/tools/libs/ctrl/../../../tools/include  -I/build/xen/tools/libs/ctrl/../../../tools/include  -I/build/xen/tools/libs/ctrl/../../../tools/include  -I/build/xen/tools/libs/ctrl/../../../tools/include  -I/build/xen/tools/libs/ctrl/../../../tools/include  -c -o xc_monitor.o xc_monitor.c 
riscv64-linux-gnu-gcc  -DBUILD_ID -fno-strict-aliasing -std=gnu99 -Wall -Wstrict-prototypes -Wdeclaration-after-statement -Wno-unused-but-set-variable -Wno-unused-local-typedefs   -g3 -Werror -Og -fno-omit-frame-pointer -D__XEN_INTERFACE_VERSION__=__XEN_LATEST_INTERFACE_VERSION__ -MMD -MP -MF .xc_mem_paging.o.d -D_LARGEFILE_SOURCE -D_LARGEFILE64_SOURCE -D_GNU_SOURCE  -D__XEN_TOOLS__ -pthread -include /build/xen/tools/libs/ctrl/../../../tools/config.h -Wmissing-prototypes -I/build/xen/tools/libs/ctrl/../../../tools/include  -I/build/xen/tools/libs/ctrl/../../../tools/include  -I/build/xen/tools/libs/ctrl/../../../tools/include  -I/build/xen/tools/libs/ctrl/../../../tools/include  -I/build/xen/tools/libs/ctrl/../../../tools/include  -I/build/xen/tools/libs/ctrl/../../../tools/include  -I/build/xen/tools/libs/ctrl/../../../tools/include  -c -o xc_mem_paging.o xc_mem_paging.c 
riscv64-linux-gnu-gcc  -DBUILD_ID -fno-strict-aliasing -std=gnu99 -Wall -Wstrict-prototypes -Wdeclaration-after-statement -Wno-unused-but-set-variable -Wno-unused-local-typedefs   -g3 -Werror -Og -fno-omit-frame-pointer -D__XEN_INTERFACE_VERSION__=__XEN_LATEST_INTERFACE_VERSION__ -MMD -MP -MF .xc_mem_access.o.d -D_LARGEFILE_SOURCE -D_LARGEFILE64_SOURCE -D_GNU_SOURCE  -D__XEN_TOOLS__ -pthread -include /build/xen/tools/libs/ctrl/../../../tools/config.h -Wmissing-prototypes -I/build/xen/tools/libs/ctrl/../../../tools/include  -I/build/xen/tools/libs/ctrl/../../../tools/include  -I/build/xen/tools/libs/ctrl/../../../tools/include  -I/build/xen/tools/libs/ctrl/../../../tools/include  -I/build/xen/tools/libs/ctrl/../../../tools/include  -I/build/xen/tools/libs/ctrl/../../../tools/include  -I/build/xen/tools/libs/ctrl/../../../tools/include  -c -o xc_mem_access.o xc_mem_access.c 
riscv64-linux-gnu-gcc  -DBUILD_ID -fno-strict-aliasing -std=gnu99 -Wall -Wstrict-prototypes -Wdeclaration-after-statement -Wno-unused-but-set-variable -Wno-unused-local-typedefs   -g3 -Werror -Og -fno-omit-frame-pointer -D__XEN_INTERFACE_VERSION__=__XEN_LATEST_INTERFACE_VERSION__ -MMD -MP -MF .xc_memshr.o.d -D_LARGEFILE_SOURCE -D_LARGEFILE64_SOURCE -D_GNU_SOURCE  -D__XEN_TOOLS__ -pthread -include /build/xen/tools/libs/ctrl/../../../tools/config.h -Wmissing-prototypes -I/build/xen/tools/libs/ctrl/../../../tools/include  -I/build/xen/tools/libs/ctrl/../../../tools/include  -I/build/xen/tools/libs/ctrl/../../../tools/include  -I/build/xen/tools/libs/ctrl/../../../tools/include  -I/build/xen/tools/libs/ctrl/../../../tools/include  -I/build/xen/tools/libs/ctrl/../../../tools/include  -I/build/xen/tools/libs/ctrl/../../../tools/include  -c -o xc_memshr.o xc_memshr.c 
riscv64-linux-gnu-gcc  -DBUILD_ID -fno-strict-aliasing -std=gnu99 -Wall -Wstrict-prototypes -Wdeclaration-after-statement -Wno-unused-but-set-variable -Wno-unused-local-typedefs   -g3 -Werror -Og -fno-omit-frame-pointer -D__XEN_INTERFACE_VERSION__=__XEN_LATEST_INTERFACE_VERSION__ -MMD -MP -MF .xc_hcall_buf.o.d -D_LARGEFILE_SOURCE -D_LARGEFILE64_SOURCE -D_GNU_SOURCE  -D__XEN_TOOLS__ -pthread -include /build/xen/tools/libs/ctrl/../../../tools/config.h -Wmissing-prototypes -I/build/xen/tools/libs/ctrl/../../../tools/include  -I/build/xen/tools/libs/ctrl/../../../tools/include  -I/build/xen/tools/libs/ctrl/../../../tools/include  -I/build/xen/tools/libs/ctrl/../../../tools/include  -I/build/xen/tools/libs/ctrl/../../../tools/include  -I/build/xen/tools/libs/ctrl/../../../tools/include  -I/build/xen/tools/libs/ctrl/../../../tools/include  -c -o xc_hcall_buf.o xc_hcall_buf.c 
riscv64-linux-gnu-gcc  -DBUILD_ID -fno-strict-aliasing -std=gnu99 -Wall -Wstrict-prototypes -Wdeclaration-after-statement -Wno-unused-but-set-variable -Wno-unused-local-typedefs   -g3 -Werror -Og -fno-omit-frame-pointer -D__XEN_INTERFACE_VERSION__=__XEN_LATEST_INTERFACE_VERSION__ -MMD -MP -MF .xc_foreign_memory.o.d -D_LARGEFILE_SOURCE -D_LARGEFILE64_SOURCE -D_GNU_SOURCE  -D__XEN_TOOLS__ -pthread -include /build/xen/tools/libs/ctrl/../../../tools/config.h -Wmissing-prototypes -I/build/xen/tools/libs/ctrl/../../../tools/include  -I/build/xen/tools/libs/ctrl/../../../tools/include  -I/build/xen/tools/libs/ctrl/../../../tools/include  -I/build/xen/tools/libs/ctrl/../../../tools/include  -I/build/xen/tools/libs/ctrl/../../../tools/include  -I/build/xen/tools/libs/ctrl/../../../tools/include  -I/build/xen/tools/libs/ctrl/../../../tools/include  -c -o xc_foreign_memory.o xc_foreign_memory.c 
riscv64-linux-gnu-gcc  -DBUILD_ID -fno-strict-aliasing -std=gnu99 -Wall -Wstrict-prototypes -Wdeclaration-after-statement -Wno-unused-but-set-variable -Wno-unused-local-typedefs   -g3 -Werror -Og -fno-omit-frame-pointer -D__XEN_INTERFACE_VERSION__=__XEN_LATEST_INTERFACE_VERSION__ -MMD -MP -MF .xc_kexec.o.d -D_LARGEFILE_SOURCE -D_LARGEFILE64_SOURCE -D_GNU_SOURCE  -D__XEN_TOOLS__ -pthread -include /build/xen/tools/libs/ctrl/../../../tools/config.h -Wmissing-prototypes -I/build/xen/tools/libs/ctrl/../../../tools/include  -I/build/xen/tools/libs/ctrl/../../../tools/include  -I/build/xen/tools/libs/ctrl/../../../tools/include  -I/build/xen/tools/libs/ctrl/../../../tools/include  -I/build/xen/tools/libs/ctrl/../../../tools/include  -I/build/xen/tools/libs/ctrl/../../../tools/include  -I/build/xen/tools/libs/ctrl/../../../tools/include  -c -o xc_kexec.o xc_kexec.c 
riscv64-linux-gnu-gcc  -DBUILD_ID -fno-strict-aliasing -std=gnu99 -Wall -Wstrict-prototypes -Wdeclaration-after-statement -Wno-unused-but-set-variable -Wno-unused-local-typedefs   -g3 -Werror -Og -fno-omit-frame-pointer -D__XEN_INTERFACE_VERSION__=__XEN_LATEST_INTERFACE_VERSION__ -MMD -MP -MF .xc_resource.o.d -D_LARGEFILE_SOURCE -D_LARGEFILE64_SOURCE -D_GNU_SOURCE  -D__XEN_TOOLS__ -pthread -include /build/xen/tools/libs/ctrl/../../../tools/config.h -Wmissing-prototypes -I/build/xen/tools/libs/ctrl/../../../tools/include  -I/build/xen/tools/libs/ctrl/../../../tools/include  -I/build/xen/tools/libs/ctrl/../../../tools/include  -I/build/xen/tools/libs/ctrl/../../../tools/include  -I/build/xen/tools/libs/ctrl/../../../tools/include  -I/build/xen/tools/libs/ctrl/../../../tools/include  -I/build/xen/tools/libs/ctrl/../../../tools/include  -c -o xc_resource.o xc_resource.c 
riscv64-linux-gnu-gcc  -DBUILD_ID -fno-strict-aliasing -std=gnu99 -Wall -Wstrict-prototypes -Wdeclaration-after-statement -Wno-unused-but-set-variable -Wno-unused-local-typedefs   -g3 -Werror -Og -fno-omit-frame-pointer -D__XEN_INTERFACE_VERSION__=__XEN_LATEST_INTERFACE_VERSION__ -MMD -MP -MF .no_xc_pagetab.o.d -D_LARGEFILE_SOURCE -D_LARGEFILE64_SOURCE -D_GNU_SOURCE  -D__XEN_TOOLS__ -pthread -include /build/xen/tools/libs/ctrl/../../../tools/config.h -Wmissing-prototypes -I/build/xen/tools/libs/ctrl/../../../tools/include  -I/build/xen/tools/libs/ctrl/../../../tools/include  -I/build/xen/tools/libs/ctrl/../../../tools/include  -I/build/xen/tools/libs/ctrl/../../../tools/include  -I/build/xen/tools/libs/ctrl/../../../tools/include  -I/build/xen/tools/libs/ctrl/../../../tools/include  -I/build/xen/tools/libs/ctrl/../../../tools/include  -c -o no_xc_pagetab.o no_xc_pagetab.c 
riscv64-linux-gnu-gcc  -DBUILD_ID -fno-strict-aliasing -std=gnu99 -Wall -Wstrict-prototypes -Wdeclaration-after-statement -Wno-unused-but-set-variable -Wno-unused-local-typedefs   -g3 -Werror -Og -fno-omit-frame-pointer -D__XEN_INTERFACE_VERSION__=__XEN_LATEST_INTERFACE_VERSION__ -MMD -MP -MF .xc_linux.o.d -D_LARGEFILE_SOURCE -D_LARGEFILE64_SOURCE -D_GNU_SOURCE  -D__XEN_TOOLS__ -pthread -include /build/xen/tools/libs/ctrl/../../../tools/config.h -Wmissing-prototypes -I/build/xen/tools/libs/ctrl/../../../tools/include  -I/build/xen/tools/libs/ctrl/../../../tools/include  -I/build/xen/tools/libs/ctrl/../../../tools/include  -I/build/xen/tools/libs/ctrl/../../../tools/include  -I/build/xen/tools/libs/ctrl/../../../tools/include  -I/build/xen/tools/libs/ctrl/../../../tools/include  -I/build/xen/tools/libs/ctrl/../../../tools/include  -c -o xc_linux.o xc_linux.c 
riscv64-linux-gnu-gcc  -DBUILD_ID -fno-strict-aliasing -std=gnu99 -Wall -Wstrict-prototypes -Wdeclaration-after-statement -Wno-unused-but-set-variable -Wno-unused-local-typedefs   -g3 -Werror -Og -fno-omit-frame-pointer -D__XEN_INTERFACE_VERSION__=__XEN_LATEST_INTERFACE_VERSION__ -MMD -MP -MF .xc_evtchn_compat.o.d -D_LARGEFILE_SOURCE -D_LARGEFILE64_SOURCE -D_GNU_SOURCE  -D__XEN_TOOLS__ -pthread -include /build/xen/tools/libs/ctrl/../../../tools/config.h -Wmissing-prototypes -I/build/xen/tools/libs/ctrl/../../../tools/include  -I/build/xen/tools/libs/ctrl/../../../tools/include  -I/build/xen/tools/libs/ctrl/../../../tools/include  -I/build/xen/tools/libs/ctrl/../../../tools/include  -I/build/xen/tools/libs/ctrl/../../../tools/include  -I/build/xen/tools/libs/ctrl/../../../tools/include  -I/build/xen/tools/libs/ctrl/../../../tools/include  -c -o xc_evtchn_compat.o xc_evtchn_compat.c 
riscv64-linux-gnu-gcc  -DBUILD_ID -fno-strict-aliasing -std=gnu99 -Wall -Wstrict-prototypes -Wdeclaration-after-statement -Wno-unused-but-set-variable -Wno-unused-local-typedefs   -g3 -Werror -Og -fno-omit-frame-pointer -D__XEN_INTERFACE_VERSION__=__XEN_LATEST_INTERFACE_VERSION__ -MMD -MP -MF .xc_gnttab_compat.o.d -D_LARGEFILE_SOURCE -D_LARGEFILE64_SOURCE -D_GNU_SOURCE  -D__XEN_TOOLS__ -pthread -include /build/xen/tools/libs/ctrl/../../../tools/config.h -Wmissing-prototypes -I/build/xen/tools/libs/ctrl/../../../tools/include  -I/build/xen/tools/libs/ctrl/../../../tools/include  -I/build/xen/tools/libs/ctrl/../../../tools/include  -I/build/xen/tools/libs/ctrl/../../../tools/include  -I/build/xen/tools/libs/ctrl/../../../tools/include  -I/build/xen/tools/libs/ctrl/../../../tools/include  -I/build/xen/tools/libs/ctrl/../../../tools/include  -c -o xc_gnttab_compat.o xc_gnttab_compat.c 
riscv64-linux-gnu-gcc  -DBUILD_ID -fno-strict-aliasing -std=gnu99 -Wall -Wstrict-prototypes -Wdeclaration-after-statement -Wno-unused-but-set-variable -Wno-unused-local-typedefs   -g3 -Werror -Og -fno-omit-frame-pointer -D__XEN_INTERFACE_VERSION__=__XEN_LATEST_INTERFACE_VERSION__ -MMD -MP -MF .xc_devicemodel_compat.o.d -D_LARGEFILE_SOURCE -D_LARGEFILE64_SOURCE -D_GNU_SOURCE  -D__XEN_TOOLS__ -pthread -include /build/xen/tools/libs/ctrl/../../../tools/config.h -Wmissing-prototypes -I/build/xen/tools/libs/ctrl/../../../tools/include  -I/build/xen/tools/libs/ctrl/../../../tools/include  -I/build/xen/tools/libs/ctrl/../../../tools/include  -I/build/xen/tools/libs/ctrl/../../../tools/include  -I/build/xen/tools/libs/ctrl/../../../tools/include  -I/build/xen/tools/libs/ctrl/../../../tools/include  -I/build/xen/tools/libs/ctrl/../../../tools/include  -c -o xc_devicemodel_compat.o xc_devicemodel_compat.c 
riscv64-linux-gnu-gcc  -DPIC -DBUILD_ID -fno-strict-aliasing -std=gnu99 -Wall -Wstrict-prototypes -Wdeclaration-after-statement -Wno-unused-but-set-variable -Wno-unused-local-typedefs   -g3 -Werror -Og -fno-omit-frame-pointer -D__XEN_INTERFACE_VERSION__=__XEN_LATEST_INTERFACE_VERSION__ -MMD -MP -MF .xc_altp2m.opic.d -D_LARGEFILE_SOURCE -D_LARGEFILE64_SOURCE -D_GNU_SOURCE  -D__XEN_TOOLS__ -pthread -include /build/xen/tools/libs/ctrl/../../../tools/config.h -Wmissing-prototypes -I/build/xen/tools/libs/ctrl/../../../tools/include  -I/build/xen/tools/libs/ctrl/../../../tools/include  -I/build/xen/tools/libs/ctrl/../../../tools/include  -I/build/xen/tools/libs/ctrl/../../../tools/include  -I/build/xen/tools/libs/ctrl/../../../tools/include  -I/build/xen/tools/libs/ctrl/../../../tools/include  -I/build/xen/tools/libs/ctrl/../../../tools/include  -fPIC -c -o xc_altp2m.opic xc_altp2m.c 
riscv64-linux-gnu-gcc  -DPIC -DBUILD_ID -fno-strict-aliasing -std=gnu99 -Wall -Wstrict-prototypes -Wdeclaration-after-statement -Wno-unused-but-set-variable -Wno-unused-local-typedefs   -g3 -Werror -Og -fno-omit-frame-pointer -D__XEN_INTERFACE_VERSION__=__XEN_LATEST_INTERFACE_VERSION__ -MMD -MP -MF .xc_cpupool.opic.d -D_LARGEFILE_SOURCE -D_LARGEFILE64_SOURCE -D_GNU_SOURCE  -D__XEN_TOOLS__ -pthread -include /build/xen/tools/libs/ctrl/../../../tools/config.h -Wmissing-prototypes -I/build/xen/tools/libs/ctrl/../../../tools/include  -I/build/xen/tools/libs/ctrl/../../../tools/include  -I/build/xen/tools/libs/ctrl/../../../tools/include  -I/build/xen/tools/libs/ctrl/../../../tools/include  -I/build/xen/tools/libs/ctrl/../../../tools/include  -I/build/xen/tools/libs/ctrl/../../../tools/include  -I/build/xen/tools/libs/ctrl/../../../tools/include  -fPIC -c -o xc_cpupool.opic xc_cpupool.c 
riscv64-linux-gnu-gcc  -DPIC -DBUILD_ID -fno-strict-aliasing -std=gnu99 -Wall -Wstrict-prototypes -Wdeclaration-after-statement -Wno-unused-but-set-variable -Wno-unused-local-typedefs   -g3 -Werror -Og -fno-omit-frame-pointer -D__XEN_INTERFACE_VERSION__=__XEN_LATEST_INTERFACE_VERSION__ -MMD -MP -MF .xc_domain.opic.d -D_LARGEFILE_SOURCE -D_LARGEFILE64_SOURCE -D_GNU_SOURCE  -D__XEN_TOOLS__ -pthread -include /build/xen/tools/libs/ctrl/../../../tools/config.h -Wmissing-prototypes -I/build/xen/tools/libs/ctrl/../../../tools/include  -I/build/xen/tools/libs/ctrl/../../../tools/include  -I/build/xen/tools/libs/ctrl/../../../tools/include  -I/build/xen/tools/libs/ctrl/../../../tools/include  -I/build/xen/tools/libs/ctrl/../../../tools/include  -I/build/xen/tools/libs/ctrl/../../../tools/include  -I/build/xen/tools/libs/ctrl/../../../tools/include  -fPIC -c -o xc_domain.opic xc_domain.c 
riscv64-linux-gnu-gcc  -DPIC -DBUILD_ID -fno-strict-aliasing -std=gnu99 -Wall -Wstrict-prototypes -Wdeclaration-after-statement -Wno-unused-but-set-variable -Wno-unused-local-typedefs   -g3 -Werror -Og -fno-omit-frame-pointer -D__XEN_INTERFACE_VERSION__=__XEN_LATEST_INTERFACE_VERSION__ -MMD -MP -MF .xc_evtchn.opic.d -D_LARGEFILE_SOURCE -D_LARGEFILE64_SOURCE -D_GNU_SOURCE  -D__XEN_TOOLS__ -pthread -include /build/xen/tools/libs/ctrl/../../../tools/config.h -Wmissing-prototypes -I/build/xen/tools/libs/ctrl/../../../tools/include  -I/build/xen/tools/libs/ctrl/../../../tools/include  -I/build/xen/tools/libs/ctrl/../../../tools/include  -I/build/xen/tools/libs/ctrl/../../../tools/include  -I/build/xen/tools/libs/ctrl/../../../tools/include  -I/build/xen/tools/libs/ctrl/../../../tools/include  -I/build/xen/tools/libs/ctrl/../../../tools/include  -fPIC -c -o xc_evtchn.opic xc_evtchn.c 
riscv64-linux-gnu-gcc  -DPIC -DBUILD_ID -fno-strict-aliasing -std=gnu99 -Wall -Wstrict-prototypes -Wdeclaration-after-statement -Wno-unused-but-set-variable -Wno-unused-local-typedefs   -g3 -Werror -Og -fno-omit-frame-pointer -D__XEN_INTERFACE_VERSION__=__XEN_LATEST_INTERFACE_VERSION__ -MMD -MP -MF .xc_gnttab.opic.d -D_LARGEFILE_SOURCE -D_LARGEFILE64_SOURCE -D_GNU_SOURCE  -D__XEN_TOOLS__ -pthread -include /build/xen/tools/libs/ctrl/../../../tools/config.h -Wmissing-prototypes -I/build/xen/tools/libs/ctrl/../../../tools/include  -I/build/xen/tools/libs/ctrl/../../../tools/include  -I/build/xen/tools/libs/ctrl/../../../tools/include  -I/build/xen/tools/libs/ctrl/../../../tools/include  -I/build/xen/tools/libs/ctrl/../../../tools/include  -I/build/xen/tools/libs/ctrl/../../../tools/include  -I/build/xen/tools/libs/ctrl/../../../tools/include  -fPIC -c -o xc_gnttab.opic xc_gnttab.c 
riscv64-linux-gnu-gcc  -DPIC -DBUILD_ID -fno-strict-aliasing -std=gnu99 -Wall -Wstrict-prototypes -Wdeclaration-after-statement -Wno-unused-but-set-variable -Wno-unused-local-typedefs   -g3 -Werror -Og -fno-omit-frame-pointer -D__XEN_INTERFACE_VERSION__=__XEN_LATEST_INTERFACE_VERSION__ -MMD -MP -MF .xc_misc.opic.d -D_LARGEFILE_SOURCE -D_LARGEFILE64_SOURCE -D_GNU_SOURCE  -D__XEN_TOOLS__ -pthread -include /build/xen/tools/libs/ctrl/../../../tools/config.h -Wmissing-prototypes -I/build/xen/tools/libs/ctrl/../../../tools/include  -I/build/xen/tools/libs/ctrl/../../../tools/include  -I/build/xen/tools/libs/ctrl/../../../tools/include  -I/build/xen/tools/libs/ctrl/../../../tools/include  -I/build/xen/tools/libs/ctrl/../../../tools/include  -I/build/xen/tools/libs/ctrl/../../../tools/include  -I/build/xen/tools/libs/ctrl/../../../tools/include  -fPIC -c -o xc_misc.opic xc_misc.c 
riscv64-linux-gnu-gcc  -DPIC -DBUILD_ID -fno-strict-aliasing -std=gnu99 -Wall -Wstrict-prototypes -Wdeclaration-after-statement -Wno-unused-but-set-variable -Wno-unused-local-typedefs   -g3 -Werror -Og -fno-omit-frame-pointer -D__XEN_INTERFACE_VERSION__=__XEN_LATEST_INTERFACE_VERSION__ -MMD -MP -MF .xc_flask.opic.d -D_LARGEFILE_SOURCE -D_LARGEFILE64_SOURCE -D_GNU_SOURCE  -D__XEN_TOOLS__ -pthread -include /build/xen/tools/libs/ctrl/../../../tools/config.h -Wmissing-prototypes -I/build/xen/tools/libs/ctrl/../../../tools/include  -I/build/xen/tools/libs/ctrl/../../../tools/include  -I/build/xen/tools/libs/ctrl/../../../tools/include  -I/build/xen/tools/libs/ctrl/../../../tools/include  -I/build/xen/tools/libs/ctrl/../../../tools/include  -I/build/xen/tools/libs/ctrl/../../../tools/include  -I/build/xen/tools/libs/ctrl/../../../tools/include  -fPIC -c -o xc_flask.opic xc_flask.c 
riscv64-linux-gnu-gcc  -DPIC -DBUILD_ID -fno-strict-aliasing -std=gnu99 -Wall -Wstrict-prototypes -Wdeclaration-after-statement -Wno-unused-but-set-variable -Wno-unused-local-typedefs   -g3 -Werror -Og -fno-omit-frame-pointer -D__XEN_INTERFACE_VERSION__=__XEN_LATEST_INTERFACE_VERSION__ -MMD -MP -MF .xc_physdev.opic.d -D_LARGEFILE_SOURCE -D_LARGEFILE64_SOURCE -D_GNU_SOURCE  -D__XEN_TOOLS__ -pthread -include /build/xen/tools/libs/ctrl/../../../tools/config.h -Wmissing-prototypes -I/build/xen/tools/libs/ctrl/../../../tools/include  -I/build/xen/tools/libs/ctrl/../../../tools/include  -I/build/xen/tools/libs/ctrl/../../../tools/include  -I/build/xen/tools/libs/ctrl/../../../tools/include  -I/build/xen/tools/libs/ctrl/../../../tools/include  -I/build/xen/tools/libs/ctrl/../../../tools/include  -I/build/xen/tools/libs/ctrl/../../../tools/include  -fPIC -c -o xc_physdev.opic xc_physdev.c 
riscv64-linux-gnu-gcc  -DPIC -DBUILD_ID -fno-strict-aliasing -std=gnu99 -Wall -Wstrict-prototypes -Wdeclaration-after-statement -Wno-unused-but-set-variable -Wno-unused-local-typedefs   -g3 -Werror -Og -fno-omit-frame-pointer -D__XEN_INTERFACE_VERSION__=__XEN_LATEST_INTERFACE_VERSION__ -MMD -MP -MF .xc_private.opic.d -D_LARGEFILE_SOURCE -D_LARGEFILE64_SOURCE -D_GNU_SOURCE  -D__XEN_TOOLS__ -pthread -include /build/xen/tools/libs/ctrl/../../../tools/config.h -Wmissing-prototypes -I/build/xen/tools/libs/ctrl/../../../tools/include  -I/build/xen/tools/libs/ctrl/../../../tools/include  -I/build/xen/tools/libs/ctrl/../../../tools/include  -I/build/xen/tools/libs/ctrl/../../../tools/include  -I/build/xen/tools/libs/ctrl/../../../tools/include  -I/build/xen/tools/libs/ctrl/../../../tools/include  -I/build/xen/tools/libs/ctrl/../../../tools/include  -fPIC -c -o xc_private.opic xc_private.c 
riscv64-linux-gnu-gcc  -DPIC -DBUILD_ID -fno-strict-aliasing -std=gnu99 -Wall -Wstrict-prototypes -Wdeclaration-after-statement -Wno-unused-but-set-variable -Wno-unused-local-typedefs   -g3 -Werror -Og -fno-omit-frame-pointer -D__XEN_INTERFACE_VERSION__=__XEN_LATEST_INTERFACE_VERSION__ -MMD -MP -MF .xc_csched.opic.d -D_LARGEFILE_SOURCE -D_LARGEFILE64_SOURCE -D_GNU_SOURCE  -D__XEN_TOOLS__ -pthread -include /build/xen/tools/libs/ctrl/../../../tools/config.h -Wmissing-prototypes -I/build/xen/tools/libs/ctrl/../../../tools/include  -I/build/xen/tools/libs/ctrl/../../../tools/include  -I/build/xen/tools/libs/ctrl/../../../tools/include  -I/build/xen/tools/libs/ctrl/../../../tools/include  -I/build/xen/tools/libs/ctrl/../../../tools/include  -I/build/xen/tools/libs/ctrl/../../../tools/include  -I/build/xen/tools/libs/ctrl/../../../tools/include  -fPIC -c -o xc_csched.opic xc_csched.c 
riscv64-linux-gnu-gcc  -DPIC -DBUILD_ID -fno-strict-aliasing -std=gnu99 -Wall -Wstrict-prototypes -Wdeclaration-after-statement -Wno-unused-but-set-variable -Wno-unused-local-typedefs   -g3 -Werror -Og -fno-omit-frame-pointer -D__XEN_INTERFACE_VERSION__=__XEN_LATEST_INTERFACE_VERSION__ -MMD -MP -MF .xc_csched2.opic.d -D_LARGEFILE_SOURCE -D_LARGEFILE64_SOURCE -D_GNU_SOURCE  -D__XEN_TOOLS__ -pthread -include /build/xen/tools/libs/ctrl/../../../tools/config.h -Wmissing-prototypes -I/build/xen/tools/libs/ctrl/../../../tools/include  -I/build/xen/tools/libs/ctrl/../../../tools/include  -I/build/xen/tools/libs/ctrl/../../../tools/include  -I/build/xen/tools/libs/ctrl/../../../tools/include  -I/build/xen/tools/libs/ctrl/../../../tools/include  -I/build/xen/tools/libs/ctrl/../../../tools/include  -I/build/xen/tools/libs/ctrl/../../../tools/include  -fPIC -c -o xc_csched2.opic xc_csched2.c 
riscv64-linux-gnu-gcc  -DPIC -DBUILD_ID -fno-strict-aliasing -std=gnu99 -Wall -Wstrict-prototypes -Wdeclaration-after-statement -Wno-unused-but-set-variable -Wno-unused-local-typedefs   -g3 -Werror -Og -fno-omit-frame-pointer -D__XEN_INTERFACE_VERSION__=__XEN_LATEST_INTERFACE_VERSION__ -MMD -MP -MF .xc_arinc653.opic.d -D_LARGEFILE_SOURCE -D_LARGEFILE64_SOURCE -D_GNU_SOURCE  -D__XEN_TOOLS__ -pthread -include /build/xen/tools/libs/ctrl/../../../tools/config.h -Wmissing-prototypes -I/build/xen/tools/libs/ctrl/../../../tools/include  -I/build/xen/tools/libs/ctrl/../../../tools/include  -I/build/xen/tools/libs/ctrl/../../../tools/include  -I/build/xen/tools/libs/ctrl/../../../tools/include  -I/build/xen/tools/libs/ctrl/../../../tools/include  -I/build/xen/tools/libs/ctrl/../../../tools/include  -I/build/xen/tools/libs/ctrl/../../../tools/include  -fPIC -c -o xc_arinc653.opic xc_arinc653.c 
riscv64-linux-gnu-gcc  -DPIC -DBUILD_ID -fno-strict-aliasing -std=gnu99 -Wall -Wstrict-prototypes -Wdeclaration-after-statement -Wno-unused-but-set-variable -Wno-unused-local-typedefs   -g3 -Werror -Og -fno-omit-frame-pointer -D__XEN_INTERFACE_VERSION__=__XEN_LATEST_INTERFACE_VERSION__ -MMD -MP -MF .xc_rt.opic.d -D_LARGEFILE_SOURCE -D_LARGEFILE64_SOURCE -D_GNU_SOURCE  -D__XEN_TOOLS__ -pthread -include /build/xen/tools/libs/ctrl/../../../tools/config.h -Wmissing-prototypes -I/build/xen/tools/libs/ctrl/../../../tools/include  -I/build/xen/tools/libs/ctrl/../../../tools/include  -I/build/xen/tools/libs/ctrl/../../../tools/include  -I/build/xen/tools/libs/ctrl/../../../tools/include  -I/build/xen/tools/libs/ctrl/../../../tools/include  -I/build/xen/tools/libs/ctrl/../../../tools/include  -I/build/xen/tools/libs/ctrl/../../../tools/include  -fPIC -c -o xc_rt.opic xc_rt.c 
riscv64-linux-gnu-gcc  -DPIC -DBUILD_ID -fno-strict-aliasing -std=gnu99 -Wall -Wstrict-prototypes -Wdeclaration-after-statement -Wno-unused-but-set-variable -Wno-unused-local-typedefs   -g3 -Werror -Og -fno-omit-frame-pointer -D__XEN_INTERFACE_VERSION__=__XEN_LATEST_INTERFACE_VERSION__ -MMD -MP -MF .xc_tbuf.opic.d -D_LARGEFILE_SOURCE -D_LARGEFILE64_SOURCE -D_GNU_SOURCE  -D__XEN_TOOLS__ -pthread -include /build/xen/tools/libs/ctrl/../../../tools/config.h -Wmissing-prototypes -I/build/xen/tools/libs/ctrl/../../../tools/include  -I/build/xen/tools/libs/ctrl/../../../tools/include  -I/build/xen/tools/libs/ctrl/../../../tools/include  -I/build/xen/tools/libs/ctrl/../../../tools/include  -I/build/xen/tools/libs/ctrl/../../../tools/include  -I/build/xen/tools/libs/ctrl/../../../tools/include  -I/build/xen/tools/libs/ctrl/../../../tools/include  -fPIC -c -o xc_tbuf.opic xc_tbuf.c 
riscv64-linux-gnu-gcc  -DPIC -DBUILD_ID -fno-strict-aliasing -std=gnu99 -Wall -Wstrict-prototypes -Wdeclaration-after-statement -Wno-unused-but-set-variable -Wno-unused-local-typedefs   -g3 -Werror -Og -fno-omit-frame-pointer -D__XEN_INTERFACE_VERSION__=__XEN_LATEST_INTERFACE_VERSION__ -MMD -MP -MF .xc_pm.opic.d -D_LARGEFILE_SOURCE -D_LARGEFILE64_SOURCE -D_GNU_SOURCE  -D__XEN_TOOLS__ -pthread -include /build/xen/tools/libs/ctrl/../../../tools/config.h -Wmissing-prototypes -I/build/xen/tools/libs/ctrl/../../../tools/include  -I/build/xen/tools/libs/ctrl/../../../tools/include  -I/build/xen/tools/libs/ctrl/../../../tools/include  -I/build/xen/tools/libs/ctrl/../../../tools/include  -I/build/xen/tools/libs/ctrl/../../../tools/include  -I/build/xen/tools/libs/ctrl/../../../tools/include  -I/build/xen/tools/libs/ctrl/../../../tools/include  -fPIC -c -o xc_pm.opic xc_pm.c 
riscv64-linux-gnu-gcc  -DPIC -DBUILD_ID -fno-strict-aliasing -std=gnu99 -Wall -Wstrict-prototypes -Wdeclaration-after-statement -Wno-unused-but-set-variable -Wno-unused-local-typedefs   -g3 -Werror -Og -fno-omit-frame-pointer -D__XEN_INTERFACE_VERSION__=__XEN_LATEST_INTERFACE_VERSION__ -MMD -MP -MF .xc_cpu_hotplug.opic.d -D_LARGEFILE_SOURCE -D_LARGEFILE64_SOURCE -D_GNU_SOURCE  -D__XEN_TOOLS__ -pthread -include /build/xen/tools/libs/ctrl/../../../tools/config.h -Wmissing-prototypes -I/build/xen/tools/libs/ctrl/../../../tools/include  -I/build/xen/tools/libs/ctrl/../../../tools/include  -I/build/xen/tools/libs/ctrl/../../../tools/include  -I/build/xen/tools/libs/ctrl/../../../tools/include  -I/build/xen/tools/libs/ctrl/../../../tools/include  -I/build/xen/tools/libs/ctrl/../../../tools/include  -I/build/xen/tools/libs/ctrl/../../../tools/include  -fPIC -c -o xc_cpu_hotplug.opic xc_cpu_hotplug.c 
riscv64-linux-gnu-gcc  -DPIC -DBUILD_ID -fno-strict-aliasing -std=gnu99 -Wall -Wstrict-prototypes -Wdeclaration-after-statement -Wno-unused-but-set-variable -Wno-unused-local-typedefs   -g3 -Werror -Og -fno-omit-frame-pointer -D__XEN_INTERFACE_VERSION__=__XEN_LATEST_INTERFACE_VERSION__ -MMD -MP -MF .xc_vm_event.opic.d -D_LARGEFILE_SOURCE -D_LARGEFILE64_SOURCE -D_GNU_SOURCE  -D__XEN_TOOLS__ -pthread -include /build/xen/tools/libs/ctrl/../../../tools/config.h -Wmissing-prototypes -I/build/xen/tools/libs/ctrl/../../../tools/include  -I/build/xen/tools/libs/ctrl/../../../tools/include  -I/build/xen/tools/libs/ctrl/../../../tools/include  -I/build/xen/tools/libs/ctrl/../../../tools/include  -I/build/xen/tools/libs/ctrl/../../../tools/include  -I/build/xen/tools/libs/ctrl/../../../tools/include  -I/build/xen/tools/libs/ctrl/../../../tools/include  -fPIC -c -o xc_vm_event.opic xc_vm_event.c 
riscv64-linux-gnu-gcc  -DPIC -DBUILD_ID -fno-strict-aliasing -std=gnu99 -Wall -Wstrict-prototypes -Wdeclaration-after-statement -Wno-unused-but-set-variable -Wno-unused-local-typedefs   -g3 -Werror -Og -fno-omit-frame-pointer -D__XEN_INTERFACE_VERSION__=__XEN_LATEST_INTERFACE_VERSION__ -MMD -MP -MF .xc_vmtrace.opic.d -D_LARGEFILE_SOURCE -D_LARGEFILE64_SOURCE -D_GNU_SOURCE  -D__XEN_TOOLS__ -pthread -include /build/xen/tools/libs/ctrl/../../../tools/config.h -Wmissing-prototypes -I/build/xen/tools/libs/ctrl/../../../tools/include  -I/build/xen/tools/libs/ctrl/../../../tools/include  -I/build/xen/tools/libs/ctrl/../../../tools/include  -I/build/xen/tools/libs/ctrl/../../../tools/include  -I/build/xen/tools/libs/ctrl/../../../tools/include  -I/build/xen/tools/libs/ctrl/../../../tools/include  -I/build/xen/tools/libs/ctrl/../../../tools/include  -fPIC -c -o xc_vmtrace.opic xc_vmtrace.c 
riscv64-linux-gnu-gcc  -DPIC -DBUILD_ID -fno-strict-aliasing -std=gnu99 -Wall -Wstrict-prototypes -Wdeclaration-after-statement -Wno-unused-but-set-variable -Wno-unused-local-typedefs   -g3 -Werror -Og -fno-omit-frame-pointer -D__XEN_INTERFACE_VERSION__=__XEN_LATEST_INTERFACE_VERSION__ -MMD -MP -MF .xc_monitor.opic.d -D_LARGEFILE_SOURCE -D_LARGEFILE64_SOURCE -D_GNU_SOURCE  -D__XEN_TOOLS__ -pthread -include /build/xen/tools/libs/ctrl/../../../tools/config.h -Wmissing-prototypes -I/build/xen/tools/libs/ctrl/../../../tools/include  -I/build/xen/tools/libs/ctrl/../../../tools/include  -I/build/xen/tools/libs/ctrl/../../../tools/include  -I/build/xen/tools/libs/ctrl/../../../tools/include  -I/build/xen/tools/libs/ctrl/../../../tools/include  -I/build/xen/tools/libs/ctrl/../../../tools/include  -I/build/xen/tools/libs/ctrl/../../../tools/include  -fPIC -c -o xc_monitor.opic xc_monitor.c 
riscv64-linux-gnu-gcc  -DPIC -DBUILD_ID -fno-strict-aliasing -std=gnu99 -Wall -Wstrict-prototypes -Wdeclaration-after-statement -Wno-unused-but-set-variable -Wno-unused-local-typedefs   -g3 -Werror -Og -fno-omit-frame-pointer -D__XEN_INTERFACE_VERSION__=__XEN_LATEST_INTERFACE_VERSION__ -MMD -MP -MF .xc_mem_paging.opic.d -D_LARGEFILE_SOURCE -D_LARGEFILE64_SOURCE -D_GNU_SOURCE  -D__XEN_TOOLS__ -pthread -include /build/xen/tools/libs/ctrl/../../../tools/config.h -Wmissing-prototypes -I/build/xen/tools/libs/ctrl/../../../tools/include  -I/build/xen/tools/libs/ctrl/../../../tools/include  -I/build/xen/tools/libs/ctrl/../../../tools/include  -I/build/xen/tools/libs/ctrl/../../../tools/include  -I/build/xen/tools/libs/ctrl/../../../tools/include  -I/build/xen/tools/libs/ctrl/../../../tools/include  -I/build/xen/tools/libs/ctrl/../../../tools/include  -fPIC -c -o xc_mem_paging.opic xc_mem_paging.c 
riscv64-linux-gnu-gcc  -DPIC -DBUILD_ID -fno-strict-aliasing -std=gnu99 -Wall -Wstrict-prototypes -Wdeclaration-after-statement -Wno-unused-but-set-variable -Wno-unused-local-typedefs   -g3 -Werror -Og -fno-omit-frame-pointer -D__XEN_INTERFACE_VERSION__=__XEN_LATEST_INTERFACE_VERSION__ -MMD -MP -MF .xc_mem_access.opic.d -D_LARGEFILE_SOURCE -D_LARGEFILE64_SOURCE -D_GNU_SOURCE  -D__XEN_TOOLS__ -pthread -include /build/xen/tools/libs/ctrl/../../../tools/config.h -Wmissing-prototypes -I/build/xen/tools/libs/ctrl/../../../tools/include  -I/build/xen/tools/libs/ctrl/../../../tools/include  -I/build/xen/tools/libs/ctrl/../../../tools/include  -I/build/xen/tools/libs/ctrl/../../../tools/include  -I/build/xen/tools/libs/ctrl/../../../tools/include  -I/build/xen/tools/libs/ctrl/../../../tools/include  -I/build/xen/tools/libs/ctrl/../../../tools/include  -fPIC -c -o xc_mem_access.opic xc_mem_access.c 
riscv64-linux-gnu-gcc  -DPIC -DBUILD_ID -fno-strict-aliasing -std=gnu99 -Wall -Wstrict-prototypes -Wdeclaration-after-statement -Wno-unused-but-set-variable -Wno-unused-local-typedefs   -g3 -Werror -Og -fno-omit-frame-pointer -D__XEN_INTERFACE_VERSION__=__XEN_LATEST_INTERFACE_VERSION__ -MMD -MP -MF .xc_memshr.opic.d -D_LARGEFILE_SOURCE -D_LARGEFILE64_SOURCE -D_GNU_SOURCE  -D__XEN_TOOLS__ -pthread -include /build/xen/tools/libs/ctrl/../../../tools/config.h -Wmissing-prototypes -I/build/xen/tools/libs/ctrl/../../../tools/include  -I/build/xen/tools/libs/ctrl/../../../tools/include  -I/build/xen/tools/libs/ctrl/../../../tools/include  -I/build/xen/tools/libs/ctrl/../../../tools/include  -I/build/xen/tools/libs/ctrl/../../../tools/include  -I/build/xen/tools/libs/ctrl/../../../tools/include  -I/build/xen/tools/libs/ctrl/../../../tools/include  -fPIC -c -o xc_memshr.opic xc_memshr.c 
riscv64-linux-gnu-gcc  -DPIC -DBUILD_ID -fno-strict-aliasing -std=gnu99 -Wall -Wstrict-prototypes -Wdeclaration-after-statement -Wno-unused-but-set-variable -Wno-unused-local-typedefs   -g3 -Werror -Og -fno-omit-frame-pointer -D__XEN_INTERFACE_VERSION__=__XEN_LATEST_INTERFACE_VERSION__ -MMD -MP -MF .xc_hcall_buf.opic.d -D_LARGEFILE_SOURCE -D_LARGEFILE64_SOURCE -D_GNU_SOURCE  -D__XEN_TOOLS__ -pthread -include /build/xen/tools/libs/ctrl/../../../tools/config.h -Wmissing-prototypes -I/build/xen/tools/libs/ctrl/../../../tools/include  -I/build/xen/tools/libs/ctrl/../../../tools/include  -I/build/xen/tools/libs/ctrl/../../../tools/include  -I/build/xen/tools/libs/ctrl/../../../tools/include  -I/build/xen/tools/libs/ctrl/../../../tools/include  -I/build/xen/tools/libs/ctrl/../../../tools/include  -I/build/xen/tools/libs/ctrl/../../../tools/include  -fPIC -c -o xc_hcall_buf.opic xc_hcall_buf.c 
riscv64-linux-gnu-gcc  -DPIC -DBUILD_ID -fno-strict-aliasing -std=gnu99 -Wall -Wstrict-prototypes -Wdeclaration-after-statement -Wno-unused-but-set-variable -Wno-unused-local-typedefs   -g3 -Werror -Og -fno-omit-frame-pointer -D__XEN_INTERFACE_VERSION__=__XEN_LATEST_INTERFACE_VERSION__ -MMD -MP -MF .xc_foreign_memory.opic.d -D_LARGEFILE_SOURCE -D_LARGEFILE64_SOURCE -D_GNU_SOURCE  -D__XEN_TOOLS__ -pthread -include /build/xen/tools/libs/ctrl/../../../tools/config.h -Wmissing-prototypes -I/build/xen/tools/libs/ctrl/../../../tools/include  -I/build/xen/tools/libs/ctrl/../../../tools/include  -I/build/xen/tools/libs/ctrl/../../../tools/include  -I/build/xen/tools/libs/ctrl/../../../tools/include  -I/build/xen/tools/libs/ctrl/../../../tools/include  -I/build/xen/tools/libs/ctrl/../../../tools/include  -I/build/xen/tools/libs/ctrl/../../../tools/include  -fPIC -c -o xc_foreign_memory.opic xc_foreign_memory.c 
riscv64-linux-gnu-gcc  -DPIC -DBUILD_ID -fno-strict-aliasing -std=gnu99 -Wall -Wstrict-prototypes -Wdeclaration-after-statement -Wno-unused-but-set-variable -Wno-unused-local-typedefs   -g3 -Werror -Og -fno-omit-frame-pointer -D__XEN_INTERFACE_VERSION__=__XEN_LATEST_INTERFACE_VERSION__ -MMD -MP -MF .xc_kexec.opic.d -D_LARGEFILE_SOURCE -D_LARGEFILE64_SOURCE -D_GNU_SOURCE  -D__XEN_TOOLS__ -pthread -include /build/xen/tools/libs/ctrl/../../../tools/config.h -Wmissing-prototypes -I/build/xen/tools/libs/ctrl/../../../tools/include  -I/build/xen/tools/libs/ctrl/../../../tools/include  -I/build/xen/tools/libs/ctrl/../../../tools/include  -I/build/xen/tools/libs/ctrl/../../../tools/include  -I/build/xen/tools/libs/ctrl/../../../tools/include  -I/build/xen/tools/libs/ctrl/../../../tools/include  -I/build/xen/tools/libs/ctrl/../../../tools/include  -fPIC -c -o xc_kexec.opic xc_kexec.c 
riscv64-linux-gnu-gcc  -DPIC -DBUILD_ID -fno-strict-aliasing -std=gnu99 -Wall -Wstrict-prototypes -Wdeclaration-after-statement -Wno-unused-but-set-variable -Wno-unused-local-typedefs   -g3 -Werror -Og -fno-omit-frame-pointer -D__XEN_INTERFACE_VERSION__=__XEN_LATEST_INTERFACE_VERSION__ -MMD -MP -MF .xc_resource.opic.d -D_LARGEFILE_SOURCE -D_LARGEFILE64_SOURCE -D_GNU_SOURCE  -D__XEN_TOOLS__ -pthread -include /build/xen/tools/libs/ctrl/../../../tools/config.h -Wmissing-prototypes -I/build/xen/tools/libs/ctrl/../../../tools/include  -I/build/xen/tools/libs/ctrl/../../../tools/include  -I/build/xen/tools/libs/ctrl/../../../tools/include  -I/build/xen/tools/libs/ctrl/../../../tools/include  -I/build/xen/tools/libs/ctrl/../../../tools/include  -I/build/xen/tools/libs/ctrl/../../../tools/include  -I/build/xen/tools/libs/ctrl/../../../tools/include  -fPIC -c -o xc_resource.opic xc_resource.c 
riscv64-linux-gnu-gcc  -DPIC -DBUILD_ID -fno-strict-aliasing -std=gnu99 -Wall -Wstrict-prototypes -Wdeclaration-after-statement -Wno-unused-but-set-variable -Wno-unused-local-typedefs   -g3 -Werror -Og -fno-omit-frame-pointer -D__XEN_INTERFACE_VERSION__=__XEN_LATEST_INTERFACE_VERSION__ -MMD -MP -MF .no_xc_pagetab.opic.d -D_LARGEFILE_SOURCE -D_LARGEFILE64_SOURCE -D_GNU_SOURCE  -D__XEN_TOOLS__ -pthread -include /build/xen/tools/libs/ctrl/../../../tools/config.h -Wmissing-prototypes -I/build/xen/tools/libs/ctrl/../../../tools/include  -I/build/xen/tools/libs/ctrl/../../../tools/include  -I/build/xen/tools/libs/ctrl/../../../tools/include  -I/build/xen/tools/libs/ctrl/../../../tools/include  -I/build/xen/tools/libs/ctrl/../../../tools/include  -I/build/xen/tools/libs/ctrl/../../../tools/include  -I/build/xen/tools/libs/ctrl/../../../tools/include  -fPIC -c -o no_xc_pagetab.opic no_xc_pagetab.c 
riscv64-linux-gnu-gcc  -DPIC -DBUILD_ID -fno-strict-aliasing -std=gnu99 -Wall -Wstrict-prototypes -Wdeclaration-after-statement -Wno-unused-but-set-variable -Wno-unused-local-typedefs   -g3 -Werror -Og -fno-omit-frame-pointer -D__XEN_INTERFACE_VERSION__=__XEN_LATEST_INTERFACE_VERSION__ -MMD -MP -MF .xc_linux.opic.d -D_LARGEFILE_SOURCE -D_LARGEFILE64_SOURCE -D_GNU_SOURCE  -D__XEN_TOOLS__ -pthread -include /build/xen/tools/libs/ctrl/../../../tools/config.h -Wmissing-prototypes -I/build/xen/tools/libs/ctrl/../../../tools/include  -I/build/xen/tools/libs/ctrl/../../../tools/include  -I/build/xen/tools/libs/ctrl/../../../tools/include  -I/build/xen/tools/libs/ctrl/../../../tools/include  -I/build/xen/tools/libs/ctrl/../../../tools/include  -I/build/xen/tools/libs/ctrl/../../../tools/include  -I/build/xen/tools/libs/ctrl/../../../tools/include  -fPIC -c -o xc_linux.opic xc_linux.c 
riscv64-linux-gnu-gcc  -DPIC -DBUILD_ID -fno-strict-aliasing -std=gnu99 -Wall -Wstrict-prototypes -Wdeclaration-after-statement -Wno-unused-but-set-variable -Wno-unused-local-typedefs   -g3 -Werror -Og -fno-omit-frame-pointer -D__XEN_INTERFACE_VERSION__=__XEN_LATEST_INTERFACE_VERSION__ -MMD -MP -MF .xc_evtchn_compat.opic.d -D_LARGEFILE_SOURCE -D_LARGEFILE64_SOURCE -D_GNU_SOURCE  -D__XEN_TOOLS__ -pthread -include /build/xen/tools/libs/ctrl/../../../tools/config.h -Wmissing-prototypes -I/build/xen/tools/libs/ctrl/../../../tools/include  -I/build/xen/tools/libs/ctrl/../../../tools/include  -I/build/xen/tools/libs/ctrl/../../../tools/include  -I/build/xen/tools/libs/ctrl/../../../tools/include  -I/build/xen/tools/libs/ctrl/../../../tools/include  -I/build/xen/tools/libs/ctrl/../../../tools/include  -I/build/xen/tools/libs/ctrl/../../../tools/include  -fPIC -c -o xc_evtchn_compat.opic xc_evtchn_compat.c 
riscv64-linux-gnu-gcc  -DPIC -DBUILD_ID -fno-strict-aliasing -std=gnu99 -Wall -Wstrict-prototypes -Wdeclaration-after-statement -Wno-unused-but-set-variable -Wno-unused-local-typedefs   -g3 -Werror -Og -fno-omit-frame-pointer -D__XEN_INTERFACE_VERSION__=__XEN_LATEST_INTERFACE_VERSION__ -MMD -MP -MF .xc_gnttab_compat.opic.d -D_LARGEFILE_SOURCE -D_LARGEFILE64_SOURCE -D_GNU_SOURCE  -D__XEN_TOOLS__ -pthread -include /build/xen/tools/libs/ctrl/../../../tools/config.h -Wmissing-prototypes -I/build/xen/tools/libs/ctrl/../../../tools/include  -I/build/xen/tools/libs/ctrl/../../../tools/include  -I/build/xen/tools/libs/ctrl/../../../tools/include  -I/build/xen/tools/libs/ctrl/../../../tools/include  -I/build/xen/tools/libs/ctrl/../../../tools/include  -I/build/xen/tools/libs/ctrl/../../../tools/include  -I/build/xen/tools/libs/ctrl/../../../tools/include  -fPIC -c -o xc_gnttab_compat.opic xc_gnttab_compat.c 
riscv64-linux-gnu-gcc  -DPIC -DBUILD_ID -fno-strict-aliasing -std=gnu99 -Wall -Wstrict-prototypes -Wdeclaration-after-statement -Wno-unused-but-set-variable -Wno-unused-local-typedefs   -g3 -Werror -Og -fno-omit-frame-pointer -D__XEN_INTERFACE_VERSION__=__XEN_LATEST_INTERFACE_VERSION__ -MMD -MP -MF .xc_devicemodel_compat.opic.d -D_LARGEFILE_SOURCE -D_LARGEFILE64_SOURCE -D_GNU_SOURCE  -D__XEN_TOOLS__ -pthread -include /build/xen/tools/libs/ctrl/../../../tools/config.h -Wmissing-prototypes -I/build/xen/tools/libs/ctrl/../../../tools/include  -I/build/xen/tools/libs/ctrl/../../../tools/include  -I/build/xen/tools/libs/ctrl/../../../tools/include  -I/build/xen/tools/libs/ctrl/../../../tools/include  -I/build/xen/tools/libs/ctrl/../../../tools/include  -I/build/xen/tools/libs/ctrl/../../../tools/include  -I/build/xen/tools/libs/ctrl/../../../tools/include  -fPIC -c -o xc_devicemodel_compat.opic xc_devicemodel_compat.c 
echo 'libxenctrl_4.18.0 { global: *; };' >./.libxenctrl.map.tmp
if ! cmp -s ./.libxenctrl.map.tmp libxenctrl.map.tmp; then mv -f ./.libxenctrl.map.tmp libxenctrl.map.tmp; else rm -f ./.libxenctrl.map.tmp; fi
riscv64-linux-gnu-ar rc libxenctrl.a xc_altp2m.o xc_cpupool.o xc_domain.o xc_evtchn.o xc_gnttab.o xc_misc.o xc_flask.o xc_physdev.o xc_private.o xc_csched.o xc_csched2.o xc_arinc653.o xc_rt.o xc_tbuf.o xc_pm.o xc_cpu_hotplug.o xc_vm_event.o xc_vmtrace.o xc_monitor.o xc_mem_paging.o xc_mem_access.o xc_memshr.o xc_hcall_buf.o xc_foreign_memory.o xc_kexec.o xc_resource.o no_xc_pagetab.o xc_linux.o xc_evtchn_compat.o xc_gnttab_compat.o xc_devicemodel_compat.o
riscv64-linux-gnu-gcc     -pthread -Wl,-soname -Wl,libxenctrl.so.4.18 -Wl,--version-script=libxenctrl.map.tmp -shared -o libxenctrl.so.4.18.0 xc_altp2m.opic xc_cpupool.opic xc_domain.opic xc_evtchn.opic xc_gnttab.opic xc_misc.opic xc_flask.opic xc_physdev.opic xc_private.opic xc_csched.opic xc_csched2.opic xc_arinc653.opic xc_rt.opic xc_tbuf.opic xc_pm.opic xc_cpu_hotplug.opic xc_vm_event.opic xc_vmtrace.opic xc_monitor.opic xc_mem_paging.opic xc_mem_access.opic xc_memshr.opic xc_hcall_buf.opic xc_foreign_memory.opic xc_kexec.opic xc_resource.opic no_xc_pagetab.opic xc_linux.opic xc_evtchn_compat.opic xc_gnttab_compat.opic xc_devicemodel_compat.opic         -Wl,-rpath-link=/build/xen/tools/libs/ctrl/../../../tools/libs/call -Wl,-rpath-link=/build/xen/tools/libs/ctrl/../../../tools/libs/toolcore -Wl,-rpath-link=/build/xen/tools/libs/ctrl/../../../tools/libs/toollog      /build/xen/tools/libs/ctrl/../../../tools/libs/toollog/libxentoollog.so  /build/xen/tools/libs/ctrl/../../../tools/libs/call/libxencall.so  /build/xen/tools/libs/ctrl/../../../tools/libs/evtchn/libxenevtchn.so  /build/xen/tools/libs/ctrl/../../../tools/libs/gnttab/libxengnttab.so  /build/xen/tools/libs/ctrl/../../../tools/libs/foreignmemory/libxenforeignmemory.so  /build/xen/tools/libs/ctrl/../../../tools/libs/devicemodel/libxendevicemodel.so       
ln -sf libxenctrl.so.4.18.0 libxenctrl.so.4.18
ln -sf libxenctrl.so.4.18 libxenctrl.so
/build/xen/tools/libs/ctrl/../../../tools/cross-install -d -m0755 -p /build/xen/dist/install
/build/xen/tools/libs/ctrl/../../../tools/cross-install -d -m0755 -p /build/xen/dist/install
/build/xen/tools/libs/ctrl/../../../tools/cross-install -m0755 -p libxenctrl.so.4.18.0 /build/xen/dist/install
/build/xen/tools/libs/ctrl/../../../tools/cross-install -m0644 -p libxenctrl.a /build/xen/dist/install
ln -sf libxenctrl.so.4.18.0 /build/xen/dist/install/libxenctrl.so.4.18
ln -sf libxenctrl.so.4.18 /build/xen/dist/install/libxenctrl.so
for i in  /build/xen/tools/libs/ctrl/../../../tools/include/xenctrl.h  /build/xen/tools/libs/ctrl/../../../tools/include/xenctrl_compat.h; do /build/xen/tools/libs/ctrl/../../../tools/cross-install -m0644 -p $i /build/xen/dist/install; done
/build/xen/tools/libs/ctrl/../../../tools/cross-install -m0644 -p xencontrol.pc /build/xen/dist/install
make[7]: Leaving directory '/build/xen/tools/libs/ctrl'
make[6]: Leaving directory '/build/xen/tools/libs'
make[6]: Entering directory '/build/xen/tools/libs'
make -C guest install
make[7]: Entering directory '/build/xen/tools/libs/guest'
riscv64-linux-gnu-gcc  -DBUILD_ID -fno-strict-aliasing -std=gnu99 -Wall -Wstrict-prototypes -Wdeclaration-after-statement -Wno-unused-but-set-variable -Wno-unused-local-typedefs   -g3 -Werror -Og -fno-omit-frame-pointer -D__XEN_INTERFACE_VERSION__=__XEN_LATEST_INTERFACE_VERSION__ -MMD -MP -MF .xg_private.o.d -D_LARGEFILE_SOURCE -D_LARGEFILE64_SOURCE -D_GNU_SOURCE  -D__XEN_TOOLS__ -include /build/xen/tools/libs/guest/../../../tools/config.h -iquote ../../../xen/common/libelf -iquote /build/xen/tools/libs/guest/../../../tools/libs/ctrl -pthread -I/build/xen/tools/libs/guest/../../../tools/include -I/build/xen/tools/libs/guest/../../../tools/include -I/build/xen/tools/libs/guest/../../../tools/include -I/build/xen/tools/libs/guest/../../../tools/include -I/build/xen/tools/libs/guest/../../../tools/include -Wmissing-prototypes -I/build/xen/tools/libs/guest/../../../tools/include  -I/build/xen/tools/libs/guest/../../../tools/include  -I/build/xen/tools/libs/guest/../../../tools/include -D__XEN_TOOLS__  -c -o xg_private.o xg_private.c 
riscv64-linux-gnu-gcc  -DBUILD_ID -fno-strict-aliasing -std=gnu99 -Wall -Wstrict-prototypes -Wdeclaration-after-statement -Wno-unused-but-set-variable -Wno-unused-local-typedefs   -g3 -Werror -Og -fno-omit-frame-pointer -D__XEN_INTERFACE_VERSION__=__XEN_LATEST_INTERFACE_VERSION__ -MMD -MP -MF .xg_domain.o.d -D_LARGEFILE_SOURCE -D_LARGEFILE64_SOURCE -D_GNU_SOURCE  -D__XEN_TOOLS__ -include /build/xen/tools/libs/guest/../../../tools/config.h -iquote ../../../xen/common/libelf -iquote /build/xen/tools/libs/guest/../../../tools/libs/ctrl -pthread -I/build/xen/tools/libs/guest/../../../tools/include -I/build/xen/tools/libs/guest/../../../tools/include -I/build/xen/tools/libs/guest/../../../tools/include -I/build/xen/tools/libs/guest/../../../tools/include -I/build/xen/tools/libs/guest/../../../tools/include -Wmissing-prototypes -I/build/xen/tools/libs/guest/../../../tools/include  -I/build/xen/tools/libs/guest/../../../tools/include  -I/build/xen/tools/libs/guest/../../../tools/include -D__XEN_TOOLS__  -c -o xg_domain.o xg_domain.c 
riscv64-linux-gnu-gcc  -DBUILD_ID -fno-strict-aliasing -std=gnu99 -Wall -Wstrict-prototypes -Wdeclaration-after-statement -Wno-unused-but-set-variable -Wno-unused-local-typedefs   -g3 -Werror -Og -fno-omit-frame-pointer -D__XEN_INTERFACE_VERSION__=__XEN_LATEST_INTERFACE_VERSION__ -MMD -MP -MF .xg_suspend.o.d -D_LARGEFILE_SOURCE -D_LARGEFILE64_SOURCE -D_GNU_SOURCE  -D__XEN_TOOLS__ -include /build/xen/tools/libs/guest/../../../tools/config.h -iquote ../../../xen/common/libelf -iquote /build/xen/tools/libs/guest/../../../tools/libs/ctrl -pthread -I/build/xen/tools/libs/guest/../../../tools/include -I/build/xen/tools/libs/guest/../../../tools/include -I/build/xen/tools/libs/guest/../../../tools/include -I/build/xen/tools/libs/guest/../../../tools/include -I/build/xen/tools/libs/guest/../../../tools/include -Wmissing-prototypes -I/build/xen/tools/libs/guest/../../../tools/include  -I/build/xen/tools/libs/guest/../../../tools/include  -I/build/xen/tools/libs/guest/../../../tools/include -D__XEN_TOOLS__  -c -o xg_suspend.o xg_suspend.c 
riscv64-linux-gnu-gcc  -DBUILD_ID -fno-strict-aliasing -std=gnu99 -Wall -Wstrict-prototypes -Wdeclaration-after-statement -Wno-unused-but-set-variable -Wno-unused-local-typedefs   -g3 -Werror -Og -fno-omit-frame-pointer -D__XEN_INTERFACE_VERSION__=__XEN_LATEST_INTERFACE_VERSION__ -MMD -MP -MF .xg_resume.o.d -D_LARGEFILE_SOURCE -D_LARGEFILE64_SOURCE -D_GNU_SOURCE  -D__XEN_TOOLS__ -include /build/xen/tools/libs/guest/../../../tools/config.h -iquote ../../../xen/common/libelf -iquote /build/xen/tools/libs/guest/../../../tools/libs/ctrl -pthread -I/build/xen/tools/libs/guest/../../../tools/include -I/build/xen/tools/libs/guest/../../../tools/include -I/build/xen/tools/libs/guest/../../../tools/include -I/build/xen/tools/libs/guest/../../../tools/include -I/build/xen/tools/libs/guest/../../../tools/include -Wmissing-prototypes -I/build/xen/tools/libs/guest/../../../tools/include  -I/build/xen/tools/libs/guest/../../../tools/include  -I/build/xen/tools/libs/guest/../../../tools/include -D__XEN_TOOLS__  -c -o xg_resume.o xg_resume.c 
riscv64-linux-gnu-gcc  -DBUILD_ID -fno-strict-aliasing -std=gnu99 -Wall -Wstrict-prototypes -Wdeclaration-after-statement -Wno-unused-but-set-variable -Wno-unused-local-typedefs   -g3 -Werror -Og -fno-omit-frame-pointer -D__XEN_INTERFACE_VERSION__=__XEN_LATEST_INTERFACE_VERSION__ -MMD -MP -MF .xg_nomigrate.o.d -D_LARGEFILE_SOURCE -D_LARGEFILE64_SOURCE -D_GNU_SOURCE  -D__XEN_TOOLS__ -include /build/xen/tools/libs/guest/../../../tools/config.h -iquote ../../../xen/common/libelf -iquote /build/xen/tools/libs/guest/../../../tools/libs/ctrl -pthread -I/build/xen/tools/libs/guest/../../../tools/include -I/build/xen/tools/libs/guest/../../../tools/include -I/build/xen/tools/libs/guest/../../../tools/include -I/build/xen/tools/libs/guest/../../../tools/include -I/build/xen/tools/libs/guest/../../../tools/include -Wmissing-prototypes -I/build/xen/tools/libs/guest/../../../tools/include  -I/build/xen/tools/libs/guest/../../../tools/include  -I/build/xen/tools/libs/guest/../../../tools/include -D__XEN_TOOLS__  -c -o xg_nomigrate.o xg_nomigrate.c 
riscv64-linux-gnu-gcc  -DBUILD_ID -fno-strict-aliasing -std=gnu99 -Wall -Wstrict-prototypes -Wdeclaration-after-statement -Wno-unused-but-set-variable -Wno-unused-local-typedefs   -g3 -Werror -Og -fno-omit-frame-pointer -D__XEN_INTERFACE_VERSION__=__XEN_LATEST_INTERFACE_VERSION__ -MMD -MP -MF .xg_core.o.d -D_LARGEFILE_SOURCE -D_LARGEFILE64_SOURCE -D_GNU_SOURCE  -D__XEN_TOOLS__ -include /build/xen/tools/libs/guest/../../../tools/config.h -iquote ../../../xen/common/libelf -iquote /build/xen/tools/libs/guest/../../../tools/libs/ctrl -pthread -I/build/xen/tools/libs/guest/../../../tools/include -I/build/xen/tools/libs/guest/../../../tools/include -I/build/xen/tools/libs/guest/../../../tools/include -I/build/xen/tools/libs/guest/../../../tools/include -I/build/xen/tools/libs/guest/../../../tools/include -Wmissing-prototypes -I/build/xen/tools/libs/guest/../../../tools/include  -I/build/xen/tools/libs/guest/../../../tools/include  -I/build/xen/tools/libs/guest/../../../tools/include -D__XEN_TOOLS__  -c -o xg_core.o xg_core.c 
riscv64-linux-gnu-gcc  -DBUILD_ID -fno-strict-aliasing -std=gnu99 -Wall -Wstrict-prototypes -Wdeclaration-after-statement -Wno-unused-but-set-variable -Wno-unused-local-typedefs   -g3 -Werror -Og -fno-omit-frame-pointer -D__XEN_INTERFACE_VERSION__=__XEN_LATEST_INTERFACE_VERSION__ -MMD -MP -MF .xg_core_riscv.o.d -D_LARGEFILE_SOURCE -D_LARGEFILE64_SOURCE -D_GNU_SOURCE  -D__XEN_TOOLS__ -include /build/xen/tools/libs/guest/../../../tools/config.h -iquote ../../../xen/common/libelf -iquote /build/xen/tools/libs/guest/../../../tools/libs/ctrl -pthread -I/build/xen/tools/libs/guest/../../../tools/include -I/build/xen/tools/libs/guest/../../../tools/include -I/build/xen/tools/libs/guest/../../../tools/include -I/build/xen/tools/libs/guest/../../../tools/include -I/build/xen/tools/libs/guest/../../../tools/include -Wmissing-prototypes -I/build/xen/tools/libs/guest/../../../tools/include  -I/build/xen/tools/libs/guest/../../../tools/include  -I/build/xen/tools/libs/guest/../../../tools/include -D__XEN_TOOLS__  -c -o xg_core_riscv.o xg_core_riscv.c 
riscv64-linux-gnu-gcc  -DBUILD_ID -fno-strict-aliasing -std=gnu99 -Wall -Wstrict-prototypes -Wdeclaration-after-statement -Wno-unused-but-set-variable -Wno-unused-local-typedefs   -g3 -Werror -Og -fno-omit-frame-pointer -D__XEN_INTERFACE_VERSION__=__XEN_LATEST_INTERFACE_VERSION__ -MMD -MP -MF .libelf-tools.o.d -D_LARGEFILE_SOURCE -D_LARGEFILE64_SOURCE -D_GNU_SOURCE  -D__XEN_TOOLS__ -include /build/xen/tools/libs/guest/../../../tools/config.h -iquote ../../../xen/common/libelf -iquote /build/xen/tools/libs/guest/../../../tools/libs/ctrl -pthread -I/build/xen/tools/libs/guest/../../../tools/include -I/build/xen/tools/libs/guest/../../../tools/include -I/build/xen/tools/libs/guest/../../../tools/include -I/build/xen/tools/libs/guest/../../../tools/include -I/build/xen/tools/libs/guest/../../../tools/include -Wmissing-prototypes -I/build/xen/tools/libs/guest/../../../tools/include  -I/build/xen/tools/libs/guest/../../../tools/include  -I/build/xen/tools/libs/guest/../../../tools/include -D__XEN_TOOLS__ -Wno-pointer-sign  -c -o libelf-tools.o ../../../xen/common/libelf/libelf-tools.c 
riscv64-linux-gnu-gcc  -DBUILD_ID -fno-strict-aliasing -std=gnu99 -Wall -Wstrict-prototypes -Wdeclaration-after-statement -Wno-unused-but-set-variable -Wno-unused-local-typedefs   -g3 -Werror -Og -fno-omit-frame-pointer -D__XEN_INTERFACE_VERSION__=__XEN_LATEST_INTERFACE_VERSION__ -MMD -MP -MF .libelf-loader.o.d -D_LARGEFILE_SOURCE -D_LARGEFILE64_SOURCE -D_GNU_SOURCE  -D__XEN_TOOLS__ -include /build/xen/tools/libs/guest/../../../tools/config.h -iquote ../../../xen/common/libelf -iquote /build/xen/tools/libs/guest/../../../tools/libs/ctrl -pthread -I/build/xen/tools/libs/guest/../../../tools/include -I/build/xen/tools/libs/guest/../../../tools/include -I/build/xen/tools/libs/guest/../../../tools/include -I/build/xen/tools/libs/guest/../../../tools/include -I/build/xen/tools/libs/guest/../../../tools/include -Wmissing-prototypes -I/build/xen/tools/libs/guest/../../../tools/include  -I/build/xen/tools/libs/guest/../../../tools/include  -I/build/xen/tools/libs/guest/../../../tools/include -D__XEN_TOOLS__ -Wno-pointer-sign  -c -o libelf-loader.o ../../../xen/common/libelf/libelf-loader.c 
riscv64-linux-gnu-gcc  -DBUILD_ID -fno-strict-aliasing -std=gnu99 -Wall -Wstrict-prototypes -Wdeclaration-after-statement -Wno-unused-but-set-variable -Wno-unused-local-typedefs   -g3 -Werror -Og -fno-omit-frame-pointer -D__XEN_INTERFACE_VERSION__=__XEN_LATEST_INTERFACE_VERSION__ -MMD -MP -MF .libelf-dominfo.o.d -D_LARGEFILE_SOURCE -D_LARGEFILE64_SOURCE -D_GNU_SOURCE  -D__XEN_TOOLS__ -include /build/xen/tools/libs/guest/../../../tools/config.h -iquote ../../../xen/common/libelf -iquote /build/xen/tools/libs/guest/../../../tools/libs/ctrl -pthread -I/build/xen/tools/libs/guest/../../../tools/include -I/build/xen/tools/libs/guest/../../../tools/include -I/build/xen/tools/libs/guest/../../../tools/include -I/build/xen/tools/libs/guest/../../../tools/include -I/build/xen/tools/libs/guest/../../../tools/include -Wmissing-prototypes -I/build/xen/tools/libs/guest/../../../tools/include  -I/build/xen/tools/libs/guest/../../../tools/include  -I/build/xen/tools/libs/guest/../../../tools/include -D__XEN_TOOLS__ -Wno-pointer-sign  -c -o libelf-dominfo.o ../../../xen/common/libelf/libelf-dominfo.c 
riscv64-linux-gnu-gcc  -DBUILD_ID -fno-strict-aliasing -std=gnu99 -Wall -Wstrict-prototypes -Wdeclaration-after-statement -Wno-unused-but-set-variable -Wno-unused-local-typedefs   -g3 -Werror -Og -fno-omit-frame-pointer -D__XEN_INTERFACE_VERSION__=__XEN_LATEST_INTERFACE_VERSION__ -MMD -MP -MF .xg_dom_core.o.d -D_LARGEFILE_SOURCE -D_LARGEFILE64_SOURCE -D_GNU_SOURCE  -D__XEN_TOOLS__ -include /build/xen/tools/libs/guest/../../../tools/config.h -iquote ../../../xen/common/libelf -iquote /build/xen/tools/libs/guest/../../../tools/libs/ctrl -pthread -I/build/xen/tools/libs/guest/../../../tools/include -I/build/xen/tools/libs/guest/../../../tools/include -I/build/xen/tools/libs/guest/../../../tools/include -I/build/xen/tools/libs/guest/../../../tools/include -I/build/xen/tools/libs/guest/../../../tools/include -Wmissing-prototypes -I/build/xen/tools/libs/guest/../../../tools/include  -I/build/xen/tools/libs/guest/../../../tools/include  -I/build/xen/tools/libs/guest/../../../tools/include -D__XEN_TOOLS__  -c -o xg_dom_core.o xg_dom_core.c 
riscv64-linux-gnu-gcc  -DBUILD_ID -fno-strict-aliasing -std=gnu99 -Wall -Wstrict-prototypes -Wdeclaration-after-statement -Wno-unused-but-set-variable -Wno-unused-local-typedefs   -g3 -Werror -Og -fno-omit-frame-pointer -D__XEN_INTERFACE_VERSION__=__XEN_LATEST_INTERFACE_VERSION__ -MMD -MP -MF .xg_dom_boot.o.d -D_LARGEFILE_SOURCE -D_LARGEFILE64_SOURCE -D_GNU_SOURCE  -D__XEN_TOOLS__ -include /build/xen/tools/libs/guest/../../../tools/config.h -iquote ../../../xen/common/libelf -iquote /build/xen/tools/libs/guest/../../../tools/libs/ctrl -pthread -I/build/xen/tools/libs/guest/../../../tools/include -I/build/xen/tools/libs/guest/../../../tools/include -I/build/xen/tools/libs/guest/../../../tools/include -I/build/xen/tools/libs/guest/../../../tools/include -I/build/xen/tools/libs/guest/../../../tools/include -Wmissing-prototypes -I/build/xen/tools/libs/guest/../../../tools/include  -I/build/xen/tools/libs/guest/../../../tools/include  -I/build/xen/tools/libs/guest/../../../tools/include -D__XEN_TOOLS__  -c -o xg_dom_boot.o xg_dom_boot.c 
riscv64-linux-gnu-gcc  -DBUILD_ID -fno-strict-aliasing -std=gnu99 -Wall -Wstrict-prototypes -Wdeclaration-after-statement -Wno-unused-but-set-variable -Wno-unused-local-typedefs   -g3 -Werror -Og -fno-omit-frame-pointer -D__XEN_INTERFACE_VERSION__=__XEN_LATEST_INTERFACE_VERSION__ -MMD -MP -MF .xg_dom_elfloader.o.d -D_LARGEFILE_SOURCE -D_LARGEFILE64_SOURCE -D_GNU_SOURCE  -D__XEN_TOOLS__ -include /build/xen/tools/libs/guest/../../../tools/config.h -iquote ../../../xen/common/libelf -iquote /build/xen/tools/libs/guest/../../../tools/libs/ctrl -pthread -I/build/xen/tools/libs/guest/../../../tools/include -I/build/xen/tools/libs/guest/../../../tools/include -I/build/xen/tools/libs/guest/../../../tools/include -I/build/xen/tools/libs/guest/../../../tools/include -I/build/xen/tools/libs/guest/../../../tools/include -Wmissing-prototypes -I/build/xen/tools/libs/guest/../../../tools/include  -I/build/xen/tools/libs/guest/../../../tools/include  -I/build/xen/tools/libs/guest/../../../tools/include -D__XEN_TOOLS__  -c -o xg_dom_elfloader.o xg_dom_elfloader.c 
riscv64-linux-gnu-gcc  -DBUILD_ID -fno-strict-aliasing -std=gnu99 -Wall -Wstrict-prototypes -Wdeclaration-after-statement -Wno-unused-but-set-variable -Wno-unused-local-typedefs   -g3 -Werror -Og -fno-omit-frame-pointer -D__XEN_INTERFACE_VERSION__=__XEN_LATEST_INTERFACE_VERSION__ -MMD -MP -MF .xg_dom_riscvzimageloader.o.d -D_LARGEFILE_SOURCE -D_LARGEFILE64_SOURCE -D_GNU_SOURCE  -D__XEN_TOOLS__ -include /build/xen/tools/libs/guest/../../../tools/config.h -iquote ../../../xen/common/libelf -iquote /build/xen/tools/libs/guest/../../../tools/libs/ctrl -pthread -I/build/xen/tools/libs/guest/../../../tools/include -I/build/xen/tools/libs/guest/../../../tools/include -I/build/xen/tools/libs/guest/../../../tools/include -I/build/xen/tools/libs/guest/../../../tools/include -I/build/xen/tools/libs/guest/../../../tools/include -Wmissing-prototypes -I/build/xen/tools/libs/guest/../../../tools/include  -I/build/xen/tools/libs/guest/../../../tools/include  -I/build/xen/tools/libs/guest/../../../tools/include -D__XEN_TOOLS__  -c -o xg_dom_riscvzimageloader.o xg_dom_riscvzimageloader.c 
riscv64-linux-gnu-gcc  -DBUILD_ID -fno-strict-aliasing -std=gnu99 -Wall -Wstrict-prototypes -Wdeclaration-after-statement -Wno-unused-but-set-variable -Wno-unused-local-typedefs   -g3 -Werror -Og -fno-omit-frame-pointer -D__XEN_INTERFACE_VERSION__=__XEN_LATEST_INTERFACE_VERSION__ -MMD -MP -MF .xg_dom_binloader.o.d -D_LARGEFILE_SOURCE -D_LARGEFILE64_SOURCE -D_GNU_SOURCE  -D__XEN_TOOLS__ -include /build/xen/tools/libs/guest/../../../tools/config.h -iquote ../../../xen/common/libelf -iquote /build/xen/tools/libs/guest/../../../tools/libs/ctrl -pthread -I/build/xen/tools/libs/guest/../../../tools/include -I/build/xen/tools/libs/guest/../../../tools/include -I/build/xen/tools/libs/guest/../../../tools/include -I/build/xen/tools/libs/guest/../../../tools/include -I/build/xen/tools/libs/guest/../../../tools/include -Wmissing-prototypes -I/build/xen/tools/libs/guest/../../../tools/include  -I/build/xen/tools/libs/guest/../../../tools/include  -I/build/xen/tools/libs/guest/../../../tools/include -D__XEN_TOOLS__  -c -o xg_dom_binloader.o xg_dom_binloader.c 
riscv64-linux-gnu-gcc  -DBUILD_ID -fno-strict-aliasing -std=gnu99 -Wall -Wstrict-prototypes -Wdeclaration-after-statement -Wno-unused-but-set-variable -Wno-unused-local-typedefs   -g3 -Werror -Og -fno-omit-frame-pointer -D__XEN_INTERFACE_VERSION__=__XEN_LATEST_INTERFACE_VERSION__ -MMD -MP -MF .xg_dom_compat_linux.o.d -D_LARGEFILE_SOURCE -D_LARGEFILE64_SOURCE -D_GNU_SOURCE  -D__XEN_TOOLS__ -include /build/xen/tools/libs/guest/../../../tools/config.h -iquote ../../../xen/common/libelf -iquote /build/xen/tools/libs/guest/../../../tools/libs/ctrl -pthread -I/build/xen/tools/libs/guest/../../../tools/include -I/build/xen/tools/libs/guest/../../../tools/include -I/build/xen/tools/libs/guest/../../../tools/include -I/build/xen/tools/libs/guest/../../../tools/include -I/build/xen/tools/libs/guest/../../../tools/include -Wmissing-prototypes -I/build/xen/tools/libs/guest/../../../tools/include  -I/build/xen/tools/libs/guest/../../../tools/include  -I/build/xen/tools/libs/guest/../../../tools/include -D__XEN_TOOLS__  -c -o xg_dom_compat_linux.o xg_dom_compat_linux.c 
riscv64-linux-gnu-gcc  -DBUILD_ID -fno-strict-aliasing -std=gnu99 -Wall -Wstrict-prototypes -Wdeclaration-after-statement -Wno-unused-but-set-variable -Wno-unused-local-typedefs   -g3 -Werror -Og -fno-omit-frame-pointer -D__XEN_INTERFACE_VERSION__=__XEN_LATEST_INTERFACE_VERSION__ -MMD -MP -MF .xg_dom_riscv.o.d -D_LARGEFILE_SOURCE -D_LARGEFILE64_SOURCE -D_GNU_SOURCE  -D__XEN_TOOLS__ -include /build/xen/tools/libs/guest/../../../tools/config.h -iquote ../../../xen/common/libelf -iquote /build/xen/tools/libs/guest/../../../tools/libs/ctrl -pthread -I/build/xen/tools/libs/guest/../../../tools/include -I/build/xen/tools/libs/guest/../../../tools/include -I/build/xen/tools/libs/guest/../../../tools/include -I/build/xen/tools/libs/guest/../../../tools/include -I/build/xen/tools/libs/guest/../../../tools/include -Wmissing-prototypes -I/build/xen/tools/libs/guest/../../../tools/include  -I/build/xen/tools/libs/guest/../../../tools/include  -I/build/xen/tools/libs/guest/../../../tools/include -D__XEN_TOOLS__  -c -o xg_dom_riscv.o xg_dom_riscv.c 
riscv64-linux-gnu-gcc  -DPIC -DBUILD_ID -fno-strict-aliasing -std=gnu99 -Wall -Wstrict-prototypes -Wdeclaration-after-statement -Wno-unused-but-set-variable -Wno-unused-local-typedefs   -g3 -Werror -Og -fno-omit-frame-pointer -D__XEN_INTERFACE_VERSION__=__XEN_LATEST_INTERFACE_VERSION__ -MMD -MP -MF .xg_private.opic.d -D_LARGEFILE_SOURCE -D_LARGEFILE64_SOURCE -D_GNU_SOURCE  -D__XEN_TOOLS__ -include /build/xen/tools/libs/guest/../../../tools/config.h -iquote ../../../xen/common/libelf -iquote /build/xen/tools/libs/guest/../../../tools/libs/ctrl -pthread -I/build/xen/tools/libs/guest/../../../tools/include -I/build/xen/tools/libs/guest/../../../tools/include -I/build/xen/tools/libs/guest/../../../tools/include -I/build/xen/tools/libs/guest/../../../tools/include -I/build/xen/tools/libs/guest/../../../tools/include -Wmissing-prototypes -I/build/xen/tools/libs/guest/../../../tools/include  -I/build/xen/tools/libs/guest/../../../tools/include  -I/build/xen/tools/libs/guest/../../../tools/include -D__XEN_TOOLS__  -fPIC -c -o xg_private.opic xg_private.c 
riscv64-linux-gnu-gcc  -DPIC -DBUILD_ID -fno-strict-aliasing -std=gnu99 -Wall -Wstrict-prototypes -Wdeclaration-after-statement -Wno-unused-but-set-variable -Wno-unused-local-typedefs   -g3 -Werror -Og -fno-omit-frame-pointer -D__XEN_INTERFACE_VERSION__=__XEN_LATEST_INTERFACE_VERSION__ -MMD -MP -MF .xg_domain.opic.d -D_LARGEFILE_SOURCE -D_LARGEFILE64_SOURCE -D_GNU_SOURCE  -D__XEN_TOOLS__ -include /build/xen/tools/libs/guest/../../../tools/config.h -iquote ../../../xen/common/libelf -iquote /build/xen/tools/libs/guest/../../../tools/libs/ctrl -pthread -I/build/xen/tools/libs/guest/../../../tools/include -I/build/xen/tools/libs/guest/../../../tools/include -I/build/xen/tools/libs/guest/../../../tools/include -I/build/xen/tools/libs/guest/../../../tools/include -I/build/xen/tools/libs/guest/../../../tools/include -Wmissing-prototypes -I/build/xen/tools/libs/guest/../../../tools/include  -I/build/xen/tools/libs/guest/../../../tools/include  -I/build/xen/tools/libs/guest/../../../tools/include -D__XEN_TOOLS__  -fPIC -c -o xg_domain.opic xg_domain.c 
riscv64-linux-gnu-gcc  -DPIC -DBUILD_ID -fno-strict-aliasing -std=gnu99 -Wall -Wstrict-prototypes -Wdeclaration-after-statement -Wno-unused-but-set-variable -Wno-unused-local-typedefs   -g3 -Werror -Og -fno-omit-frame-pointer -D__XEN_INTERFACE_VERSION__=__XEN_LATEST_INTERFACE_VERSION__ -MMD -MP -MF .xg_suspend.opic.d -D_LARGEFILE_SOURCE -D_LARGEFILE64_SOURCE -D_GNU_SOURCE  -D__XEN_TOOLS__ -include /build/xen/tools/libs/guest/../../../tools/config.h -iquote ../../../xen/common/libelf -iquote /build/xen/tools/libs/guest/../../../tools/libs/ctrl -pthread -I/build/xen/tools/libs/guest/../../../tools/include -I/build/xen/tools/libs/guest/../../../tools/include -I/build/xen/tools/libs/guest/../../../tools/include -I/build/xen/tools/libs/guest/../../../tools/include -I/build/xen/tools/libs/guest/../../../tools/include -Wmissing-prototypes -I/build/xen/tools/libs/guest/../../../tools/include  -I/build/xen/tools/libs/guest/../../../tools/include  -I/build/xen/tools/libs/guest/../../../tools/include -D__XEN_TOOLS__  -fPIC -c -o xg_suspend.opic xg_suspend.c 
riscv64-linux-gnu-gcc  -DPIC -DBUILD_ID -fno-strict-aliasing -std=gnu99 -Wall -Wstrict-prototypes -Wdeclaration-after-statement -Wno-unused-but-set-variable -Wno-unused-local-typedefs   -g3 -Werror -Og -fno-omit-frame-pointer -D__XEN_INTERFACE_VERSION__=__XEN_LATEST_INTERFACE_VERSION__ -MMD -MP -MF .xg_resume.opic.d -D_LARGEFILE_SOURCE -D_LARGEFILE64_SOURCE -D_GNU_SOURCE  -D__XEN_TOOLS__ -include /build/xen/tools/libs/guest/../../../tools/config.h -iquote ../../../xen/common/libelf -iquote /build/xen/tools/libs/guest/../../../tools/libs/ctrl -pthread -I/build/xen/tools/libs/guest/../../../tools/include -I/build/xen/tools/libs/guest/../../../tools/include -I/build/xen/tools/libs/guest/../../../tools/include -I/build/xen/tools/libs/guest/../../../tools/include -I/build/xen/tools/libs/guest/../../../tools/include -Wmissing-prototypes -I/build/xen/tools/libs/guest/../../../tools/include  -I/build/xen/tools/libs/guest/../../../tools/include  -I/build/xen/tools/libs/guest/../../../tools/include -D__XEN_TOOLS__  -fPIC -c -o xg_resume.opic xg_resume.c 
riscv64-linux-gnu-gcc  -DPIC -DBUILD_ID -fno-strict-aliasing -std=gnu99 -Wall -Wstrict-prototypes -Wdeclaration-after-statement -Wno-unused-but-set-variable -Wno-unused-local-typedefs   -g3 -Werror -Og -fno-omit-frame-pointer -D__XEN_INTERFACE_VERSION__=__XEN_LATEST_INTERFACE_VERSION__ -MMD -MP -MF .xg_nomigrate.opic.d -D_LARGEFILE_SOURCE -D_LARGEFILE64_SOURCE -D_GNU_SOURCE  -D__XEN_TOOLS__ -include /build/xen/tools/libs/guest/../../../tools/config.h -iquote ../../../xen/common/libelf -iquote /build/xen/tools/libs/guest/../../../tools/libs/ctrl -pthread -I/build/xen/tools/libs/guest/../../../tools/include -I/build/xen/tools/libs/guest/../../../tools/include -I/build/xen/tools/libs/guest/../../../tools/include -I/build/xen/tools/libs/guest/../../../tools/include -I/build/xen/tools/libs/guest/../../../tools/include -Wmissing-prototypes -I/build/xen/tools/libs/guest/../../../tools/include  -I/build/xen/tools/libs/guest/../../../tools/include  -I/build/xen/tools/libs/guest/../../../tools/include -D__XEN_TOOLS__  -fPIC -c -o xg_nomigrate.opic xg_nomigrate.c 
riscv64-linux-gnu-gcc  -DPIC -DBUILD_ID -fno-strict-aliasing -std=gnu99 -Wall -Wstrict-prototypes -Wdeclaration-after-statement -Wno-unused-but-set-variable -Wno-unused-local-typedefs   -g3 -Werror -Og -fno-omit-frame-pointer -D__XEN_INTERFACE_VERSION__=__XEN_LATEST_INTERFACE_VERSION__ -MMD -MP -MF .xg_core.opic.d -D_LARGEFILE_SOURCE -D_LARGEFILE64_SOURCE -D_GNU_SOURCE  -D__XEN_TOOLS__ -include /build/xen/tools/libs/guest/../../../tools/config.h -iquote ../../../xen/common/libelf -iquote /build/xen/tools/libs/guest/../../../tools/libs/ctrl -pthread -I/build/xen/tools/libs/guest/../../../tools/include -I/build/xen/tools/libs/guest/../../../tools/include -I/build/xen/tools/libs/guest/../../../tools/include -I/build/xen/tools/libs/guest/../../../tools/include -I/build/xen/tools/libs/guest/../../../tools/include -Wmissing-prototypes -I/build/xen/tools/libs/guest/../../../tools/include  -I/build/xen/tools/libs/guest/../../../tools/include  -I/build/xen/tools/libs/guest/../../../tools/include -D__XEN_TOOLS__  -fPIC -c -o xg_core.opic xg_core.c 
riscv64-linux-gnu-gcc  -DPIC -DBUILD_ID -fno-strict-aliasing -std=gnu99 -Wall -Wstrict-prototypes -Wdeclaration-after-statement -Wno-unused-but-set-variable -Wno-unused-local-typedefs   -g3 -Werror -Og -fno-omit-frame-pointer -D__XEN_INTERFACE_VERSION__=__XEN_LATEST_INTERFACE_VERSION__ -MMD -MP -MF .xg_core_riscv.opic.d -D_LARGEFILE_SOURCE -D_LARGEFILE64_SOURCE -D_GNU_SOURCE  -D__XEN_TOOLS__ -include /build/xen/tools/libs/guest/../../../tools/config.h -iquote ../../../xen/common/libelf -iquote /build/xen/tools/libs/guest/../../../tools/libs/ctrl -pthread -I/build/xen/tools/libs/guest/../../../tools/include -I/build/xen/tools/libs/guest/../../../tools/include -I/build/xen/tools/libs/guest/../../../tools/include -I/build/xen/tools/libs/guest/../../../tools/include -I/build/xen/tools/libs/guest/../../../tools/include -Wmissing-prototypes -I/build/xen/tools/libs/guest/../../../tools/include  -I/build/xen/tools/libs/guest/../../../tools/include  -I/build/xen/tools/libs/guest/../../../tools/include -D__XEN_TOOLS__  -fPIC -c -o xg_core_riscv.opic xg_core_riscv.c 
riscv64-linux-gnu-gcc  -DPIC -DBUILD_ID -fno-strict-aliasing -std=gnu99 -Wall -Wstrict-prototypes -Wdeclaration-after-statement -Wno-unused-but-set-variable -Wno-unused-local-typedefs   -g3 -Werror -Og -fno-omit-frame-pointer -D__XEN_INTERFACE_VERSION__=__XEN_LATEST_INTERFACE_VERSION__ -MMD -MP -MF .libelf-tools.opic.d -D_LARGEFILE_SOURCE -D_LARGEFILE64_SOURCE -D_GNU_SOURCE  -D__XEN_TOOLS__ -include /build/xen/tools/libs/guest/../../../tools/config.h -iquote ../../../xen/common/libelf -iquote /build/xen/tools/libs/guest/../../../tools/libs/ctrl -pthread -I/build/xen/tools/libs/guest/../../../tools/include -I/build/xen/tools/libs/guest/../../../tools/include -I/build/xen/tools/libs/guest/../../../tools/include -I/build/xen/tools/libs/guest/../../../tools/include -I/build/xen/tools/libs/guest/../../../tools/include -Wmissing-prototypes -I/build/xen/tools/libs/guest/../../../tools/include  -I/build/xen/tools/libs/guest/../../../tools/include  -I/build/xen/tools/libs/guest/../../../tools/include -D__XEN_TOOLS__ -Wno-pointer-sign  -fPIC -c -o libelf-tools.opic ../../../xen/common/libelf/libelf-tools.c 
riscv64-linux-gnu-gcc  -DPIC -DBUILD_ID -fno-strict-aliasing -std=gnu99 -Wall -Wstrict-prototypes -Wdeclaration-after-statement -Wno-unused-but-set-variable -Wno-unused-local-typedefs   -g3 -Werror -Og -fno-omit-frame-pointer -D__XEN_INTERFACE_VERSION__=__XEN_LATEST_INTERFACE_VERSION__ -MMD -MP -MF .libelf-loader.opic.d -D_LARGEFILE_SOURCE -D_LARGEFILE64_SOURCE -D_GNU_SOURCE  -D__XEN_TOOLS__ -include /build/xen/tools/libs/guest/../../../tools/config.h -iquote ../../../xen/common/libelf -iquote /build/xen/tools/libs/guest/../../../tools/libs/ctrl -pthread -I/build/xen/tools/libs/guest/../../../tools/include -I/build/xen/tools/libs/guest/../../../tools/include -I/build/xen/tools/libs/guest/../../../tools/include -I/build/xen/tools/libs/guest/../../../tools/include -I/build/xen/tools/libs/guest/../../../tools/include -Wmissing-prototypes -I/build/xen/tools/libs/guest/../../../tools/include  -I/build/xen/tools/libs/guest/../../../tools/include  -I/build/xen/tools/libs/guest/../../../tools/include -D__XEN_TOOLS__ -Wno-pointer-sign  -fPIC -c -o libelf-loader.opic ../../../xen/common/libelf/libelf-loader.c 
riscv64-linux-gnu-gcc  -DPIC -DBUILD_ID -fno-strict-aliasing -std=gnu99 -Wall -Wstrict-prototypes -Wdeclaration-after-statement -Wno-unused-but-set-variable -Wno-unused-local-typedefs   -g3 -Werror -Og -fno-omit-frame-pointer -D__XEN_INTERFACE_VERSION__=__XEN_LATEST_INTERFACE_VERSION__ -MMD -MP -MF .libelf-dominfo.opic.d -D_LARGEFILE_SOURCE -D_LARGEFILE64_SOURCE -D_GNU_SOURCE  -D__XEN_TOOLS__ -include /build/xen/tools/libs/guest/../../../tools/config.h -iquote ../../../xen/common/libelf -iquote /build/xen/tools/libs/guest/../../../tools/libs/ctrl -pthread -I/build/xen/tools/libs/guest/../../../tools/include -I/build/xen/tools/libs/guest/../../../tools/include -I/build/xen/tools/libs/guest/../../../tools/include -I/build/xen/tools/libs/guest/../../../tools/include -I/build/xen/tools/libs/guest/../../../tools/include -Wmissing-prototypes -I/build/xen/tools/libs/guest/../../../tools/include  -I/build/xen/tools/libs/guest/../../../tools/include  -I/build/xen/tools/libs/guest/../../../tools/include -D__XEN_TOOLS__ -Wno-pointer-sign  -fPIC -c -o libelf-dominfo.opic ../../../xen/common/libelf/libelf-dominfo.c 
riscv64-linux-gnu-gcc  -DPIC -DBUILD_ID -fno-strict-aliasing -std=gnu99 -Wall -Wstrict-prototypes -Wdeclaration-after-statement -Wno-unused-but-set-variable -Wno-unused-local-typedefs   -g3 -Werror -Og -fno-omit-frame-pointer -D__XEN_INTERFACE_VERSION__=__XEN_LATEST_INTERFACE_VERSION__ -MMD -MP -MF .xg_dom_core.opic.d -D_LARGEFILE_SOURCE -D_LARGEFILE64_SOURCE -D_GNU_SOURCE  -D__XEN_TOOLS__ -include /build/xen/tools/libs/guest/../../../tools/config.h -iquote ../../../xen/common/libelf -iquote /build/xen/tools/libs/guest/../../../tools/libs/ctrl -pthread -I/build/xen/tools/libs/guest/../../../tools/include -I/build/xen/tools/libs/guest/../../../tools/include -I/build/xen/tools/libs/guest/../../../tools/include -I/build/xen/tools/libs/guest/../../../tools/include -I/build/xen/tools/libs/guest/../../../tools/include -Wmissing-prototypes -I/build/xen/tools/libs/guest/../../../tools/include  -I/build/xen/tools/libs/guest/../../../tools/include  -I/build/xen/tools/libs/guest/../../../tools/include -D__XEN_TOOLS__  -fPIC -c -o xg_dom_core.opic xg_dom_core.c 
riscv64-linux-gnu-gcc  -DPIC -DBUILD_ID -fno-strict-aliasing -std=gnu99 -Wall -Wstrict-prototypes -Wdeclaration-after-statement -Wno-unused-but-set-variable -Wno-unused-local-typedefs   -g3 -Werror -Og -fno-omit-frame-pointer -D__XEN_INTERFACE_VERSION__=__XEN_LATEST_INTERFACE_VERSION__ -MMD -MP -MF .xg_dom_boot.opic.d -D_LARGEFILE_SOURCE -D_LARGEFILE64_SOURCE -D_GNU_SOURCE  -D__XEN_TOOLS__ -include /build/xen/tools/libs/guest/../../../tools/config.h -iquote ../../../xen/common/libelf -iquote /build/xen/tools/libs/guest/../../../tools/libs/ctrl -pthread -I/build/xen/tools/libs/guest/../../../tools/include -I/build/xen/tools/libs/guest/../../../tools/include -I/build/xen/tools/libs/guest/../../../tools/include -I/build/xen/tools/libs/guest/../../../tools/include -I/build/xen/tools/libs/guest/../../../tools/include -Wmissing-prototypes -I/build/xen/tools/libs/guest/../../../tools/include  -I/build/xen/tools/libs/guest/../../../tools/include  -I/build/xen/tools/libs/guest/../../../tools/include -D__XEN_TOOLS__  -fPIC -c -o xg_dom_boot.opic xg_dom_boot.c 
riscv64-linux-gnu-gcc  -DPIC -DBUILD_ID -fno-strict-aliasing -std=gnu99 -Wall -Wstrict-prototypes -Wdeclaration-after-statement -Wno-unused-but-set-variable -Wno-unused-local-typedefs   -g3 -Werror -Og -fno-omit-frame-pointer -D__XEN_INTERFACE_VERSION__=__XEN_LATEST_INTERFACE_VERSION__ -MMD -MP -MF .xg_dom_elfloader.opic.d -D_LARGEFILE_SOURCE -D_LARGEFILE64_SOURCE -D_GNU_SOURCE  -D__XEN_TOOLS__ -include /build/xen/tools/libs/guest/../../../tools/config.h -iquote ../../../xen/common/libelf -iquote /build/xen/tools/libs/guest/../../../tools/libs/ctrl -pthread -I/build/xen/tools/libs/guest/../../../tools/include -I/build/xen/tools/libs/guest/../../../tools/include -I/build/xen/tools/libs/guest/../../../tools/include -I/build/xen/tools/libs/guest/../../../tools/include -I/build/xen/tools/libs/guest/../../../tools/include -Wmissing-prototypes -I/build/xen/tools/libs/guest/../../../tools/include  -I/build/xen/tools/libs/guest/../../../tools/include  -I/build/xen/tools/libs/guest/../../../tools/include -D__XEN_TOOLS__  -fPIC -c -o xg_dom_elfloader.opic xg_dom_elfloader.c 
riscv64-linux-gnu-gcc  -DPIC -DBUILD_ID -fno-strict-aliasing -std=gnu99 -Wall -Wstrict-prototypes -Wdeclaration-after-statement -Wno-unused-but-set-variable -Wno-unused-local-typedefs   -g3 -Werror -Og -fno-omit-frame-pointer -D__XEN_INTERFACE_VERSION__=__XEN_LATEST_INTERFACE_VERSION__ -MMD -MP -MF .xg_dom_riscvzimageloader.opic.d -D_LARGEFILE_SOURCE -D_LARGEFILE64_SOURCE -D_GNU_SOURCE  -D__XEN_TOOLS__ -include /build/xen/tools/libs/guest/../../../tools/config.h -iquote ../../../xen/common/libelf -iquote /build/xen/tools/libs/guest/../../../tools/libs/ctrl -pthread -I/build/xen/tools/libs/guest/../../../tools/include -I/build/xen/tools/libs/guest/../../../tools/include -I/build/xen/tools/libs/guest/../../../tools/include -I/build/xen/tools/libs/guest/../../../tools/include -I/build/xen/tools/libs/guest/../../../tools/include -Wmissing-prototypes -I/build/xen/tools/libs/guest/../../../tools/include  -I/build/xen/tools/libs/guest/../../../tools/include  -I/build/xen/tools/libs/guest/../../../tools/include -D__XEN_TOOLS__  -fPIC -c -o xg_dom_riscvzimageloader.opic xg_dom_riscvzimageloader.c 
riscv64-linux-gnu-gcc  -DPIC -DBUILD_ID -fno-strict-aliasing -std=gnu99 -Wall -Wstrict-prototypes -Wdeclaration-after-statement -Wno-unused-but-set-variable -Wno-unused-local-typedefs   -g3 -Werror -Og -fno-omit-frame-pointer -D__XEN_INTERFACE_VERSION__=__XEN_LATEST_INTERFACE_VERSION__ -MMD -MP -MF .xg_dom_binloader.opic.d -D_LARGEFILE_SOURCE -D_LARGEFILE64_SOURCE -D_GNU_SOURCE  -D__XEN_TOOLS__ -include /build/xen/tools/libs/guest/../../../tools/config.h -iquote ../../../xen/common/libelf -iquote /build/xen/tools/libs/guest/../../../tools/libs/ctrl -pthread -I/build/xen/tools/libs/guest/../../../tools/include -I/build/xen/tools/libs/guest/../../../tools/include -I/build/xen/tools/libs/guest/../../../tools/include -I/build/xen/tools/libs/guest/../../../tools/include -I/build/xen/tools/libs/guest/../../../tools/include -Wmissing-prototypes -I/build/xen/tools/libs/guest/../../../tools/include  -I/build/xen/tools/libs/guest/../../../tools/include  -I/build/xen/tools/libs/guest/../../../tools/include -D__XEN_TOOLS__  -fPIC -c -o xg_dom_binloader.opic xg_dom_binloader.c 
riscv64-linux-gnu-gcc  -DPIC -DBUILD_ID -fno-strict-aliasing -std=gnu99 -Wall -Wstrict-prototypes -Wdeclaration-after-statement -Wno-unused-but-set-variable -Wno-unused-local-typedefs   -g3 -Werror -Og -fno-omit-frame-pointer -D__XEN_INTERFACE_VERSION__=__XEN_LATEST_INTERFACE_VERSION__ -MMD -MP -MF .xg_dom_compat_linux.opic.d -D_LARGEFILE_SOURCE -D_LARGEFILE64_SOURCE -D_GNU_SOURCE  -D__XEN_TOOLS__ -include /build/xen/tools/libs/guest/../../../tools/config.h -iquote ../../../xen/common/libelf -iquote /build/xen/tools/libs/guest/../../../tools/libs/ctrl -pthread -I/build/xen/tools/libs/guest/../../../tools/include -I/build/xen/tools/libs/guest/../../../tools/include -I/build/xen/tools/libs/guest/../../../tools/include -I/build/xen/tools/libs/guest/../../../tools/include -I/build/xen/tools/libs/guest/../../../tools/include -Wmissing-prototypes -I/build/xen/tools/libs/guest/../../../tools/include  -I/build/xen/tools/libs/guest/../../../tools/include  -I/build/xen/tools/libs/guest/../../../tools/include -D__XEN_TOOLS__  -fPIC -c -o xg_dom_compat_linux.opic xg_dom_compat_linux.c 
riscv64-linux-gnu-gcc  -DPIC -DBUILD_ID -fno-strict-aliasing -std=gnu99 -Wall -Wstrict-prototypes -Wdeclaration-after-statement -Wno-unused-but-set-variable -Wno-unused-local-typedefs   -g3 -Werror -Og -fno-omit-frame-pointer -D__XEN_INTERFACE_VERSION__=__XEN_LATEST_INTERFACE_VERSION__ -MMD -MP -MF .xg_dom_riscv.opic.d -D_LARGEFILE_SOURCE -D_LARGEFILE64_SOURCE -D_GNU_SOURCE  -D__XEN_TOOLS__ -include /build/xen/tools/libs/guest/../../../tools/config.h -iquote ../../../xen/common/libelf -iquote /build/xen/tools/libs/guest/../../../tools/libs/ctrl -pthread -I/build/xen/tools/libs/guest/../../../tools/include -I/build/xen/tools/libs/guest/../../../tools/include -I/build/xen/tools/libs/guest/../../../tools/include -I/build/xen/tools/libs/guest/../../../tools/include -I/build/xen/tools/libs/guest/../../../tools/include -Wmissing-prototypes -I/build/xen/tools/libs/guest/../../../tools/include  -I/build/xen/tools/libs/guest/../../../tools/include  -I/build/xen/tools/libs/guest/../../../tools/include -D__XEN_TOOLS__  -fPIC -c -o xg_dom_riscv.opic xg_dom_riscv.c 
echo 'libxenguest_4.18.0 { global: *; };' >./.libxenguest.map.tmp
if ! cmp -s ./.libxenguest.map.tmp libxenguest.map.tmp; then mv -f ./.libxenguest.map.tmp libxenguest.map.tmp; else rm -f ./.libxenguest.map.tmp; fi
riscv64-linux-gnu-ar rc libxenguest.a xg_private.o xg_domain.o xg_suspend.o xg_resume.o xg_nomigrate.o xg_core.o xg_core_riscv.o libelf-tools.o libelf-loader.o libelf-dominfo.o xg_dom_core.o xg_dom_boot.o xg_dom_elfloader.o xg_dom_riscvzimageloader.o xg_dom_binloader.o xg_dom_compat_linux.o xg_dom_riscv.o
riscv64-linux-gnu-gcc     -pthread -Wl,-soname -Wl,libxenguest.so.4.18 -Wl,--version-script=libxenguest.map.tmp -shared -o libxenguest.so.4.18.0 xg_private.opic xg_domain.opic xg_suspend.opic xg_resume.opic xg_nomigrate.opic xg_core.opic xg_core_riscv.opic libelf-tools.opic libelf-loader.opic libelf-dominfo.opic xg_dom_core.opic xg_dom_boot.opic xg_dom_elfloader.opic xg_dom_riscvzimageloader.opic xg_dom_binloader.opic xg_dom_compat_linux.opic xg_dom_riscv.opic         -Wl,-rpath-link=/build/xen/tools/libs/guest/../../../tools/libs/call -Wl,-rpath-link=/build/xen/tools/libs/guest/../../../tools/libs/devicemodel -Wl,-rpath-link=/build/xen/tools/libs/guest/../../../tools/libs/evtchn -Wl,-rpath-link=/build/xen/tools/libs/guest/../../../tools/libs/foreignmemory -Wl,-rpath-link=/build/xen/tools/libs/guest/../../../tools/libs/gnttab -Wl,-rpath-link=/build/xen/tools/libs/guest/../../../tools/libs/toolcore -Wl,-rpath-link=/build/xen/tools/libs/guest/../../../tools/libs/toollog      /build/xen/tools/libs/guest/../../../tools/libs/evtchn/libxenevtchn.so  /build/xen/tools/libs/guest/../../../tools/libs/ctrl/libxenctrl.so    -lz 
ln -sf libxenguest.so.4.18.0 libxenguest.so.4.18
ln -sf libxenguest.so.4.18 libxenguest.so
/build/xen/tools/libs/guest/../../../tools/cross-install -d -m0755 -p /build/xen/dist/install
/build/xen/tools/libs/guest/../../../tools/cross-install -d -m0755 -p /build/xen/dist/install
/build/xen/tools/libs/guest/../../../tools/cross-install -m0755 -p libxenguest.so.4.18.0 /build/xen/dist/install
/build/xen/tools/libs/guest/../../../tools/cross-install -m0644 -p libxenguest.a /build/xen/dist/install
ln -sf libxenguest.so.4.18.0 /build/xen/dist/install/libxenguest.so.4.18
ln -sf libxenguest.so.4.18 /build/xen/dist/install/libxenguest.so
for i in  /build/xen/tools/libs/guest/../../../tools/include/xenguest.h; do /build/xen/tools/libs/guest/../../../tools/cross-install -m0644 -p $i /build/xen/dist/install; done
/build/xen/tools/libs/guest/../../../tools/cross-install -m0644 -p xenguest.pc /build/xen/dist/install
make[7]: Leaving directory '/build/xen/tools/libs/guest'
make[6]: Leaving directory '/build/xen/tools/libs'
make[6]: Entering directory '/build/xen/tools/libs'
make -C hypfs install
make[7]: Entering directory '/build/xen/tools/libs/hypfs'
/build/xen/tools/libs/hypfs/../../../tools/cross-install -d -m0755 -p /build/xen/dist/install
/build/xen/tools/libs/hypfs/../../../tools/cross-install -d -m0755 -p /build/xen/dist/install
/build/xen/tools/libs/hypfs/../../../tools/cross-install -m0755 -p libxenhypfs.so.1.0 /build/xen/dist/install
/build/xen/tools/libs/hypfs/../../../tools/cross-install -m0644 -p libxenhypfs.a /build/xen/dist/install
ln -sf libxenhypfs.so.1.0 /build/xen/dist/install/libxenhypfs.so.1
ln -sf libxenhypfs.so.1 /build/xen/dist/install/libxenhypfs.so
for i in  /build/xen/tools/libs/hypfs/../../../tools/include/xenhypfs.h; do /build/xen/tools/libs/hypfs/../../../tools/cross-install -m0644 -p $i /build/xen/dist/install; done
/build/xen/tools/libs/hypfs/../../../tools/cross-install -m0644 -p xenhypfs.pc /build/xen/dist/install
make[7]: Leaving directory '/build/xen/tools/libs/hypfs'
make[6]: Leaving directory '/build/xen/tools/libs'
make[6]: Entering directory '/build/xen/tools/libs'
make -C store install
make[7]: Entering directory '/build/xen/tools/libs/store'
riscv64-linux-gnu-gcc  -DBUILD_ID -fno-strict-aliasing -std=gnu99 -Wall -Wstrict-prototypes -Wdeclaration-after-statement -Wno-unused-but-set-variable -Wno-unused-local-typedefs   -g3 -Werror -Og -fno-omit-frame-pointer -D__XEN_INTERFACE_VERSION__=__XEN_LATEST_INTERFACE_VERSION__ -MMD -MP -MF .xs_lib.o.d -D_LARGEFILE_SOURCE -D_LARGEFILE64_SOURCE   -Wmissing-prototypes -I/build/xen/tools/libs/store/../../../tools/include  -I/build/xen/tools/libs/store/../../../tools/include -include /build/xen/tools/libs/store/../../../tools/config.h -I/build/xen/tools/libs/store/../../../tools/include -DXEN_RUN_STORED="\"\"" -iquote /build/xen/tools/libs/store/../../../tools/xenstore  -c -o xs_lib.o /build/xen/tools/libs/store/../../../tools/xenstore/xs_lib.c 
riscv64-linux-gnu-gcc  -DBUILD_ID -fno-strict-aliasing -std=gnu99 -Wall -Wstrict-prototypes -Wdeclaration-after-statement -Wno-unused-but-set-variable -Wno-unused-local-typedefs   -g3 -Werror -Og -fno-omit-frame-pointer -D__XEN_INTERFACE_VERSION__=__XEN_LATEST_INTERFACE_VERSION__ -MMD -MP -MF .xs.o.d -D_LARGEFILE_SOURCE -D_LARGEFILE64_SOURCE   -Wmissing-prototypes -I/build/xen/tools/libs/store/../../../tools/include  -I/build/xen/tools/libs/store/../../../tools/include -include /build/xen/tools/libs/store/../../../tools/config.h -I/build/xen/tools/libs/store/../../../tools/include -DXEN_RUN_STORED="\"\"" -iquote /build/xen/tools/libs/store/../../../tools/xenstore  -c -o xs.o xs.c 
riscv64-linux-gnu-gcc  -DPIC -DBUILD_ID -fno-strict-aliasing -std=gnu99 -Wall -Wstrict-prototypes -Wdeclaration-after-statement -Wno-unused-but-set-variable -Wno-unused-local-typedefs   -g3 -Werror -Og -fno-omit-frame-pointer -D__XEN_INTERFACE_VERSION__=__XEN_LATEST_INTERFACE_VERSION__ -MMD -MP -MF .xs_lib.opic.d -D_LARGEFILE_SOURCE -D_LARGEFILE64_SOURCE   -Wmissing-prototypes -I/build/xen/tools/libs/store/../../../tools/include  -I/build/xen/tools/libs/store/../../../tools/include -include /build/xen/tools/libs/store/../../../tools/config.h -I/build/xen/tools/libs/store/../../../tools/include -DXEN_RUN_STORED="\"\"" -iquote /build/xen/tools/libs/store/../../../tools/xenstore  -fPIC -c -o xs_lib.opic /build/xen/tools/libs/store/../../../tools/xenstore/xs_lib.c 
riscv64-linux-gnu-gcc  -DPIC -DBUILD_ID -fno-strict-aliasing -std=gnu99 -Wall -Wstrict-prototypes -Wdeclaration-after-statement -Wno-unused-but-set-variable -Wno-unused-local-typedefs   -g3 -Werror -Og -fno-omit-frame-pointer -D__XEN_INTERFACE_VERSION__=__XEN_LATEST_INTERFACE_VERSION__ -MMD -MP -MF .xs.opic.d -D_LARGEFILE_SOURCE -D_LARGEFILE64_SOURCE   -Wmissing-prototypes -I/build/xen/tools/libs/store/../../../tools/include  -I/build/xen/tools/libs/store/../../../tools/include -include /build/xen/tools/libs/store/../../../tools/config.h -I/build/xen/tools/libs/store/../../../tools/include -DXEN_RUN_STORED="\"\"" -iquote /build/xen/tools/libs/store/../../../tools/xenstore -DUSE_PTHREAD -DUSE_DLSYM  -fPIC -c -o xs.opic xs.c 
riscv64-linux-gnu-ar rc libxenstore.a xs_lib.o xs.o
riscv64-linux-gnu-gcc     -pthread -Wl,-soname -Wl,libxenstore.so.4 -Wl,--version-script=libxenstore.map -shared -o libxenstore.so.4.0 xs_lib.opic xs.opic -ldl               /build/xen/tools/libs/store/../../../tools/libs/toolcore/libxentoolcore.so  
ln -sf libxenstore.so.4.0 libxenstore.so.4
ln -sf libxenstore.so.4 libxenstore.so
/build/xen/tools/libs/store/../../../tools/cross-install -d -m0755 -p /build/xen/dist/install
/build/xen/tools/libs/store/../../../tools/cross-install -d -m0755 -p /build/xen/dist/install
/build/xen/tools/libs/store/../../../tools/cross-install -m0755 -p libxenstore.so.4.0 /build/xen/dist/install
/build/xen/tools/libs/store/../../../tools/cross-install -m0644 -p libxenstore.a /build/xen/dist/install
ln -sf libxenstore.so.4.0 /build/xen/dist/install/libxenstore.so.4
ln -sf libxenstore.so.4 /build/xen/dist/install/libxenstore.so
for i in  /build/xen/tools/libs/store/../../../tools/include/xenstore.h  /build/xen/tools/libs/store/../../../tools/include/xenstore_lib.h; do /build/xen/tools/libs/store/../../../tools/cross-install -m0644 -p $i /build/xen/dist/install; done
/build/xen/tools/libs/store/../../../tools/cross-install -m0644 -p xenstore.pc /build/xen/dist/install
/build/xen/tools/libs/store/../../../tools/cross-install -d -m0755 -p /build/xen/dist/install
/build/xen/tools/libs/store/../../../tools/cross-install -d -m0755 -p /build/xen/dist/install/xenstore-compat
/build/xen/tools/libs/store/../../../tools/cross-install -m0644 -p /build/xen/tools/libs/store/../../../tools/include/xenstore-compat/xs.h /build/xen/dist/install/xenstore-compat/xs.h
/build/xen/tools/libs/store/../../../tools/cross-install -m0644 -p /build/xen/tools/libs/store/../../../tools/include/xenstore-compat/xs_lib.h /build/xen/dist/install/xenstore-compat/xs_lib.h
ln -sf xenstore-compat/xs.h  /build/xen/dist/install/xs.h
ln -sf xenstore-compat/xs_lib.h /build/xen/dist/install/xs_lib.h
make[7]: Leaving directory '/build/xen/tools/libs/store'
make[6]: Leaving directory '/build/xen/tools/libs'
make[6]: Entering directory '/build/xen/tools/libs'
make -C stat install
make[7]: Entering directory '/build/xen/tools/libs/stat'
riscv64-linux-gnu-gcc  -DBUILD_ID -fno-strict-aliasing -std=gnu99 -Wall -Wstrict-prototypes -Wdeclaration-after-statement -Wno-unused-but-set-variable -Wno-unused-local-typedefs   -g3 -Werror -Og -fno-omit-frame-pointer -D__XEN_INTERFACE_VERSION__=__XEN_LATEST_INTERFACE_VERSION__ -MMD -MP -MF .xenstat.o.d -D_LARGEFILE_SOURCE -D_LARGEFILE64_SOURCE   -include /build/xen/tools/libs/stat/../../../tools/config.h -Wmissing-prototypes -I/build/xen/tools/libs/stat/../../../tools/include  -I/build/xen/tools/libs/stat/../../../tools/include -D__XEN_TOOLS__  -I/build/xen/tools/libs/stat/../../../tools/include  -c -o xenstat.o xenstat.c 
riscv64-linux-gnu-gcc  -DBUILD_ID -fno-strict-aliasing -std=gnu99 -Wall -Wstrict-prototypes -Wdeclaration-after-statement -Wno-unused-but-set-variable -Wno-unused-local-typedefs   -g3 -Werror -Og -fno-omit-frame-pointer -D__XEN_INTERFACE_VERSION__=__XEN_LATEST_INTERFACE_VERSION__ -MMD -MP -MF .xenstat_qmp.o.d -D_LARGEFILE_SOURCE -D_LARGEFILE64_SOURCE   -include /build/xen/tools/libs/stat/../../../tools/config.h -Wmissing-prototypes -I/build/xen/tools/libs/stat/../../../tools/include  -I/build/xen/tools/libs/stat/../../../tools/include -D__XEN_TOOLS__  -I/build/xen/tools/libs/stat/../../../tools/include  -c -o xenstat_qmp.o xenstat_qmp.c 
riscv64-linux-gnu-gcc  -DBUILD_ID -fno-strict-aliasing -std=gnu99 -Wall -Wstrict-prototypes -Wdeclaration-after-statement -Wno-unused-but-set-variable -Wno-unused-local-typedefs   -g3 -Werror -Og -fno-omit-frame-pointer -D__XEN_INTERFACE_VERSION__=__XEN_LATEST_INTERFACE_VERSION__ -MMD -MP -MF .xenstat_linux.o.d -D_LARGEFILE_SOURCE -D_LARGEFILE64_SOURCE   -include /build/xen/tools/libs/stat/../../../tools/config.h -Wmissing-prototypes -I/build/xen/tools/libs/stat/../../../tools/include  -I/build/xen/tools/libs/stat/../../../tools/include -D__XEN_TOOLS__  -I/build/xen/tools/libs/stat/../../../tools/include  -c -o xenstat_linux.o xenstat_linux.c 
riscv64-linux-gnu-gcc  -DPIC -DBUILD_ID -fno-strict-aliasing -std=gnu99 -Wall -Wstrict-prototypes -Wdeclaration-after-statement -Wno-unused-but-set-variable -Wno-unused-local-typedefs   -g3 -Werror -Og -fno-omit-frame-pointer -D__XEN_INTERFACE_VERSION__=__XEN_LATEST_INTERFACE_VERSION__ -MMD -MP -MF .xenstat.opic.d -D_LARGEFILE_SOURCE -D_LARGEFILE64_SOURCE   -include /build/xen/tools/libs/stat/../../../tools/config.h -Wmissing-prototypes -I/build/xen/tools/libs/stat/../../../tools/include  -I/build/xen/tools/libs/stat/../../../tools/include -D__XEN_TOOLS__  -I/build/xen/tools/libs/stat/../../../tools/include  -fPIC -c -o xenstat.opic xenstat.c 
riscv64-linux-gnu-gcc  -DPIC -DBUILD_ID -fno-strict-aliasing -std=gnu99 -Wall -Wstrict-prototypes -Wdeclaration-after-statement -Wno-unused-but-set-variable -Wno-unused-local-typedefs   -g3 -Werror -Og -fno-omit-frame-pointer -D__XEN_INTERFACE_VERSION__=__XEN_LATEST_INTERFACE_VERSION__ -MMD -MP -MF .xenstat_qmp.opic.d -D_LARGEFILE_SOURCE -D_LARGEFILE64_SOURCE   -include /build/xen/tools/libs/stat/../../../tools/config.h -Wmissing-prototypes -I/build/xen/tools/libs/stat/../../../tools/include  -I/build/xen/tools/libs/stat/../../../tools/include -D__XEN_TOOLS__  -I/build/xen/tools/libs/stat/../../../tools/include  -fPIC -c -o xenstat_qmp.opic xenstat_qmp.c 
riscv64-linux-gnu-gcc  -DPIC -DBUILD_ID -fno-strict-aliasing -std=gnu99 -Wall -Wstrict-prototypes -Wdeclaration-after-statement -Wno-unused-but-set-variable -Wno-unused-local-typedefs   -g3 -Werror -Og -fno-omit-frame-pointer -D__XEN_INTERFACE_VERSION__=__XEN_LATEST_INTERFACE_VERSION__ -MMD -MP -MF .xenstat_linux.opic.d -D_LARGEFILE_SOURCE -D_LARGEFILE64_SOURCE   -include /build/xen/tools/libs/stat/../../../tools/config.h -Wmissing-prototypes -I/build/xen/tools/libs/stat/../../../tools/include  -I/build/xen/tools/libs/stat/../../../tools/include -D__XEN_TOOLS__  -I/build/xen/tools/libs/stat/../../../tools/include  -fPIC -c -o xenstat_linux.opic xenstat_linux.c 
echo 'libxenstat_4.18.0 { global: *; };' >./.libxenstat.map.tmp
if ! cmp -s ./.libxenstat.map.tmp libxenstat.map.tmp; then mv -f ./.libxenstat.map.tmp libxenstat.map.tmp; else rm -f ./.libxenstat.map.tmp; fi
riscv64-linux-gnu-gcc     -pthread -Wl,-soname -Wl,libxenstat.so.4.18 -Wl,--version-script=libxenstat.map.tmp -shared -o libxenstat.so.4.18.0 xenstat.opic xenstat_qmp.opic xenstat_linux.opic -lyajl         -Wl,-rpath-link=/build/xen/tools/libs/stat/../../../tools/libs/call -Wl,-rpath-link=/build/xen/tools/libs/stat/../../../tools/libs/devicemodel -Wl,-rpath-link=/build/xen/tools/libs/stat/../../../tools/libs/evtchn -Wl,-rpath-link=/build/xen/tools/libs/stat/../../../tools/libs/foreignmemory -Wl,-rpath-link=/build/xen/tools/libs/stat/../../../tools/libs/gnttab -Wl,-rpath-link=/build/xen/tools/libs/stat/../../../tools/libs/toolcore -Wl,-rpath-link=/build/xen/tools/libs/stat/../../../tools/libs/toollog      /build/xen/tools/libs/stat/../../../tools/libs/ctrl/libxenctrl.so  /build/xen/tools/libs/stat/../../../tools/libs/store/libxenstore.so  -ldl 
riscv64-linux-gnu-ar rc libxenstat.a xenstat.o xenstat_qmp.o xenstat_linux.o
ln -sf libxenstat.so.4.18.0 libxenstat.so.4.18
ln -sf libxenstat.so.4.18 libxenstat.so
/build/xen/tools/libs/stat/../../../tools/cross-install -d -m0755 -p /build/xen/dist/install
/build/xen/tools/libs/stat/../../../tools/cross-install -d -m0755 -p /build/xen/dist/install
/build/xen/tools/libs/stat/../../../tools/cross-install -m0755 -p libxenstat.so.4.18.0 /build/xen/dist/install
/build/xen/tools/libs/stat/../../../tools/cross-install -m0644 -p libxenstat.a /build/xen/dist/install
ln -sf libxenstat.so.4.18.0 /build/xen/dist/install/libxenstat.so.4.18
ln -sf libxenstat.so.4.18 /build/xen/dist/install/libxenstat.so
for i in  /build/xen/tools/libs/stat/../../../tools/include/xenstat.h; do /build/xen/tools/libs/stat/../../../tools/cross-install -m0644 -p $i /build/xen/dist/install; done
/build/xen/tools/libs/stat/../../../tools/cross-install -m0644 -p xenstat.pc /build/xen/dist/install
make[7]: Leaving directory '/build/xen/tools/libs/stat'
make[6]: Leaving directory '/build/xen/tools/libs'
make[6]: Entering directory '/build/xen/tools/libs'
make -C vchan install
make[7]: Entering directory '/build/xen/tools/libs/vchan'
echo 'libxenvchan_4.18.0 { global: *; };' >./.libxenvchan.map.tmp
if ! cmp -s ./.libxenvchan.map.tmp libxenvchan.map.tmp; then mv -f ./.libxenvchan.map.tmp libxenvchan.map.tmp; else rm -f ./.libxenvchan.map.tmp; fi
/build/xen/tools/libs/vchan/../../../tools/cross-install -d -m0755 -p /build/xen/dist/install
/build/xen/tools/libs/vchan/../../../tools/cross-install -d -m0755 -p /build/xen/dist/install
/build/xen/tools/libs/vchan/../../../tools/cross-install -m0755 -p libxenvchan.so.4.18.0 /build/xen/dist/install
/build/xen/tools/libs/vchan/../../../tools/cross-install -m0644 -p libxenvchan.a /build/xen/dist/install
ln -sf libxenvchan.so.4.18.0 /build/xen/dist/install/libxenvchan.so.4.18
ln -sf libxenvchan.so.4.18 /build/xen/dist/install/libxenvchan.so
for i in  /build/xen/tools/libs/vchan/../../../tools/include/libxenvchan.h; do /build/xen/tools/libs/vchan/../../../tools/cross-install -m0644 -p $i /build/xen/dist/install; done
/build/xen/tools/libs/vchan/../../../tools/cross-install -m0644 -p xenvchan.pc /build/xen/dist/install
make[7]: Leaving directory '/build/xen/tools/libs/vchan'
make[6]: Leaving directory '/build/xen/tools/libs'
make[6]: Entering directory '/build/xen/tools/libs'
make -C light install
make[7]: Entering directory '/build/xen/tools/libs/light'
sed "s!\(^\| \)$PWD/! !" ._libxl_save_msgs_callout.o.d >._libxl_save_msgs_callout.o.d2.tmp && mv -f ._libxl_save_msgs_callout.o.d2.tmp ._libxl_save_msgs_callout.o.d2
sed "s!\(^\| \)$PWD/! !" .libxl_aoutils.o.d >.libxl_aoutils.o.d2.tmp && mv -f .libxl_aoutils.o.d2.tmp .libxl_aoutils.o.d2
sed "s!\(^\| \)$PWD/! !" .libxl_device.o.d >.libxl_device.o.d2.tmp && mv -f .libxl_device.o.d2.tmp .libxl_device.o.d2
sed "s!\(^\| \)$PWD/! !" .libxl_dom.o.d >.libxl_dom.o.d2.tmp && mv -f .libxl_dom.o.d2.tmp .libxl_dom.o.d2
sed "s!\(^\| \)$PWD/! !" .libxl_dom_suspend.o.d >.libxl_dom_suspend.o.d2.tmp && mv -f .libxl_dom_suspend.o.d2.tmp .libxl_dom_suspend.o.d2
sed "s!\(^\| \)$PWD/! !" .libxl_event.o.d >.libxl_event.o.d2.tmp && mv -f .libxl_event.o.d2.tmp .libxl_event.o.d2
sed "s!\(^\| \)$PWD/! !" .libxl_exec.o.d >.libxl_exec.o.d2.tmp && mv -f .libxl_exec.o.d2.tmp .libxl_exec.o.d2
sed "s!\(^\| \)$PWD/! !" .libxl_fork.o.d >.libxl_fork.o.d2.tmp && mv -f .libxl_fork.o.d2.tmp .libxl_fork.o.d2
sed "s!\(^\| \)$PWD/! !" .libxl_internal.o.d >.libxl_internal.o.d2.tmp && mv -f .libxl_internal.o.d2.tmp .libxl_internal.o.d2
sed "s!\(^\| \)$PWD/! !" .libxl_json.o.d >.libxl_json.o.d2.tmp && mv -f .libxl_json.o.d2.tmp .libxl_json.o.d2
sed "s!\(^\| \)$PWD/! !" .libxl_libfdt_compat.o.d >.libxl_libfdt_compat.o.d2.tmp && mv -f .libxl_libfdt_compat.o.d2.tmp .libxl_libfdt_compat.o.d2
sed "s!\(^\| \)$PWD/! !" .libxl_numa.o.d >.libxl_numa.o.d2.tmp && mv -f .libxl_numa.o.d2.tmp .libxl_numa.o.d2
sed "s!\(^\| \)$PWD/! !" .libxl_qmp.o.d >.libxl_qmp.o.d2.tmp && mv -f .libxl_qmp.o.d2.tmp .libxl_qmp.o.d2
sed "s!\(^\| \)$PWD/! !" .libxl_riscv.o.d >.libxl_riscv.o.d2.tmp && mv -f .libxl_riscv.o.d2.tmp .libxl_riscv.o.d2
sed "s!\(^\| \)$PWD/! !" .libxl_save_callout.o.d >.libxl_save_callout.o.d2.tmp && mv -f .libxl_save_callout.o.d2.tmp .libxl_save_callout.o.d2
sed "s!\(^\| \)$PWD/! !" .libxl_stream_read.o.d >.libxl_stream_read.o.d2.tmp && mv -f .libxl_stream_read.o.d2.tmp .libxl_stream_read.o.d2
sed "s!\(^\| \)$PWD/! !" .libxl_stream_write.o.d >.libxl_stream_write.o.d2.tmp && mv -f .libxl_stream_write.o.d2.tmp .libxl_stream_write.o.d2
sed "s!\(^\| \)$PWD/! !" .libxl_utils.o.d >.libxl_utils.o.d2.tmp && mv -f .libxl_utils.o.d2.tmp .libxl_utils.o.d2
sed "s!\(^\| \)$PWD/! !" .libxl_uuid.o.d >.libxl_uuid.o.d2.tmp && mv -f .libxl_uuid.o.d2.tmp .libxl_uuid.o.d2
sed "s!\(^\| \)$PWD/! !" .libxl_vnuma.o.d >.libxl_vnuma.o.d2.tmp && mv -f .libxl_vnuma.o.d2.tmp .libxl_vnuma.o.d2
sed "s!\(^\| \)$PWD/! !" .libxl_xshelp.o.d >.libxl_xshelp.o.d2.tmp && mv -f .libxl_xshelp.o.d2.tmp .libxl_xshelp.o.d2
riscv64-linux-gnu-gcc  -DBUILD_ID -fno-strict-aliasing -std=gnu99 -Wall -Wstrict-prototypes -Wdeclaration-after-statement -Wno-unused-but-set-variable -Wno-unused-local-typedefs   -g3 -Werror -Og -fno-omit-frame-pointer -D__XEN_INTERFACE_VERSION__=__XEN_LATEST_INTERFACE_VERSION__ -MMD -MP -MF .osdeps.o.d -D_LARGEFILE_SOURCE -D_LARGEFILE64_SOURCE   -Wno-format-zero-length -Wmissing-declarations -Wno-declaration-after-statement -Wformat-nonliteral -pthread -Wmissing-prototypes -I/build/xen/tools/libs/light/../../../tools/include  -I/build/xen/tools/libs/light/../../../tools/include  -I/build/xen/tools/libs/light/../../../tools/include  -I/build/xen/tools/libs/light/../../../tools/include  -I/build/xen/tools/libs/light/../../../tools/include -D__XEN_TOOLS__  -I/build/xen/tools/libs/light/../../../tools/include  -I/build/xen/tools/libs/light/../../../tools/include  -I/build/xen/tools/libs/light/../../../tools/include -Wshadow -DCONFIG_DEBUG -include /build/xen/tools/libs/light/../../../tools/config.h  -c -o osdeps.o osdeps.c 
riscv64-linux-gnu-gcc  -DBUILD_ID -fno-strict-aliasing -std=gnu99 -Wall -Wstrict-prototypes -Wdeclaration-after-statement -Wno-unused-but-set-variable -Wno-unused-local-typedefs   -g3 -Werror -Og -fno-omit-frame-pointer -D__XEN_INTERFACE_VERSION__=__XEN_LATEST_INTERFACE_VERSION__ -MMD -MP -MF .libxl_paths.o.d -D_LARGEFILE_SOURCE -D_LARGEFILE64_SOURCE   -Wno-format-zero-length -Wmissing-declarations -Wno-declaration-after-statement -Wformat-nonliteral -pthread -Wmissing-prototypes -I/build/xen/tools/libs/light/../../../tools/include  -I/build/xen/tools/libs/light/../../../tools/include  -I/build/xen/tools/libs/light/../../../tools/include  -I/build/xen/tools/libs/light/../../../tools/include  -I/build/xen/tools/libs/light/../../../tools/include -D__XEN_TOOLS__  -I/build/xen/tools/libs/light/../../../tools/include  -I/build/xen/tools/libs/light/../../../tools/include  -I/build/xen/tools/libs/light/../../../tools/include -Wshadow -DCONFIG_DEBUG -include /build/xen/tools/libs/light/../../../tools/config.h  -c -o libxl_paths.o libxl_paths.c 
riscv64-linux-gnu-gcc  -DBUILD_ID -fno-strict-aliasing -std=gnu99 -Wall -Wstrict-prototypes -Wdeclaration-after-statement -Wno-unused-but-set-variable -Wno-unused-local-typedefs   -g3 -Werror -Og -fno-omit-frame-pointer -D__XEN_INTERFACE_VERSION__=__XEN_LATEST_INTERFACE_VERSION__ -MMD -MP -MF .libxl_bootloader.o.d -D_LARGEFILE_SOURCE -D_LARGEFILE64_SOURCE   -Wno-format-zero-length -Wmissing-declarations -Wno-declaration-after-statement -Wformat-nonliteral -pthread -Wmissing-prototypes -I/build/xen/tools/libs/light/../../../tools/include  -I/build/xen/tools/libs/light/../../../tools/include  -I/build/xen/tools/libs/light/../../../tools/include  -I/build/xen/tools/libs/light/../../../tools/include  -I/build/xen/tools/libs/light/../../../tools/include -D__XEN_TOOLS__  -I/build/xen/tools/libs/light/../../../tools/include  -I/build/xen/tools/libs/light/../../../tools/include  -I/build/xen/tools/libs/light/../../../tools/include -Wshadow -DCONFIG_DEBUG -include /build/xen/tools/libs/light/../../../tools/config.h  -c -o libxl_bootloader.o libxl_bootloader.c 
riscv64-linux-gnu-gcc  -DBUILD_ID -fno-strict-aliasing -std=gnu99 -Wall -Wstrict-prototypes -Wdeclaration-after-statement -Wno-unused-but-set-variable -Wno-unused-local-typedefs   -g3 -Werror -Og -fno-omit-frame-pointer -D__XEN_INTERFACE_VERSION__=__XEN_LATEST_INTERFACE_VERSION__ -MMD -MP -MF .flexarray.o.d -D_LARGEFILE_SOURCE -D_LARGEFILE64_SOURCE   -Wno-format-zero-length -Wmissing-declarations -Wno-declaration-after-statement -Wformat-nonliteral -pthread -Wmissing-prototypes -I/build/xen/tools/libs/light/../../../tools/include  -I/build/xen/tools/libs/light/../../../tools/include  -I/build/xen/tools/libs/light/../../../tools/include  -I/build/xen/tools/libs/light/../../../tools/include  -I/build/xen/tools/libs/light/../../../tools/include -D__XEN_TOOLS__  -I/build/xen/tools/libs/light/../../../tools/include  -I/build/xen/tools/libs/light/../../../tools/include  -I/build/xen/tools/libs/light/../../../tools/include -Wshadow -DCONFIG_DEBUG -include /build/xen/tools/libs/light/../../../tools/config.h  -c -o flexarray.o flexarray.c 
riscv64-linux-gnu-gcc  -DBUILD_ID -fno-strict-aliasing -std=gnu99 -Wall -Wstrict-prototypes -Wdeclaration-after-statement -Wno-unused-but-set-variable -Wno-unused-local-typedefs   -g3 -Werror -Og -fno-omit-frame-pointer -D__XEN_INTERFACE_VERSION__=__XEN_LATEST_INTERFACE_VERSION__ -MMD -MP -MF .libxl_nonetbuffer.o.d -D_LARGEFILE_SOURCE -D_LARGEFILE64_SOURCE   -Wno-format-zero-length -Wmissing-declarations -Wno-declaration-after-statement -Wformat-nonliteral -pthread -Wmissing-prototypes -I/build/xen/tools/libs/light/../../../tools/include  -I/build/xen/tools/libs/light/../../../tools/include  -I/build/xen/tools/libs/light/../../../tools/include  -I/build/xen/tools/libs/light/../../../tools/include  -I/build/xen/tools/libs/light/../../../tools/include -D__XEN_TOOLS__  -I/build/xen/tools/libs/light/../../../tools/include  -I/build/xen/tools/libs/light/../../../tools/include  -I/build/xen/tools/libs/light/../../../tools/include -Wshadow -DCONFIG_DEBUG -include /build/xen/tools/libs/light/../../../tools/config.h  -c -o libxl_nonetbuffer.o libxl_nonetbuffer.c 
riscv64-linux-gnu-gcc  -DBUILD_ID -fno-strict-aliasing -std=gnu99 -Wall -Wstrict-prototypes -Wdeclaration-after-statement -Wno-unused-but-set-variable -Wno-unused-local-typedefs   -g3 -Werror -Og -fno-omit-frame-pointer -D__XEN_INTERFACE_VERSION__=__XEN_LATEST_INTERFACE_VERSION__ -MMD -MP -MF .libxl_no_convert_callout.o.d -D_LARGEFILE_SOURCE -D_LARGEFILE64_SOURCE   -Wno-format-zero-length -Wmissing-declarations -Wno-declaration-after-statement -Wformat-nonliteral -pthread -Wmissing-prototypes -I/build/xen/tools/libs/light/../../../tools/include  -I/build/xen/tools/libs/light/../../../tools/include  -I/build/xen/tools/libs/light/../../../tools/include  -I/build/xen/tools/libs/light/../../../tools/include  -I/build/xen/tools/libs/light/../../../tools/include -D__XEN_TOOLS__  -I/build/xen/tools/libs/light/../../../tools/include  -I/build/xen/tools/libs/light/../../../tools/include  -I/build/xen/tools/libs/light/../../../tools/include -Wshadow -DCONFIG_DEBUG -include /build/xen/tools/libs/light/../../../tools/config.h  -c -o libxl_no_convert_callout.o libxl_no_convert_callout.c 
riscv64-linux-gnu-gcc  -DBUILD_ID -fno-strict-aliasing -std=gnu99 -Wall -Wstrict-prototypes -Wdeclaration-after-statement -Wno-unused-but-set-variable -Wno-unused-local-typedefs   -g3 -Werror -Og -fno-omit-frame-pointer -D__XEN_INTERFACE_VERSION__=__XEN_LATEST_INTERFACE_VERSION__ -MMD -MP -MF .libxl_remus.o.d -D_LARGEFILE_SOURCE -D_LARGEFILE64_SOURCE   -Wno-format-zero-length -Wmissing-declarations -Wno-declaration-after-statement -Wformat-nonliteral -pthread -Wmissing-prototypes -I/build/xen/tools/libs/light/../../../tools/include  -I/build/xen/tools/libs/light/../../../tools/include  -I/build/xen/tools/libs/light/../../../tools/include  -I/build/xen/tools/libs/light/../../../tools/include  -I/build/xen/tools/libs/light/../../../tools/include -D__XEN_TOOLS__  -I/build/xen/tools/libs/light/../../../tools/include  -I/build/xen/tools/libs/light/../../../tools/include  -I/build/xen/tools/libs/light/../../../tools/include -Wshadow -DCONFIG_DEBUG -include /build/xen/tools/libs/light/../../../tools/config.h  -c -o libxl_remus.o libxl_remus.c 
riscv64-linux-gnu-gcc  -DBUILD_ID -fno-strict-aliasing -std=gnu99 -Wall -Wstrict-prototypes -Wdeclaration-after-statement -Wno-unused-but-set-variable -Wno-unused-local-typedefs   -g3 -Werror -Og -fno-omit-frame-pointer -D__XEN_INTERFACE_VERSION__=__XEN_LATEST_INTERFACE_VERSION__ -MMD -MP -MF .libxl_checkpoint_device.o.d -D_LARGEFILE_SOURCE -D_LARGEFILE64_SOURCE   -Wno-format-zero-length -Wmissing-declarations -Wno-declaration-after-statement -Wformat-nonliteral -pthread -Wmissing-prototypes -I/build/xen/tools/libs/light/../../../tools/include  -I/build/xen/tools/libs/light/../../../tools/include  -I/build/xen/tools/libs/light/../../../tools/include  -I/build/xen/tools/libs/light/../../../tools/include  -I/build/xen/tools/libs/light/../../../tools/include -D__XEN_TOOLS__  -I/build/xen/tools/libs/light/../../../tools/include  -I/build/xen/tools/libs/light/../../../tools/include  -I/build/xen/tools/libs/light/../../../tools/include -Wshadow -DCONFIG_DEBUG -include /build/xen/tools/libs/light/../../../tools/config.h  -c -o libxl_checkpoint_device.o libxl_checkpoint_device.c 
riscv64-linux-gnu-gcc  -DBUILD_ID -fno-strict-aliasing -std=gnu99 -Wall -Wstrict-prototypes -Wdeclaration-after-statement -Wno-unused-but-set-variable -Wno-unused-local-typedefs   -g3 -Werror -Og -fno-omit-frame-pointer -D__XEN_INTERFACE_VERSION__=__XEN_LATEST_INTERFACE_VERSION__ -MMD -MP -MF .libxl_remus_disk_drbd.o.d -D_LARGEFILE_SOURCE -D_LARGEFILE64_SOURCE   -Wno-format-zero-length -Wmissing-declarations -Wno-declaration-after-statement -Wformat-nonliteral -pthread -Wmissing-prototypes -I/build/xen/tools/libs/light/../../../tools/include  -I/build/xen/tools/libs/light/../../../tools/include  -I/build/xen/tools/libs/light/../../../tools/include  -I/build/xen/tools/libs/light/../../../tools/include  -I/build/xen/tools/libs/light/../../../tools/include -D__XEN_TOOLS__  -I/build/xen/tools/libs/light/../../../tools/include  -I/build/xen/tools/libs/light/../../../tools/include  -I/build/xen/tools/libs/light/../../../tools/include -Wshadow -DCONFIG_DEBUG -include /build/xen/tools/libs/light/../../../tools/config.h  -c -o libxl_remus_disk_drbd.o libxl_remus_disk_drbd.c 
riscv64-linux-gnu-gcc  -DBUILD_ID -fno-strict-aliasing -std=gnu99 -Wall -Wstrict-prototypes -Wdeclaration-after-statement -Wno-unused-but-set-variable -Wno-unused-local-typedefs   -g3 -Werror -Og -fno-omit-frame-pointer -D__XEN_INTERFACE_VERSION__=__XEN_LATEST_INTERFACE_VERSION__ -MMD -MP -MF .libxl_no_colo.o.d -D_LARGEFILE_SOURCE -D_LARGEFILE64_SOURCE   -Wno-format-zero-length -Wmissing-declarations -Wno-declaration-after-statement -Wformat-nonliteral -pthread -Wmissing-prototypes -I/build/xen/tools/libs/light/../../../tools/include  -I/build/xen/tools/libs/light/../../../tools/include  -I/build/xen/tools/libs/light/../../../tools/include  -I/build/xen/tools/libs/light/../../../tools/include  -I/build/xen/tools/libs/light/../../../tools/include -D__XEN_TOOLS__  -I/build/xen/tools/libs/light/../../../tools/include  -I/build/xen/tools/libs/light/../../../tools/include  -I/build/xen/tools/libs/light/../../../tools/include -Wshadow -DCONFIG_DEBUG -include /build/xen/tools/libs/light/../../../tools/config.h  -c -o libxl_no_colo.o libxl_no_colo.c 
riscv64-linux-gnu-gcc  -DBUILD_ID -fno-strict-aliasing -std=gnu99 -Wall -Wstrict-prototypes -Wdeclaration-after-statement -Wno-unused-but-set-variable -Wno-unused-local-typedefs   -g3 -Werror -Og -fno-omit-frame-pointer -D__XEN_INTERFACE_VERSION__=__XEN_LATEST_INTERFACE_VERSION__ -MMD -MP -MF .libxl_riscv.o.d -D_LARGEFILE_SOURCE -D_LARGEFILE64_SOURCE   -Wno-format-zero-length -Wmissing-declarations -Wno-declaration-after-statement -Wformat-nonliteral -pthread -Wmissing-prototypes -I/build/xen/tools/libs/light/../../../tools/include  -I/build/xen/tools/libs/light/../../../tools/include  -I/build/xen/tools/libs/light/../../../tools/include  -I/build/xen/tools/libs/light/../../../tools/include  -I/build/xen/tools/libs/light/../../../tools/include -D__XEN_TOOLS__  -I/build/xen/tools/libs/light/../../../tools/include  -I/build/xen/tools/libs/light/../../../tools/include  -I/build/xen/tools/libs/light/../../../tools/include -Wshadow -DCONFIG_DEBUG -include /build/xen/tools/libs/light/../../../tools/config.h  -c -o libxl_riscv.o libxl_riscv.c 
riscv64-linux-gnu-gcc  -DBUILD_ID -fno-strict-aliasing -std=gnu99 -Wall -Wstrict-prototypes -Wdeclaration-after-statement -Wno-unused-but-set-variable -Wno-unused-local-typedefs   -g3 -Werror -Og -fno-omit-frame-pointer -D__XEN_INTERFACE_VERSION__=__XEN_LATEST_INTERFACE_VERSION__ -MMD -MP -MF .libxl_nocpuid.o.d -D_LARGEFILE_SOURCE -D_LARGEFILE64_SOURCE   -Wno-format-zero-length -Wmissing-declarations -Wno-declaration-after-statement -Wformat-nonliteral -pthread -Wmissing-prototypes -I/build/xen/tools/libs/light/../../../tools/include  -I/build/xen/tools/libs/light/../../../tools/include  -I/build/xen/tools/libs/light/../../../tools/include  -I/build/xen/tools/libs/light/../../../tools/include  -I/build/xen/tools/libs/light/../../../tools/include -D__XEN_TOOLS__  -I/build/xen/tools/libs/light/../../../tools/include  -I/build/xen/tools/libs/light/../../../tools/include  -I/build/xen/tools/libs/light/../../../tools/include -Wshadow -DCONFIG_DEBUG -include /build/xen/tools/libs/light/../../../tools/config.h  -c -o libxl_nocpuid.o libxl_nocpuid.c 
riscv64-linux-gnu-gcc  -DBUILD_ID -fno-strict-aliasing -std=gnu99 -Wall -Wstrict-prototypes -Wdeclaration-after-statement -Wno-unused-but-set-variable -Wno-unused-local-typedefs   -g3 -Werror -Og -fno-omit-frame-pointer -D__XEN_INTERFACE_VERSION__=__XEN_LATEST_INTERFACE_VERSION__ -MMD -MP -MF .libxl_libfdt_compat.o.d -D_LARGEFILE_SOURCE -D_LARGEFILE64_SOURCE   -Wno-format-zero-length -Wmissing-declarations -Wno-declaration-after-statement -Wformat-nonliteral -pthread -Wmissing-prototypes -I/build/xen/tools/libs/light/../../../tools/include  -I/build/xen/tools/libs/light/../../../tools/include  -I/build/xen/tools/libs/light/../../../tools/include  -I/build/xen/tools/libs/light/../../../tools/include  -I/build/xen/tools/libs/light/../../../tools/include -D__XEN_TOOLS__  -I/build/xen/tools/libs/light/../../../tools/include  -I/build/xen/tools/libs/light/../../../tools/include  -I/build/xen/tools/libs/light/../../../tools/include -Wshadow -DCONFIG_DEBUG -include /build/xen/tools/libs/light/../../../tools/config.h  -c -o libxl_libfdt_compat.o libxl_libfdt_compat.c 
riscv64-linux-gnu-gcc  -DBUILD_ID -fno-strict-aliasing -std=gnu99 -Wall -Wstrict-prototypes -Wdeclaration-after-statement -Wno-unused-but-set-variable -Wno-unused-local-typedefs   -g3 -Werror -Og -fno-omit-frame-pointer -D__XEN_INTERFACE_VERSION__=__XEN_LATEST_INTERFACE_VERSION__ -MMD -MP -MF .libxl_linux.o.d -D_LARGEFILE_SOURCE -D_LARGEFILE64_SOURCE   -Wno-format-zero-length -Wmissing-declarations -Wno-declaration-after-statement -Wformat-nonliteral -pthread -Wmissing-prototypes -I/build/xen/tools/libs/light/../../../tools/include  -I/build/xen/tools/libs/light/../../../tools/include  -I/build/xen/tools/libs/light/../../../tools/include  -I/build/xen/tools/libs/light/../../../tools/include  -I/build/xen/tools/libs/light/../../../tools/include -D__XEN_TOOLS__  -I/build/xen/tools/libs/light/../../../tools/include  -I/build/xen/tools/libs/light/../../../tools/include  -I/build/xen/tools/libs/light/../../../tools/include -Wshadow -DCONFIG_DEBUG -include /build/xen/tools/libs/light/../../../tools/config.h  -c -o libxl_linux.o libxl_linux.c 
riscv64-linux-gnu-gcc  -DBUILD_ID -fno-strict-aliasing -std=gnu99 -Wall -Wstrict-prototypes -Wdeclaration-after-statement -Wno-unused-but-set-variable -Wno-unused-local-typedefs   -g3 -Werror -Og -fno-omit-frame-pointer -D__XEN_INTERFACE_VERSION__=__XEN_LATEST_INTERFACE_VERSION__ -MMD -MP -MF .libxl_setresuid.o.d -D_LARGEFILE_SOURCE -D_LARGEFILE64_SOURCE   -Wno-format-zero-length -Wmissing-declarations -Wno-declaration-after-statement -Wformat-nonliteral -pthread -Wmissing-prototypes -I/build/xen/tools/libs/light/../../../tools/include  -I/build/xen/tools/libs/light/../../../tools/include  -I/build/xen/tools/libs/light/../../../tools/include  -I/build/xen/tools/libs/light/../../../tools/include  -I/build/xen/tools/libs/light/../../../tools/include -D__XEN_TOOLS__  -I/build/xen/tools/libs/light/../../../tools/include  -I/build/xen/tools/libs/light/../../../tools/include  -I/build/xen/tools/libs/light/../../../tools/include -Wshadow -DCONFIG_DEBUG -include /build/xen/tools/libs/light/../../../tools/config.h  -c -o libxl_setresuid.o libxl_setresuid.c 
riscv64-linux-gnu-gcc  -DBUILD_ID -fno-strict-aliasing -std=gnu99 -Wall -Wstrict-prototypes -Wdeclaration-after-statement -Wno-unused-but-set-variable -Wno-unused-local-typedefs   -g3 -Werror -Og -fno-omit-frame-pointer -D__XEN_INTERFACE_VERSION__=__XEN_LATEST_INTERFACE_VERSION__ -MMD -MP -MF .libxl.o.d -D_LARGEFILE_SOURCE -D_LARGEFILE64_SOURCE   -Wno-format-zero-length -Wmissing-declarations -Wno-declaration-after-statement -Wformat-nonliteral -pthread -Wmissing-prototypes -I/build/xen/tools/libs/light/../../../tools/include  -I/build/xen/tools/libs/light/../../../tools/include  -I/build/xen/tools/libs/light/../../../tools/include  -I/build/xen/tools/libs/light/../../../tools/include  -I/build/xen/tools/libs/light/../../../tools/include -D__XEN_TOOLS__  -I/build/xen/tools/libs/light/../../../tools/include  -I/build/xen/tools/libs/light/../../../tools/include  -I/build/xen/tools/libs/light/../../../tools/include -Wshadow -DCONFIG_DEBUG -include /build/xen/tools/libs/light/../../../tools/config.h  -c -o libxl.o libxl.c 
riscv64-linux-gnu-gcc  -DBUILD_ID -fno-strict-aliasing -std=gnu99 -Wall -Wstrict-prototypes -Wdeclaration-after-statement -Wno-unused-but-set-variable -Wno-unused-local-typedefs   -g3 -Werror -Og -fno-omit-frame-pointer -D__XEN_INTERFACE_VERSION__=__XEN_LATEST_INTERFACE_VERSION__ -MMD -MP -MF .libxl_create.o.d -D_LARGEFILE_SOURCE -D_LARGEFILE64_SOURCE   -Wno-format-zero-length -Wmissing-declarations -Wno-declaration-after-statement -Wformat-nonliteral -pthread -Wmissing-prototypes -I/build/xen/tools/libs/light/../../../tools/include  -I/build/xen/tools/libs/light/../../../tools/include  -I/build/xen/tools/libs/light/../../../tools/include  -I/build/xen/tools/libs/light/../../../tools/include  -I/build/xen/tools/libs/light/../../../tools/include -D__XEN_TOOLS__  -I/build/xen/tools/libs/light/../../../tools/include  -I/build/xen/tools/libs/light/../../../tools/include  -I/build/xen/tools/libs/light/../../../tools/include -Wshadow -DCONFIG_DEBUG -include /build/xen/tools/libs/light/../../../tools/config.h  -c -o libxl_create.o libxl_create.c 
riscv64-linux-gnu-gcc  -DBUILD_ID -fno-strict-aliasing -std=gnu99 -Wall -Wstrict-prototypes -Wdeclaration-after-statement -Wno-unused-but-set-variable -Wno-unused-local-typedefs   -g3 -Werror -Og -fno-omit-frame-pointer -D__XEN_INTERFACE_VERSION__=__XEN_LATEST_INTERFACE_VERSION__ -MMD -MP -MF .libxl_dm.o.d -D_LARGEFILE_SOURCE -D_LARGEFILE64_SOURCE   -Wno-format-zero-length -Wmissing-declarations -Wno-declaration-after-statement -Wformat-nonliteral -pthread -Wmissing-prototypes -I/build/xen/tools/libs/light/../../../tools/include  -I/build/xen/tools/libs/light/../../../tools/include  -I/build/xen/tools/libs/light/../../../tools/include  -I/build/xen/tools/libs/light/../../../tools/include  -I/build/xen/tools/libs/light/../../../tools/include -D__XEN_TOOLS__  -I/build/xen/tools/libs/light/../../../tools/include  -I/build/xen/tools/libs/light/../../../tools/include  -I/build/xen/tools/libs/light/../../../tools/include -Wshadow -DCONFIG_DEBUG -include /build/xen/tools/libs/light/../../../tools/config.h  -c -o libxl_dm.o libxl_dm.c 
riscv64-linux-gnu-gcc  -DBUILD_ID -fno-strict-aliasing -std=gnu99 -Wall -Wstrict-prototypes -Wdeclaration-after-statement -Wno-unused-but-set-variable -Wno-unused-local-typedefs   -g3 -Werror -Og -fno-omit-frame-pointer -D__XEN_INTERFACE_VERSION__=__XEN_LATEST_INTERFACE_VERSION__ -MMD -MP -MF .libxl_pci.o.d -D_LARGEFILE_SOURCE -D_LARGEFILE64_SOURCE   -Wno-format-zero-length -Wmissing-declarations -Wno-declaration-after-statement -Wformat-nonliteral -pthread -Wmissing-prototypes -I/build/xen/tools/libs/light/../../../tools/include  -I/build/xen/tools/libs/light/../../../tools/include  -I/build/xen/tools/libs/light/../../../tools/include  -I/build/xen/tools/libs/light/../../../tools/include  -I/build/xen/tools/libs/light/../../../tools/include -D__XEN_TOOLS__  -I/build/xen/tools/libs/light/../../../tools/include  -I/build/xen/tools/libs/light/../../../tools/include  -I/build/xen/tools/libs/light/../../../tools/include -Wshadow -DCONFIG_DEBUG -include /build/xen/tools/libs/light/../../../tools/config.h  -c -o libxl_pci.o libxl_pci.c 
riscv64-linux-gnu-gcc  -DBUILD_ID -fno-strict-aliasing -std=gnu99 -Wall -Wstrict-prototypes -Wdeclaration-after-statement -Wno-unused-but-set-variable -Wno-unused-local-typedefs   -g3 -Werror -Og -fno-omit-frame-pointer -D__XEN_INTERFACE_VERSION__=__XEN_LATEST_INTERFACE_VERSION__ -MMD -MP -MF .libxl_dom.o.d -D_LARGEFILE_SOURCE -D_LARGEFILE64_SOURCE   -Wno-format-zero-length -Wmissing-declarations -Wno-declaration-after-statement -Wformat-nonliteral -pthread -Wmissing-prototypes -I/build/xen/tools/libs/light/../../../tools/include  -I/build/xen/tools/libs/light/../../../tools/include  -I/build/xen/tools/libs/light/../../../tools/include  -I/build/xen/tools/libs/light/../../../tools/include  -I/build/xen/tools/libs/light/../../../tools/include -D__XEN_TOOLS__  -I/build/xen/tools/libs/light/../../../tools/include  -I/build/xen/tools/libs/light/../../../tools/include  -I/build/xen/tools/libs/light/../../../tools/include -Wshadow -DCONFIG_DEBUG -include /build/xen/tools/libs/light/../../../tools/config.h  -c -o libxl_dom.o libxl_dom.c 
riscv64-linux-gnu-gcc  -DBUILD_ID -fno-strict-aliasing -std=gnu99 -Wall -Wstrict-prototypes -Wdeclaration-after-statement -Wno-unused-but-set-variable -Wno-unused-local-typedefs   -g3 -Werror -Og -fno-omit-frame-pointer -D__XEN_INTERFACE_VERSION__=__XEN_LATEST_INTERFACE_VERSION__ -MMD -MP -MF .libxl_exec.o.d -D_LARGEFILE_SOURCE -D_LARGEFILE64_SOURCE   -Wno-format-zero-length -Wmissing-declarations -Wno-declaration-after-statement -Wformat-nonliteral -pthread -Wmissing-prototypes -I/build/xen/tools/libs/light/../../../tools/include  -I/build/xen/tools/libs/light/../../../tools/include  -I/build/xen/tools/libs/light/../../../tools/include  -I/build/xen/tools/libs/light/../../../tools/include  -I/build/xen/tools/libs/light/../../../tools/include -D__XEN_TOOLS__  -I/build/xen/tools/libs/light/../../../tools/include  -I/build/xen/tools/libs/light/../../../tools/include  -I/build/xen/tools/libs/light/../../../tools/include -Wshadow -DCONFIG_DEBUG -include /build/xen/tools/libs/light/../../../tools/config.h  -c -o libxl_exec.o libxl_exec.c 
riscv64-linux-gnu-gcc  -DBUILD_ID -fno-strict-aliasing -std=gnu99 -Wall -Wstrict-prototypes -Wdeclaration-after-statement -Wno-unused-but-set-variable -Wno-unused-local-typedefs   -g3 -Werror -Og -fno-omit-frame-pointer -D__XEN_INTERFACE_VERSION__=__XEN_LATEST_INTERFACE_VERSION__ -MMD -MP -MF .libxl_xshelp.o.d -D_LARGEFILE_SOURCE -D_LARGEFILE64_SOURCE   -Wno-format-zero-length -Wmissing-declarations -Wno-declaration-after-statement -Wformat-nonliteral -pthread -Wmissing-prototypes -I/build/xen/tools/libs/light/../../../tools/include  -I/build/xen/tools/libs/light/../../../tools/include  -I/build/xen/tools/libs/light/../../../tools/include  -I/build/xen/tools/libs/light/../../../tools/include  -I/build/xen/tools/libs/light/../../../tools/include -D__XEN_TOOLS__  -I/build/xen/tools/libs/light/../../../tools/include  -I/build/xen/tools/libs/light/../../../tools/include  -I/build/xen/tools/libs/light/../../../tools/include -Wshadow -DCONFIG_DEBUG -include /build/xen/tools/libs/light/../../../tools/config.h  -c -o libxl_xshelp.o libxl_xshelp.c 
riscv64-linux-gnu-gcc  -DBUILD_ID -fno-strict-aliasing -std=gnu99 -Wall -Wstrict-prototypes -Wdeclaration-after-statement -Wno-unused-but-set-variable -Wno-unused-local-typedefs   -g3 -Werror -Og -fno-omit-frame-pointer -D__XEN_INTERFACE_VERSION__=__XEN_LATEST_INTERFACE_VERSION__ -MMD -MP -MF .libxl_device.o.d -D_LARGEFILE_SOURCE -D_LARGEFILE64_SOURCE   -Wno-format-zero-length -Wmissing-declarations -Wno-declaration-after-statement -Wformat-nonliteral -pthread -Wmissing-prototypes -I/build/xen/tools/libs/light/../../../tools/include  -I/build/xen/tools/libs/light/../../../tools/include  -I/build/xen/tools/libs/light/../../../tools/include  -I/build/xen/tools/libs/light/../../../tools/include  -I/build/xen/tools/libs/light/../../../tools/include -D__XEN_TOOLS__  -I/build/xen/tools/libs/light/../../../tools/include  -I/build/xen/tools/libs/light/../../../tools/include  -I/build/xen/tools/libs/light/../../../tools/include -Wshadow -DCONFIG_DEBUG -include /build/xen/tools/libs/light/../../../tools/config.h  -c -o libxl_device.o libxl_device.c 
riscv64-linux-gnu-gcc  -DBUILD_ID -fno-strict-aliasing -std=gnu99 -Wall -Wstrict-prototypes -Wdeclaration-after-statement -Wno-unused-but-set-variable -Wno-unused-local-typedefs   -g3 -Werror -Og -fno-omit-frame-pointer -D__XEN_INTERFACE_VERSION__=__XEN_LATEST_INTERFACE_VERSION__ -MMD -MP -MF .libxl_internal.o.d -D_LARGEFILE_SOURCE -D_LARGEFILE64_SOURCE   -Wno-format-zero-length -Wmissing-declarations -Wno-declaration-after-statement -Wformat-nonliteral -pthread -Wmissing-prototypes -I/build/xen/tools/libs/light/../../../tools/include  -I/build/xen/tools/libs/light/../../../tools/include  -I/build/xen/tools/libs/light/../../../tools/include  -I/build/xen/tools/libs/light/../../../tools/include  -I/build/xen/tools/libs/light/../../../tools/include -D__XEN_TOOLS__  -I/build/xen/tools/libs/light/../../../tools/include  -I/build/xen/tools/libs/light/../../../tools/include  -I/build/xen/tools/libs/light/../../../tools/include -Wshadow -DCONFIG_DEBUG -include /build/xen/tools/libs/light/../../../tools/config.h  -c -o libxl_internal.o libxl_internal.c 
riscv64-linux-gnu-gcc  -DBUILD_ID -fno-strict-aliasing -std=gnu99 -Wall -Wstrict-prototypes -Wdeclaration-after-statement -Wno-unused-but-set-variable -Wno-unused-local-typedefs   -g3 -Werror -Og -fno-omit-frame-pointer -D__XEN_INTERFACE_VERSION__=__XEN_LATEST_INTERFACE_VERSION__ -MMD -MP -MF .libxl_utils.o.d -D_LARGEFILE_SOURCE -D_LARGEFILE64_SOURCE   -Wno-format-zero-length -Wmissing-declarations -Wno-declaration-after-statement -Wformat-nonliteral -pthread -Wmissing-prototypes -I/build/xen/tools/libs/light/../../../tools/include  -I/build/xen/tools/libs/light/../../../tools/include  -I/build/xen/tools/libs/light/../../../tools/include  -I/build/xen/tools/libs/light/../../../tools/include  -I/build/xen/tools/libs/light/../../../tools/include -D__XEN_TOOLS__  -I/build/xen/tools/libs/light/../../../tools/include  -I/build/xen/tools/libs/light/../../../tools/include  -I/build/xen/tools/libs/light/../../../tools/include -Wshadow -DCONFIG_DEBUG -include /build/xen/tools/libs/light/../../../tools/config.h  -c -o libxl_utils.o libxl_utils.c 
riscv64-linux-gnu-gcc  -DBUILD_ID -fno-strict-aliasing -std=gnu99 -Wall -Wstrict-prototypes -Wdeclaration-after-statement -Wno-unused-but-set-variable -Wno-unused-local-typedefs   -g3 -Werror -Og -fno-omit-frame-pointer -D__XEN_INTERFACE_VERSION__=__XEN_LATEST_INTERFACE_VERSION__ -MMD -MP -MF .libxl_uuid.o.d -D_LARGEFILE_SOURCE -D_LARGEFILE64_SOURCE   -Wno-format-zero-length -Wmissing-declarations -Wno-declaration-after-statement -Wformat-nonliteral -pthread -Wmissing-prototypes -I/build/xen/tools/libs/light/../../../tools/include  -I/build/xen/tools/libs/light/../../../tools/include  -I/build/xen/tools/libs/light/../../../tools/include  -I/build/xen/tools/libs/light/../../../tools/include  -I/build/xen/tools/libs/light/../../../tools/include -D__XEN_TOOLS__  -I/build/xen/tools/libs/light/../../../tools/include  -I/build/xen/tools/libs/light/../../../tools/include  -I/build/xen/tools/libs/light/../../../tools/include -Wshadow -DCONFIG_DEBUG -include /build/xen/tools/libs/light/../../../tools/config.h  -c -o libxl_uuid.o libxl_uuid.c 
riscv64-linux-gnu-gcc  -DBUILD_ID -fno-strict-aliasing -std=gnu99 -Wall -Wstrict-prototypes -Wdeclaration-after-statement -Wno-unused-but-set-variable -Wno-unused-local-typedefs   -g3 -Werror -Og -fno-omit-frame-pointer -D__XEN_INTERFACE_VERSION__=__XEN_LATEST_INTERFACE_VERSION__ -MMD -MP -MF .libxl_json.o.d -D_LARGEFILE_SOURCE -D_LARGEFILE64_SOURCE   -Wno-format-zero-length -Wmissing-declarations -Wno-declaration-after-statement -Wformat-nonliteral -pthread -Wmissing-prototypes -I/build/xen/tools/libs/light/../../../tools/include  -I/build/xen/tools/libs/light/../../../tools/include  -I/build/xen/tools/libs/light/../../../tools/include  -I/build/xen/tools/libs/light/../../../tools/include  -I/build/xen/tools/libs/light/../../../tools/include -D__XEN_TOOLS__  -I/build/xen/tools/libs/light/../../../tools/include  -I/build/xen/tools/libs/light/../../../tools/include  -I/build/xen/tools/libs/light/../../../tools/include -Wshadow -DCONFIG_DEBUG -include /build/xen/tools/libs/light/../../../tools/config.h  -c -o libxl_json.o libxl_json.c 
riscv64-linux-gnu-gcc  -DBUILD_ID -fno-strict-aliasing -std=gnu99 -Wall -Wstrict-prototypes -Wdeclaration-after-statement -Wno-unused-but-set-variable -Wno-unused-local-typedefs   -g3 -Werror -Og -fno-omit-frame-pointer -D__XEN_INTERFACE_VERSION__=__XEN_LATEST_INTERFACE_VERSION__ -MMD -MP -MF .libxl_aoutils.o.d -D_LARGEFILE_SOURCE -D_LARGEFILE64_SOURCE   -Wno-format-zero-length -Wmissing-declarations -Wno-declaration-after-statement -Wformat-nonliteral -pthread -Wmissing-prototypes -I/build/xen/tools/libs/light/../../../tools/include  -I/build/xen/tools/libs/light/../../../tools/include  -I/build/xen/tools/libs/light/../../../tools/include  -I/build/xen/tools/libs/light/../../../tools/include  -I/build/xen/tools/libs/light/../../../tools/include -D__XEN_TOOLS__  -I/build/xen/tools/libs/light/../../../tools/include  -I/build/xen/tools/libs/light/../../../tools/include  -I/build/xen/tools/libs/light/../../../tools/include -Wshadow -DCONFIG_DEBUG -include /build/xen/tools/libs/light/../../../tools/config.h  -c -o libxl_aoutils.o libxl_aoutils.c 
riscv64-linux-gnu-gcc  -DBUILD_ID -fno-strict-aliasing -std=gnu99 -Wall -Wstrict-prototypes -Wdeclaration-after-statement -Wno-unused-but-set-variable -Wno-unused-local-typedefs   -g3 -Werror -Og -fno-omit-frame-pointer -D__XEN_INTERFACE_VERSION__=__XEN_LATEST_INTERFACE_VERSION__ -MMD -MP -MF .libxl_numa.o.d -D_LARGEFILE_SOURCE -D_LARGEFILE64_SOURCE   -Wno-format-zero-length -Wmissing-declarations -Wno-declaration-after-statement -Wformat-nonliteral -pthread -Wmissing-prototypes -I/build/xen/tools/libs/light/../../../tools/include  -I/build/xen/tools/libs/light/../../../tools/include  -I/build/xen/tools/libs/light/../../../tools/include  -I/build/xen/tools/libs/light/../../../tools/include  -I/build/xen/tools/libs/light/../../../tools/include -D__XEN_TOOLS__  -I/build/xen/tools/libs/light/../../../tools/include  -I/build/xen/tools/libs/light/../../../tools/include  -I/build/xen/tools/libs/light/../../../tools/include -Wshadow -DCONFIG_DEBUG -include /build/xen/tools/libs/light/../../../tools/config.h  -c -o libxl_numa.o libxl_numa.c 
riscv64-linux-gnu-gcc  -DBUILD_ID -fno-strict-aliasing -std=gnu99 -Wall -Wstrict-prototypes -Wdeclaration-after-statement -Wno-unused-but-set-variable -Wno-unused-local-typedefs   -g3 -Werror -Og -fno-omit-frame-pointer -D__XEN_INTERFACE_VERSION__=__XEN_LATEST_INTERFACE_VERSION__ -MMD -MP -MF .libxl_vnuma.o.d -D_LARGEFILE_SOURCE -D_LARGEFILE64_SOURCE   -Wno-format-zero-length -Wmissing-declarations -Wno-declaration-after-statement -Wformat-nonliteral -pthread -Wmissing-prototypes -I/build/xen/tools/libs/light/../../../tools/include  -I/build/xen/tools/libs/light/../../../tools/include  -I/build/xen/tools/libs/light/../../../tools/include  -I/build/xen/tools/libs/light/../../../tools/include  -I/build/xen/tools/libs/light/../../../tools/include -D__XEN_TOOLS__  -I/build/xen/tools/libs/light/../../../tools/include  -I/build/xen/tools/libs/light/../../../tools/include  -I/build/xen/tools/libs/light/../../../tools/include -Wshadow -DCONFIG_DEBUG -include /build/xen/tools/libs/light/../../../tools/config.h  -c -o libxl_vnuma.o libxl_vnuma.c 
riscv64-linux-gnu-gcc  -DBUILD_ID -fno-strict-aliasing -std=gnu99 -Wall -Wstrict-prototypes -Wdeclaration-after-statement -Wno-unused-but-set-variable -Wno-unused-local-typedefs   -g3 -Werror -Og -fno-omit-frame-pointer -D__XEN_INTERFACE_VERSION__=__XEN_LATEST_INTERFACE_VERSION__ -MMD -MP -MF .libxl_stream_read.o.d -D_LARGEFILE_SOURCE -D_LARGEFILE64_SOURCE   -Wno-format-zero-length -Wmissing-declarations -Wno-declaration-after-statement -Wformat-nonliteral -pthread -Wmissing-prototypes -I/build/xen/tools/libs/light/../../../tools/include  -I/build/xen/tools/libs/light/../../../tools/include  -I/build/xen/tools/libs/light/../../../tools/include  -I/build/xen/tools/libs/light/../../../tools/include  -I/build/xen/tools/libs/light/../../../tools/include -D__XEN_TOOLS__  -I/build/xen/tools/libs/light/../../../tools/include  -I/build/xen/tools/libs/light/../../../tools/include  -I/build/xen/tools/libs/light/../../../tools/include -Wshadow -DCONFIG_DEBUG -include /build/xen/tools/libs/light/../../../tools/config.h  -c -o libxl_stream_read.o libxl_stream_read.c 
riscv64-linux-gnu-gcc  -DBUILD_ID -fno-strict-aliasing -std=gnu99 -Wall -Wstrict-prototypes -Wdeclaration-after-statement -Wno-unused-but-set-variable -Wno-unused-local-typedefs   -g3 -Werror -Og -fno-omit-frame-pointer -D__XEN_INTERFACE_VERSION__=__XEN_LATEST_INTERFACE_VERSION__ -MMD -MP -MF .libxl_stream_write.o.d -D_LARGEFILE_SOURCE -D_LARGEFILE64_SOURCE   -Wno-format-zero-length -Wmissing-declarations -Wno-declaration-after-statement -Wformat-nonliteral -pthread -Wmissing-prototypes -I/build/xen/tools/libs/light/../../../tools/include  -I/build/xen/tools/libs/light/../../../tools/include  -I/build/xen/tools/libs/light/../../../tools/include  -I/build/xen/tools/libs/light/../../../tools/include  -I/build/xen/tools/libs/light/../../../tools/include -D__XEN_TOOLS__  -I/build/xen/tools/libs/light/../../../tools/include  -I/build/xen/tools/libs/light/../../../tools/include  -I/build/xen/tools/libs/light/../../../tools/include -Wshadow -DCONFIG_DEBUG -include /build/xen/tools/libs/light/../../../tools/config.h  -c -o libxl_stream_write.o libxl_stream_write.c 
riscv64-linux-gnu-gcc  -DBUILD_ID -fno-strict-aliasing -std=gnu99 -Wall -Wstrict-prototypes -Wdeclaration-after-statement -Wno-unused-but-set-variable -Wno-unused-local-typedefs   -g3 -Werror -Og -fno-omit-frame-pointer -D__XEN_INTERFACE_VERSION__=__XEN_LATEST_INTERFACE_VERSION__ -MMD -MP -MF .libxl_save_callout.o.d -D_LARGEFILE_SOURCE -D_LARGEFILE64_SOURCE   -Wno-format-zero-length -Wmissing-declarations -Wno-declaration-after-statement -Wformat-nonliteral -pthread -Wmissing-prototypes -I/build/xen/tools/libs/light/../../../tools/include  -I/build/xen/tools/libs/light/../../../tools/include  -I/build/xen/tools/libs/light/../../../tools/include  -I/build/xen/tools/libs/light/../../../tools/include  -I/build/xen/tools/libs/light/../../../tools/include -D__XEN_TOOLS__  -I/build/xen/tools/libs/light/../../../tools/include  -I/build/xen/tools/libs/light/../../../tools/include  -I/build/xen/tools/libs/light/../../../tools/include -Wshadow -DCONFIG_DEBUG -include /build/xen/tools/libs/light/../../../tools/config.h  -c -o libxl_save_callout.o libxl_save_callout.c 
riscv64-linux-gnu-gcc  -DBUILD_ID -fno-strict-aliasing -std=gnu99 -Wall -Wstrict-prototypes -Wdeclaration-after-statement -Wno-unused-but-set-variable -Wno-unused-local-typedefs   -g3 -Werror -Og -fno-omit-frame-pointer -D__XEN_INTERFACE_VERSION__=__XEN_LATEST_INTERFACE_VERSION__ -MMD -MP -MF ._libxl_save_msgs_callout.o.d -D_LARGEFILE_SOURCE -D_LARGEFILE64_SOURCE   -Wno-format-zero-length -Wmissing-declarations -Wno-declaration-after-statement -Wformat-nonliteral -pthread -Wmissing-prototypes -I/build/xen/tools/libs/light/../../../tools/include  -I/build/xen/tools/libs/light/../../../tools/include  -I/build/xen/tools/libs/light/../../../tools/include  -I/build/xen/tools/libs/light/../../../tools/include  -I/build/xen/tools/libs/light/../../../tools/include -D__XEN_TOOLS__  -I/build/xen/tools/libs/light/../../../tools/include  -I/build/xen/tools/libs/light/../../../tools/include  -I/build/xen/tools/libs/light/../../../tools/include -Wshadow -DCONFIG_DEBUG -include /build/xen/tools/libs/light/../../../tools/config.h  -c -o _libxl_save_msgs_callout.o _libxl_save_msgs_callout.c 
riscv64-linux-gnu-gcc  -DBUILD_ID -fno-strict-aliasing -std=gnu99 -Wall -Wstrict-prototypes -Wdeclaration-after-statement -Wno-unused-but-set-variable -Wno-unused-local-typedefs   -g3 -Werror -Og -fno-omit-frame-pointer -D__XEN_INTERFACE_VERSION__=__XEN_LATEST_INTERFACE_VERSION__ -MMD -MP -MF .libxl_qmp.o.d -D_LARGEFILE_SOURCE -D_LARGEFILE64_SOURCE   -Wno-format-zero-length -Wmissing-declarations -Wno-declaration-after-statement -Wformat-nonliteral -pthread -Wmissing-prototypes -I/build/xen/tools/libs/light/../../../tools/include  -I/build/xen/tools/libs/light/../../../tools/include  -I/build/xen/tools/libs/light/../../../tools/include  -I/build/xen/tools/libs/light/../../../tools/include  -I/build/xen/tools/libs/light/../../../tools/include -D__XEN_TOOLS__  -I/build/xen/tools/libs/light/../../../tools/include  -I/build/xen/tools/libs/light/../../../tools/include  -I/build/xen/tools/libs/light/../../../tools/include -Wshadow -DCONFIG_DEBUG -include /build/xen/tools/libs/light/../../../tools/config.h  -c -o libxl_qmp.o libxl_qmp.c 
riscv64-linux-gnu-gcc  -DBUILD_ID -fno-strict-aliasing -std=gnu99 -Wall -Wstrict-prototypes -Wdeclaration-after-statement -Wno-unused-but-set-variable -Wno-unused-local-typedefs   -g3 -Werror -Og -fno-omit-frame-pointer -D__XEN_INTERFACE_VERSION__=__XEN_LATEST_INTERFACE_VERSION__ -MMD -MP -MF .libxl_event.o.d -D_LARGEFILE_SOURCE -D_LARGEFILE64_SOURCE   -Wno-format-zero-length -Wmissing-declarations -Wno-declaration-after-statement -Wformat-nonliteral -pthread -Wmissing-prototypes -I/build/xen/tools/libs/light/../../../tools/include  -I/build/xen/tools/libs/light/../../../tools/include  -I/build/xen/tools/libs/light/../../../tools/include  -I/build/xen/tools/libs/light/../../../tools/include  -I/build/xen/tools/libs/light/../../../tools/include -D__XEN_TOOLS__  -I/build/xen/tools/libs/light/../../../tools/include  -I/build/xen/tools/libs/light/../../../tools/include  -I/build/xen/tools/libs/light/../../../tools/include -Wshadow -DCONFIG_DEBUG -include /build/xen/tools/libs/light/../../../tools/config.h  -c -o libxl_event.o libxl_event.c 
riscv64-linux-gnu-gcc  -DBUILD_ID -fno-strict-aliasing -std=gnu99 -Wall -Wstrict-prototypes -Wdeclaration-after-statement -Wno-unused-but-set-variable -Wno-unused-local-typedefs   -g3 -Werror -Og -fno-omit-frame-pointer -D__XEN_INTERFACE_VERSION__=__XEN_LATEST_INTERFACE_VERSION__ -MMD -MP -MF .libxl_fork.o.d -D_LARGEFILE_SOURCE -D_LARGEFILE64_SOURCE   -Wno-format-zero-length -Wmissing-declarations -Wno-declaration-after-statement -Wformat-nonliteral -pthread -Wmissing-prototypes -I/build/xen/tools/libs/light/../../../tools/include  -I/build/xen/tools/libs/light/../../../tools/include  -I/build/xen/tools/libs/light/../../../tools/include  -I/build/xen/tools/libs/light/../../../tools/include  -I/build/xen/tools/libs/light/../../../tools/include -D__XEN_TOOLS__  -I/build/xen/tools/libs/light/../../../tools/include  -I/build/xen/tools/libs/light/../../../tools/include  -I/build/xen/tools/libs/light/../../../tools/include -Wshadow -DCONFIG_DEBUG -include /build/xen/tools/libs/light/../../../tools/config.h  -c -o libxl_fork.o libxl_fork.c 
riscv64-linux-gnu-gcc  -DBUILD_ID -fno-strict-aliasing -std=gnu99 -Wall -Wstrict-prototypes -Wdeclaration-after-statement -Wno-unused-but-set-variable -Wno-unused-local-typedefs   -g3 -Werror -Og -fno-omit-frame-pointer -D__XEN_INTERFACE_VERSION__=__XEN_LATEST_INTERFACE_VERSION__ -MMD -MP -MF .libxl_dom_suspend.o.d -D_LARGEFILE_SOURCE -D_LARGEFILE64_SOURCE   -Wno-format-zero-length -Wmissing-declarations -Wno-declaration-after-statement -Wformat-nonliteral -pthread -Wmissing-prototypes -I/build/xen/tools/libs/light/../../../tools/include  -I/build/xen/tools/libs/light/../../../tools/include  -I/build/xen/tools/libs/light/../../../tools/include  -I/build/xen/tools/libs/light/../../../tools/include  -I/build/xen/tools/libs/light/../../../tools/include -D__XEN_TOOLS__  -I/build/xen/tools/libs/light/../../../tools/include  -I/build/xen/tools/libs/light/../../../tools/include  -I/build/xen/tools/libs/light/../../../tools/include -Wshadow -DCONFIG_DEBUG -include /build/xen/tools/libs/light/../../../tools/config.h  -c -o libxl_dom_suspend.o libxl_dom_suspend.c 
riscv64-linux-gnu-gcc  -DBUILD_ID -fno-strict-aliasing -std=gnu99 -Wall -Wstrict-prototypes -Wdeclaration-after-statement -Wno-unused-but-set-variable -Wno-unused-local-typedefs   -g3 -Werror -Og -fno-omit-frame-pointer -D__XEN_INTERFACE_VERSION__=__XEN_LATEST_INTERFACE_VERSION__ -MMD -MP -MF .libxl_dom_save.o.d -D_LARGEFILE_SOURCE -D_LARGEFILE64_SOURCE   -Wno-format-zero-length -Wmissing-declarations -Wno-declaration-after-statement -Wformat-nonliteral -pthread -Wmissing-prototypes -I/build/xen/tools/libs/light/../../../tools/include  -I/build/xen/tools/libs/light/../../../tools/include  -I/build/xen/tools/libs/light/../../../tools/include  -I/build/xen/tools/libs/light/../../../tools/include  -I/build/xen/tools/libs/light/../../../tools/include -D__XEN_TOOLS__  -I/build/xen/tools/libs/light/../../../tools/include  -I/build/xen/tools/libs/light/../../../tools/include  -I/build/xen/tools/libs/light/../../../tools/include -Wshadow -DCONFIG_DEBUG -include /build/xen/tools/libs/light/../../../tools/config.h  -c -o libxl_dom_save.o libxl_dom_save.c 
riscv64-linux-gnu-gcc  -DBUILD_ID -fno-strict-aliasing -std=gnu99 -Wall -Wstrict-prototypes -Wdeclaration-after-statement -Wno-unused-but-set-variable -Wno-unused-local-typedefs   -g3 -Werror -Og -fno-omit-frame-pointer -D__XEN_INTERFACE_VERSION__=__XEN_LATEST_INTERFACE_VERSION__ -MMD -MP -MF .libxl_usb.o.d -D_LARGEFILE_SOURCE -D_LARGEFILE64_SOURCE   -Wno-format-zero-length -Wmissing-declarations -Wno-declaration-after-statement -Wformat-nonliteral -pthread -Wmissing-prototypes -I/build/xen/tools/libs/light/../../../tools/include  -I/build/xen/tools/libs/light/../../../tools/include  -I/build/xen/tools/libs/light/../../../tools/include  -I/build/xen/tools/libs/light/../../../tools/include  -I/build/xen/tools/libs/light/../../../tools/include -D__XEN_TOOLS__  -I/build/xen/tools/libs/light/../../../tools/include  -I/build/xen/tools/libs/light/../../../tools/include  -I/build/xen/tools/libs/light/../../../tools/include -Wshadow -DCONFIG_DEBUG -include /build/xen/tools/libs/light/../../../tools/config.h  -c -o libxl_usb.o libxl_usb.c 
riscv64-linux-gnu-gcc  -DBUILD_ID -fno-strict-aliasing -std=gnu99 -Wall -Wstrict-prototypes -Wdeclaration-after-statement -Wno-unused-but-set-variable -Wno-unused-local-typedefs   -g3 -Werror -Og -fno-omit-frame-pointer -D__XEN_INTERFACE_VERSION__=__XEN_LATEST_INTERFACE_VERSION__ -MMD -MP -MF .libxl_vtpm.o.d -D_LARGEFILE_SOURCE -D_LARGEFILE64_SOURCE   -Wno-format-zero-length -Wmissing-declarations -Wno-declaration-after-statement -Wformat-nonliteral -pthread -Wmissing-prototypes -I/build/xen/tools/libs/light/../../../tools/include  -I/build/xen/tools/libs/light/../../../tools/include  -I/build/xen/tools/libs/light/../../../tools/include  -I/build/xen/tools/libs/light/../../../tools/include  -I/build/xen/tools/libs/light/../../../tools/include -D__XEN_TOOLS__  -I/build/xen/tools/libs/light/../../../tools/include  -I/build/xen/tools/libs/light/../../../tools/include  -I/build/xen/tools/libs/light/../../../tools/include -Wshadow -DCONFIG_DEBUG -include /build/xen/tools/libs/light/../../../tools/config.h  -c -o libxl_vtpm.o libxl_vtpm.c 
riscv64-linux-gnu-gcc  -DBUILD_ID -fno-strict-aliasing -std=gnu99 -Wall -Wstrict-prototypes -Wdeclaration-after-statement -Wno-unused-but-set-variable -Wno-unused-local-typedefs   -g3 -Werror -Og -fno-omit-frame-pointer -D__XEN_INTERFACE_VERSION__=__XEN_LATEST_INTERFACE_VERSION__ -MMD -MP -MF .libxl_nic.o.d -D_LARGEFILE_SOURCE -D_LARGEFILE64_SOURCE   -Wno-format-zero-length -Wmissing-declarations -Wno-declaration-after-statement -Wformat-nonliteral -pthread -Wmissing-prototypes -I/build/xen/tools/libs/light/../../../tools/include  -I/build/xen/tools/libs/light/../../../tools/include  -I/build/xen/tools/libs/light/../../../tools/include  -I/build/xen/tools/libs/light/../../../tools/include  -I/build/xen/tools/libs/light/../../../tools/include -D__XEN_TOOLS__  -I/build/xen/tools/libs/light/../../../tools/include  -I/build/xen/tools/libs/light/../../../tools/include  -I/build/xen/tools/libs/light/../../../tools/include -Wshadow -DCONFIG_DEBUG -include /build/xen/tools/libs/light/../../../tools/config.h  -c -o libxl_nic.o libxl_nic.c 
riscv64-linux-gnu-gcc  -DBUILD_ID -fno-strict-aliasing -std=gnu99 -Wall -Wstrict-prototypes -Wdeclaration-after-statement -Wno-unused-but-set-variable -Wno-unused-local-typedefs   -g3 -Werror -Og -fno-omit-frame-pointer -D__XEN_INTERFACE_VERSION__=__XEN_LATEST_INTERFACE_VERSION__ -MMD -MP -MF .libxl_disk.o.d -D_LARGEFILE_SOURCE -D_LARGEFILE64_SOURCE   -Wno-format-zero-length -Wmissing-declarations -Wno-declaration-after-statement -Wformat-nonliteral -pthread -Wmissing-prototypes -I/build/xen/tools/libs/light/../../../tools/include  -I/build/xen/tools/libs/light/../../../tools/include  -I/build/xen/tools/libs/light/../../../tools/include  -I/build/xen/tools/libs/light/../../../tools/include  -I/build/xen/tools/libs/light/../../../tools/include -D__XEN_TOOLS__  -I/build/xen/tools/libs/light/../../../tools/include  -I/build/xen/tools/libs/light/../../../tools/include  -I/build/xen/tools/libs/light/../../../tools/include -Wshadow -DCONFIG_DEBUG -include /build/xen/tools/libs/light/../../../tools/config.h  -c -o libxl_disk.o libxl_disk.c 
riscv64-linux-gnu-gcc  -DBUILD_ID -fno-strict-aliasing -std=gnu99 -Wall -Wstrict-prototypes -Wdeclaration-after-statement -Wno-unused-but-set-variable -Wno-unused-local-typedefs   -g3 -Werror -Og -fno-omit-frame-pointer -D__XEN_INTERFACE_VERSION__=__XEN_LATEST_INTERFACE_VERSION__ -MMD -MP -MF .libxl_console.o.d -D_LARGEFILE_SOURCE -D_LARGEFILE64_SOURCE   -Wno-format-zero-length -Wmissing-declarations -Wno-declaration-after-statement -Wformat-nonliteral -pthread -Wmissing-prototypes -I/build/xen/tools/libs/light/../../../tools/include  -I/build/xen/tools/libs/light/../../../tools/include  -I/build/xen/tools/libs/light/../../../tools/include  -I/build/xen/tools/libs/light/../../../tools/include  -I/build/xen/tools/libs/light/../../../tools/include -D__XEN_TOOLS__  -I/build/xen/tools/libs/light/../../../tools/include  -I/build/xen/tools/libs/light/../../../tools/include  -I/build/xen/tools/libs/light/../../../tools/include -Wshadow -DCONFIG_DEBUG -include /build/xen/tools/libs/light/../../../tools/config.h  -c -o libxl_console.o libxl_console.c 
riscv64-linux-gnu-gcc  -DBUILD_ID -fno-strict-aliasing -std=gnu99 -Wall -Wstrict-prototypes -Wdeclaration-after-statement -Wno-unused-but-set-variable -Wno-unused-local-typedefs   -g3 -Werror -Og -fno-omit-frame-pointer -D__XEN_INTERFACE_VERSION__=__XEN_LATEST_INTERFACE_VERSION__ -MMD -MP -MF .libxl_cpupool.o.d -D_LARGEFILE_SOURCE -D_LARGEFILE64_SOURCE   -Wno-format-zero-length -Wmissing-declarations -Wno-declaration-after-statement -Wformat-nonliteral -pthread -Wmissing-prototypes -I/build/xen/tools/libs/light/../../../tools/include  -I/build/xen/tools/libs/light/../../../tools/include  -I/build/xen/tools/libs/light/../../../tools/include  -I/build/xen/tools/libs/light/../../../tools/include  -I/build/xen/tools/libs/light/../../../tools/include -D__XEN_TOOLS__  -I/build/xen/tools/libs/light/../../../tools/include  -I/build/xen/tools/libs/light/../../../tools/include  -I/build/xen/tools/libs/light/../../../tools/include -Wshadow -DCONFIG_DEBUG -include /build/xen/tools/libs/light/../../../tools/config.h  -c -o libxl_cpupool.o libxl_cpupool.c 
riscv64-linux-gnu-gcc  -DBUILD_ID -fno-strict-aliasing -std=gnu99 -Wall -Wstrict-prototypes -Wdeclaration-after-statement -Wno-unused-but-set-variable -Wno-unused-local-typedefs   -g3 -Werror -Og -fno-omit-frame-pointer -D__XEN_INTERFACE_VERSION__=__XEN_LATEST_INTERFACE_VERSION__ -MMD -MP -MF .libxl_mem.o.d -D_LARGEFILE_SOURCE -D_LARGEFILE64_SOURCE   -Wno-format-zero-length -Wmissing-declarations -Wno-declaration-after-statement -Wformat-nonliteral -pthread -Wmissing-prototypes -I/build/xen/tools/libs/light/../../../tools/include  -I/build/xen/tools/libs/light/../../../tools/include  -I/build/xen/tools/libs/light/../../../tools/include  -I/build/xen/tools/libs/light/../../../tools/include  -I/build/xen/tools/libs/light/../../../tools/include -D__XEN_TOOLS__  -I/build/xen/tools/libs/light/../../../tools/include  -I/build/xen/tools/libs/light/../../../tools/include  -I/build/xen/tools/libs/light/../../../tools/include -Wshadow -DCONFIG_DEBUG -include /build/xen/tools/libs/light/../../../tools/config.h  -c -o libxl_mem.o libxl_mem.c 
riscv64-linux-gnu-gcc  -DBUILD_ID -fno-strict-aliasing -std=gnu99 -Wall -Wstrict-prototypes -Wdeclaration-after-statement -Wno-unused-but-set-variable -Wno-unused-local-typedefs   -g3 -Werror -Og -fno-omit-frame-pointer -D__XEN_INTERFACE_VERSION__=__XEN_LATEST_INTERFACE_VERSION__ -MMD -MP -MF .libxl_sched.o.d -D_LARGEFILE_SOURCE -D_LARGEFILE64_SOURCE   -Wno-format-zero-length -Wmissing-declarations -Wno-declaration-after-statement -Wformat-nonliteral -pthread -Wmissing-prototypes -I/build/xen/tools/libs/light/../../../tools/include  -I/build/xen/tools/libs/light/../../../tools/include  -I/build/xen/tools/libs/light/../../../tools/include  -I/build/xen/tools/libs/light/../../../tools/include  -I/build/xen/tools/libs/light/../../../tools/include -D__XEN_TOOLS__  -I/build/xen/tools/libs/light/../../../tools/include  -I/build/xen/tools/libs/light/../../../tools/include  -I/build/xen/tools/libs/light/../../../tools/include -Wshadow -DCONFIG_DEBUG -include /build/xen/tools/libs/light/../../../tools/config.h  -c -o libxl_sched.o libxl_sched.c 
riscv64-linux-gnu-gcc  -DBUILD_ID -fno-strict-aliasing -std=gnu99 -Wall -Wstrict-prototypes -Wdeclaration-after-statement -Wno-unused-but-set-variable -Wno-unused-local-typedefs   -g3 -Werror -Og -fno-omit-frame-pointer -D__XEN_INTERFACE_VERSION__=__XEN_LATEST_INTERFACE_VERSION__ -MMD -MP -MF .libxl_tmem.o.d -D_LARGEFILE_SOURCE -D_LARGEFILE64_SOURCE   -Wno-format-zero-length -Wmissing-declarations -Wno-declaration-after-statement -Wformat-nonliteral -pthread -Wmissing-prototypes -I/build/xen/tools/libs/light/../../../tools/include  -I/build/xen/tools/libs/light/../../../tools/include  -I/build/xen/tools/libs/light/../../../tools/include  -I/build/xen/tools/libs/light/../../../tools/include  -I/build/xen/tools/libs/light/../../../tools/include -D__XEN_TOOLS__  -I/build/xen/tools/libs/light/../../../tools/include  -I/build/xen/tools/libs/light/../../../tools/include  -I/build/xen/tools/libs/light/../../../tools/include -Wshadow -DCONFIG_DEBUG -include /build/xen/tools/libs/light/../../../tools/config.h  -c -o libxl_tmem.o libxl_tmem.c 
riscv64-linux-gnu-gcc  -DBUILD_ID -fno-strict-aliasing -std=gnu99 -Wall -Wstrict-prototypes -Wdeclaration-after-statement -Wno-unused-but-set-variable -Wno-unused-local-typedefs   -g3 -Werror -Og -fno-omit-frame-pointer -D__XEN_INTERFACE_VERSION__=__XEN_LATEST_INTERFACE_VERSION__ -MMD -MP -MF .libxl_9pfs.o.d -D_LARGEFILE_SOURCE -D_LARGEFILE64_SOURCE   -Wno-format-zero-length -Wmissing-declarations -Wno-declaration-after-statement -Wformat-nonliteral -pthread -Wmissing-prototypes -I/build/xen/tools/libs/light/../../../tools/include  -I/build/xen/tools/libs/light/../../../tools/include  -I/build/xen/tools/libs/light/../../../tools/include  -I/build/xen/tools/libs/light/../../../tools/include  -I/build/xen/tools/libs/light/../../../tools/include -D__XEN_TOOLS__  -I/build/xen/tools/libs/light/../../../tools/include  -I/build/xen/tools/libs/light/../../../tools/include  -I/build/xen/tools/libs/light/../../../tools/include -Wshadow -DCONFIG_DEBUG -include /build/xen/tools/libs/light/../../../tools/config.h  -c -o libxl_9pfs.o libxl_9pfs.c 
riscv64-linux-gnu-gcc  -DBUILD_ID -fno-strict-aliasing -std=gnu99 -Wall -Wstrict-prototypes -Wdeclaration-after-statement -Wno-unused-but-set-variable -Wno-unused-local-typedefs   -g3 -Werror -Og -fno-omit-frame-pointer -D__XEN_INTERFACE_VERSION__=__XEN_LATEST_INTERFACE_VERSION__ -MMD -MP -MF .libxl_domain.o.d -D_LARGEFILE_SOURCE -D_LARGEFILE64_SOURCE   -Wno-format-zero-length -Wmissing-declarations -Wno-declaration-after-statement -Wformat-nonliteral -pthread -Wmissing-prototypes -I/build/xen/tools/libs/light/../../../tools/include  -I/build/xen/tools/libs/light/../../../tools/include  -I/build/xen/tools/libs/light/../../../tools/include  -I/build/xen/tools/libs/light/../../../tools/include  -I/build/xen/tools/libs/light/../../../tools/include -D__XEN_TOOLS__  -I/build/xen/tools/libs/light/../../../tools/include  -I/build/xen/tools/libs/light/../../../tools/include  -I/build/xen/tools/libs/light/../../../tools/include -Wshadow -DCONFIG_DEBUG -include /build/xen/tools/libs/light/../../../tools/config.h  -c -o libxl_domain.o libxl_domain.c 
riscv64-linux-gnu-gcc  -DBUILD_ID -fno-strict-aliasing -std=gnu99 -Wall -Wstrict-prototypes -Wdeclaration-after-statement -Wno-unused-but-set-variable -Wno-unused-local-typedefs   -g3 -Werror -Og -fno-omit-frame-pointer -D__XEN_INTERFACE_VERSION__=__XEN_LATEST_INTERFACE_VERSION__ -MMD -MP -MF .libxl_vdispl.o.d -D_LARGEFILE_SOURCE -D_LARGEFILE64_SOURCE   -Wno-format-zero-length -Wmissing-declarations -Wno-declaration-after-statement -Wformat-nonliteral -pthread -Wmissing-prototypes -I/build/xen/tools/libs/light/../../../tools/include  -I/build/xen/tools/libs/light/../../../tools/include  -I/build/xen/tools/libs/light/../../../tools/include  -I/build/xen/tools/libs/light/../../../tools/include  -I/build/xen/tools/libs/light/../../../tools/include -D__XEN_TOOLS__  -I/build/xen/tools/libs/light/../../../tools/include  -I/build/xen/tools/libs/light/../../../tools/include  -I/build/xen/tools/libs/light/../../../tools/include -Wshadow -DCONFIG_DEBUG -include /build/xen/tools/libs/light/../../../tools/config.h  -c -o libxl_vdispl.o libxl_vdispl.c 
riscv64-linux-gnu-gcc  -DBUILD_ID -fno-strict-aliasing -std=gnu99 -Wall -Wstrict-prototypes -Wdeclaration-after-statement -Wno-unused-but-set-variable -Wno-unused-local-typedefs   -g3 -Werror -Og -fno-omit-frame-pointer -D__XEN_INTERFACE_VERSION__=__XEN_LATEST_INTERFACE_VERSION__ -MMD -MP -MF .libxl_pvcalls.o.d -D_LARGEFILE_SOURCE -D_LARGEFILE64_SOURCE   -Wno-format-zero-length -Wmissing-declarations -Wno-declaration-after-statement -Wformat-nonliteral -pthread -Wmissing-prototypes -I/build/xen/tools/libs/light/../../../tools/include  -I/build/xen/tools/libs/light/../../../tools/include  -I/build/xen/tools/libs/light/../../../tools/include  -I/build/xen/tools/libs/light/../../../tools/include  -I/build/xen/tools/libs/light/../../../tools/include -D__XEN_TOOLS__  -I/build/xen/tools/libs/light/../../../tools/include  -I/build/xen/tools/libs/light/../../../tools/include  -I/build/xen/tools/libs/light/../../../tools/include -Wshadow -DCONFIG_DEBUG -include /build/xen/tools/libs/light/../../../tools/config.h  -c -o libxl_pvcalls.o libxl_pvcalls.c 
riscv64-linux-gnu-gcc  -DBUILD_ID -fno-strict-aliasing -std=gnu99 -Wall -Wstrict-prototypes -Wdeclaration-after-statement -Wno-unused-but-set-variable -Wno-unused-local-typedefs   -g3 -Werror -Og -fno-omit-frame-pointer -D__XEN_INTERFACE_VERSION__=__XEN_LATEST_INTERFACE_VERSION__ -MMD -MP -MF .libxl_vsnd.o.d -D_LARGEFILE_SOURCE -D_LARGEFILE64_SOURCE   -Wno-format-zero-length -Wmissing-declarations -Wno-declaration-after-statement -Wformat-nonliteral -pthread -Wmissing-prototypes -I/build/xen/tools/libs/light/../../../tools/include  -I/build/xen/tools/libs/light/../../../tools/include  -I/build/xen/tools/libs/light/../../../tools/include  -I/build/xen/tools/libs/light/../../../tools/include  -I/build/xen/tools/libs/light/../../../tools/include -D__XEN_TOOLS__  -I/build/xen/tools/libs/light/../../../tools/include  -I/build/xen/tools/libs/light/../../../tools/include  -I/build/xen/tools/libs/light/../../../tools/include -Wshadow -DCONFIG_DEBUG -include /build/xen/tools/libs/light/../../../tools/config.h  -c -o libxl_vsnd.o libxl_vsnd.c 
riscv64-linux-gnu-gcc  -DBUILD_ID -fno-strict-aliasing -std=gnu99 -Wall -Wstrict-prototypes -Wdeclaration-after-statement -Wno-unused-but-set-variable -Wno-unused-local-typedefs   -g3 -Werror -Og -fno-omit-frame-pointer -D__XEN_INTERFACE_VERSION__=__XEN_LATEST_INTERFACE_VERSION__ -MMD -MP -MF .libxl_vkb.o.d -D_LARGEFILE_SOURCE -D_LARGEFILE64_SOURCE   -Wno-format-zero-length -Wmissing-declarations -Wno-declaration-after-statement -Wformat-nonliteral -pthread -Wmissing-prototypes -I/build/xen/tools/libs/light/../../../tools/include  -I/build/xen/tools/libs/light/../../../tools/include  -I/build/xen/tools/libs/light/../../../tools/include  -I/build/xen/tools/libs/light/../../../tools/include  -I/build/xen/tools/libs/light/../../../tools/include -D__XEN_TOOLS__  -I/build/xen/tools/libs/light/../../../tools/include  -I/build/xen/tools/libs/light/../../../tools/include  -I/build/xen/tools/libs/light/../../../tools/include -Wshadow -DCONFIG_DEBUG -include /build/xen/tools/libs/light/../../../tools/config.h  -c -o libxl_vkb.o libxl_vkb.c 
riscv64-linux-gnu-gcc  -DBUILD_ID -fno-strict-aliasing -std=gnu99 -Wall -Wstrict-prototypes -Wdeclaration-after-statement -Wno-unused-but-set-variable -Wno-unused-local-typedefs   -g3 -Werror -Og -fno-omit-frame-pointer -D__XEN_INTERFACE_VERSION__=__XEN_LATEST_INTERFACE_VERSION__ -MMD -MP -MF .libxl_virtio.o.d -D_LARGEFILE_SOURCE -D_LARGEFILE64_SOURCE   -Wno-format-zero-length -Wmissing-declarations -Wno-declaration-after-statement -Wformat-nonliteral -pthread -Wmissing-prototypes -I/build/xen/tools/libs/light/../../../tools/include  -I/build/xen/tools/libs/light/../../../tools/include  -I/build/xen/tools/libs/light/../../../tools/include  -I/build/xen/tools/libs/light/../../../tools/include  -I/build/xen/tools/libs/light/../../../tools/include -D__XEN_TOOLS__  -I/build/xen/tools/libs/light/../../../tools/include  -I/build/xen/tools/libs/light/../../../tools/include  -I/build/xen/tools/libs/light/../../../tools/include -Wshadow -DCONFIG_DEBUG -include /build/xen/tools/libs/light/../../../tools/config.h  -c -o libxl_virtio.o libxl_virtio.c 
riscv64-linux-gnu-gcc  -DBUILD_ID -fno-strict-aliasing -std=gnu99 -Wall -Wstrict-prototypes -Wdeclaration-after-statement -Wno-unused-but-set-variable -Wno-unused-local-typedefs   -g3 -Werror -Og -fno-omit-frame-pointer -D__XEN_INTERFACE_VERSION__=__XEN_LATEST_INTERFACE_VERSION__ -MMD -MP -MF .libxl_genid.o.d -D_LARGEFILE_SOURCE -D_LARGEFILE64_SOURCE   -Wno-format-zero-length -Wmissing-declarations -Wno-declaration-after-statement -Wformat-nonliteral -pthread -Wmissing-prototypes -I/build/xen/tools/libs/light/../../../tools/include  -I/build/xen/tools/libs/light/../../../tools/include  -I/build/xen/tools/libs/light/../../../tools/include  -I/build/xen/tools/libs/light/../../../tools/include  -I/build/xen/tools/libs/light/../../../tools/include -D__XEN_TOOLS__  -I/build/xen/tools/libs/light/../../../tools/include  -I/build/xen/tools/libs/light/../../../tools/include  -I/build/xen/tools/libs/light/../../../tools/include -Wshadow -DCONFIG_DEBUG -include /build/xen/tools/libs/light/../../../tools/config.h  -c -o libxl_genid.o libxl_genid.c 
riscv64-linux-gnu-gcc  -DBUILD_ID -fno-strict-aliasing -std=gnu99 -Wall -Wstrict-prototypes -Wdeclaration-after-statement -Wno-unused-but-set-variable -Wno-unused-local-typedefs   -g3 -Werror -Og -fno-omit-frame-pointer -D__XEN_INTERFACE_VERSION__=__XEN_LATEST_INTERFACE_VERSION__ -MMD -MP -MF ._libxl_types.o.d -D_LARGEFILE_SOURCE -D_LARGEFILE64_SOURCE   -Wno-format-zero-length -Wmissing-declarations -Wno-declaration-after-statement -Wformat-nonliteral -pthread -Wmissing-prototypes -I/build/xen/tools/libs/light/../../../tools/include  -I/build/xen/tools/libs/light/../../../tools/include  -I/build/xen/tools/libs/light/../../../tools/include  -I/build/xen/tools/libs/light/../../../tools/include  -I/build/xen/tools/libs/light/../../../tools/include -D__XEN_TOOLS__  -I/build/xen/tools/libs/light/../../../tools/include  -I/build/xen/tools/libs/light/../../../tools/include  -I/build/xen/tools/libs/light/../../../tools/include -Wshadow -DCONFIG_DEBUG -include /build/xen/tools/libs/light/../../../tools/config.h  -c -o _libxl_types.o _libxl_types.c 
riscv64-linux-gnu-gcc  -DBUILD_ID -fno-strict-aliasing -std=gnu99 -Wall -Wstrict-prototypes -Wdeclaration-after-statement -Wno-unused-but-set-variable -Wno-unused-local-typedefs   -g3 -Werror -Og -fno-omit-frame-pointer -D__XEN_INTERFACE_VERSION__=__XEN_LATEST_INTERFACE_VERSION__ -MMD -MP -MF .libxl_flask.o.d -D_LARGEFILE_SOURCE -D_LARGEFILE64_SOURCE   -Wno-format-zero-length -Wmissing-declarations -Wno-declaration-after-statement -Wformat-nonliteral -pthread -Wmissing-prototypes -I/build/xen/tools/libs/light/../../../tools/include  -I/build/xen/tools/libs/light/../../../tools/include  -I/build/xen/tools/libs/light/../../../tools/include  -I/build/xen/tools/libs/light/../../../tools/include  -I/build/xen/tools/libs/light/../../../tools/include -D__XEN_TOOLS__  -I/build/xen/tools/libs/light/../../../tools/include  -I/build/xen/tools/libs/light/../../../tools/include  -I/build/xen/tools/libs/light/../../../tools/include -Wshadow -DCONFIG_DEBUG -include /build/xen/tools/libs/light/../../../tools/config.h  -c -o libxl_flask.o libxl_flask.c 
riscv64-linux-gnu-gcc  -DBUILD_ID -fno-strict-aliasing -std=gnu99 -Wall -Wstrict-prototypes -Wdeclaration-after-statement -Wno-unused-but-set-variable -Wno-unused-local-typedefs   -g3 -Werror -Og -fno-omit-frame-pointer -D__XEN_INTERFACE_VERSION__=__XEN_LATEST_INTERFACE_VERSION__ -MMD -MP -MF ._libxl_types_internal.o.d -D_LARGEFILE_SOURCE -D_LARGEFILE64_SOURCE   -Wno-format-zero-length -Wmissing-declarations -Wno-declaration-after-statement -Wformat-nonliteral -pthread -Wmissing-prototypes -I/build/xen/tools/libs/light/../../../tools/include  -I/build/xen/tools/libs/light/../../../tools/include  -I/build/xen/tools/libs/light/../../../tools/include  -I/build/xen/tools/libs/light/../../../tools/include  -I/build/xen/tools/libs/light/../../../tools/include -D__XEN_TOOLS__  -I/build/xen/tools/libs/light/../../../tools/include  -I/build/xen/tools/libs/light/../../../tools/include  -I/build/xen/tools/libs/light/../../../tools/include -Wshadow -DCONFIG_DEBUG -include /build/xen/tools/libs/light/../../../tools/config.h  -c -o _libxl_types_internal.o _libxl_types_internal.c 
riscv64-linux-gnu-gcc  -DPIC -DBUILD_ID -fno-strict-aliasing -std=gnu99 -Wall -Wstrict-prototypes -Wdeclaration-after-statement -Wno-unused-but-set-variable -Wno-unused-local-typedefs   -g3 -Werror -Og -fno-omit-frame-pointer -D__XEN_INTERFACE_VERSION__=__XEN_LATEST_INTERFACE_VERSION__ -MMD -MP -MF .osdeps.opic.d -D_LARGEFILE_SOURCE -D_LARGEFILE64_SOURCE   -Wno-format-zero-length -Wmissing-declarations -Wno-declaration-after-statement -Wformat-nonliteral -pthread -Wmissing-prototypes -I/build/xen/tools/libs/light/../../../tools/include  -I/build/xen/tools/libs/light/../../../tools/include  -I/build/xen/tools/libs/light/../../../tools/include  -I/build/xen/tools/libs/light/../../../tools/include  -I/build/xen/tools/libs/light/../../../tools/include -D__XEN_TOOLS__  -I/build/xen/tools/libs/light/../../../tools/include  -I/build/xen/tools/libs/light/../../../tools/include  -I/build/xen/tools/libs/light/../../../tools/include -Wshadow -DCONFIG_DEBUG -include /build/xen/tools/libs/light/../../../tools/config.h  -fPIC -c -o osdeps.opic osdeps.c 
riscv64-linux-gnu-gcc  -DPIC -DBUILD_ID -fno-strict-aliasing -std=gnu99 -Wall -Wstrict-prototypes -Wdeclaration-after-statement -Wno-unused-but-set-variable -Wno-unused-local-typedefs   -g3 -Werror -Og -fno-omit-frame-pointer -D__XEN_INTERFACE_VERSION__=__XEN_LATEST_INTERFACE_VERSION__ -MMD -MP -MF .libxl_paths.opic.d -D_LARGEFILE_SOURCE -D_LARGEFILE64_SOURCE   -Wno-format-zero-length -Wmissing-declarations -Wno-declaration-after-statement -Wformat-nonliteral -pthread -Wmissing-prototypes -I/build/xen/tools/libs/light/../../../tools/include  -I/build/xen/tools/libs/light/../../../tools/include  -I/build/xen/tools/libs/light/../../../tools/include  -I/build/xen/tools/libs/light/../../../tools/include  -I/build/xen/tools/libs/light/../../../tools/include -D__XEN_TOOLS__  -I/build/xen/tools/libs/light/../../../tools/include  -I/build/xen/tools/libs/light/../../../tools/include  -I/build/xen/tools/libs/light/../../../tools/include -Wshadow -DCONFIG_DEBUG -include /build/xen/tools/libs/light/../../../tools/config.h  -fPIC -c -o libxl_paths.opic libxl_paths.c 
riscv64-linux-gnu-gcc  -DPIC -DBUILD_ID -fno-strict-aliasing -std=gnu99 -Wall -Wstrict-prototypes -Wdeclaration-after-statement -Wno-unused-but-set-variable -Wno-unused-local-typedefs   -g3 -Werror -Og -fno-omit-frame-pointer -D__XEN_INTERFACE_VERSION__=__XEN_LATEST_INTERFACE_VERSION__ -MMD -MP -MF .libxl_bootloader.opic.d -D_LARGEFILE_SOURCE -D_LARGEFILE64_SOURCE   -Wno-format-zero-length -Wmissing-declarations -Wno-declaration-after-statement -Wformat-nonliteral -pthread -Wmissing-prototypes -I/build/xen/tools/libs/light/../../../tools/include  -I/build/xen/tools/libs/light/../../../tools/include  -I/build/xen/tools/libs/light/../../../tools/include  -I/build/xen/tools/libs/light/../../../tools/include  -I/build/xen/tools/libs/light/../../../tools/include -D__XEN_TOOLS__  -I/build/xen/tools/libs/light/../../../tools/include  -I/build/xen/tools/libs/light/../../../tools/include  -I/build/xen/tools/libs/light/../../../tools/include -Wshadow -DCONFIG_DEBUG -include /build/xen/tools/libs/light/../../../tools/config.h  -fPIC -c -o libxl_bootloader.opic libxl_bootloader.c 
riscv64-linux-gnu-gcc  -DPIC -DBUILD_ID -fno-strict-aliasing -std=gnu99 -Wall -Wstrict-prototypes -Wdeclaration-after-statement -Wno-unused-but-set-variable -Wno-unused-local-typedefs   -g3 -Werror -Og -fno-omit-frame-pointer -D__XEN_INTERFACE_VERSION__=__XEN_LATEST_INTERFACE_VERSION__ -MMD -MP -MF .flexarray.opic.d -D_LARGEFILE_SOURCE -D_LARGEFILE64_SOURCE   -Wno-format-zero-length -Wmissing-declarations -Wno-declaration-after-statement -Wformat-nonliteral -pthread -Wmissing-prototypes -I/build/xen/tools/libs/light/../../../tools/include  -I/build/xen/tools/libs/light/../../../tools/include  -I/build/xen/tools/libs/light/../../../tools/include  -I/build/xen/tools/libs/light/../../../tools/include  -I/build/xen/tools/libs/light/../../../tools/include -D__XEN_TOOLS__  -I/build/xen/tools/libs/light/../../../tools/include  -I/build/xen/tools/libs/light/../../../tools/include  -I/build/xen/tools/libs/light/../../../tools/include -Wshadow -DCONFIG_DEBUG -include /build/xen/tools/libs/light/../../../tools/config.h  -fPIC -c -o flexarray.opic flexarray.c 
riscv64-linux-gnu-gcc  -DPIC -DBUILD_ID -fno-strict-aliasing -std=gnu99 -Wall -Wstrict-prototypes -Wdeclaration-after-statement -Wno-unused-but-set-variable -Wno-unused-local-typedefs   -g3 -Werror -Og -fno-omit-frame-pointer -D__XEN_INTERFACE_VERSION__=__XEN_LATEST_INTERFACE_VERSION__ -MMD -MP -MF .libxl_nonetbuffer.opic.d -D_LARGEFILE_SOURCE -D_LARGEFILE64_SOURCE   -Wno-format-zero-length -Wmissing-declarations -Wno-declaration-after-statement -Wformat-nonliteral -pthread -Wmissing-prototypes -I/build/xen/tools/libs/light/../../../tools/include  -I/build/xen/tools/libs/light/../../../tools/include  -I/build/xen/tools/libs/light/../../../tools/include  -I/build/xen/tools/libs/light/../../../tools/include  -I/build/xen/tools/libs/light/../../../tools/include -D__XEN_TOOLS__  -I/build/xen/tools/libs/light/../../../tools/include  -I/build/xen/tools/libs/light/../../../tools/include  -I/build/xen/tools/libs/light/../../../tools/include -Wshadow -DCONFIG_DEBUG -include /build/xen/tools/libs/light/../../../tools/config.h  -fPIC -c -o libxl_nonetbuffer.opic libxl_nonetbuffer.c 
riscv64-linux-gnu-gcc  -DPIC -DBUILD_ID -fno-strict-aliasing -std=gnu99 -Wall -Wstrict-prototypes -Wdeclaration-after-statement -Wno-unused-but-set-variable -Wno-unused-local-typedefs   -g3 -Werror -Og -fno-omit-frame-pointer -D__XEN_INTERFACE_VERSION__=__XEN_LATEST_INTERFACE_VERSION__ -MMD -MP -MF .libxl_no_convert_callout.opic.d -D_LARGEFILE_SOURCE -D_LARGEFILE64_SOURCE   -Wno-format-zero-length -Wmissing-declarations -Wno-declaration-after-statement -Wformat-nonliteral -pthread -Wmissing-prototypes -I/build/xen/tools/libs/light/../../../tools/include  -I/build/xen/tools/libs/light/../../../tools/include  -I/build/xen/tools/libs/light/../../../tools/include  -I/build/xen/tools/libs/light/../../../tools/include  -I/build/xen/tools/libs/light/../../../tools/include -D__XEN_TOOLS__  -I/build/xen/tools/libs/light/../../../tools/include  -I/build/xen/tools/libs/light/../../../tools/include  -I/build/xen/tools/libs/light/../../../tools/include -Wshadow -DCONFIG_DEBUG -include /build/xen/tools/libs/light/../../../tools/config.h  -fPIC -c -o libxl_no_convert_callout.opic libxl_no_convert_callout.c 
riscv64-linux-gnu-gcc  -DPIC -DBUILD_ID -fno-strict-aliasing -std=gnu99 -Wall -Wstrict-prototypes -Wdeclaration-after-statement -Wno-unused-but-set-variable -Wno-unused-local-typedefs   -g3 -Werror -Og -fno-omit-frame-pointer -D__XEN_INTERFACE_VERSION__=__XEN_LATEST_INTERFACE_VERSION__ -MMD -MP -MF .libxl_remus.opic.d -D_LARGEFILE_SOURCE -D_LARGEFILE64_SOURCE   -Wno-format-zero-length -Wmissing-declarations -Wno-declaration-after-statement -Wformat-nonliteral -pthread -Wmissing-prototypes -I/build/xen/tools/libs/light/../../../tools/include  -I/build/xen/tools/libs/light/../../../tools/include  -I/build/xen/tools/libs/light/../../../tools/include  -I/build/xen/tools/libs/light/../../../tools/include  -I/build/xen/tools/libs/light/../../../tools/include -D__XEN_TOOLS__  -I/build/xen/tools/libs/light/../../../tools/include  -I/build/xen/tools/libs/light/../../../tools/include  -I/build/xen/tools/libs/light/../../../tools/include -Wshadow -DCONFIG_DEBUG -include /build/xen/tools/libs/light/../../../tools/config.h  -fPIC -c -o libxl_remus.opic libxl_remus.c 
riscv64-linux-gnu-gcc  -DPIC -DBUILD_ID -fno-strict-aliasing -std=gnu99 -Wall -Wstrict-prototypes -Wdeclaration-after-statement -Wno-unused-but-set-variable -Wno-unused-local-typedefs   -g3 -Werror -Og -fno-omit-frame-pointer -D__XEN_INTERFACE_VERSION__=__XEN_LATEST_INTERFACE_VERSION__ -MMD -MP -MF .libxl_checkpoint_device.opic.d -D_LARGEFILE_SOURCE -D_LARGEFILE64_SOURCE   -Wno-format-zero-length -Wmissing-declarations -Wno-declaration-after-statement -Wformat-nonliteral -pthread -Wmissing-prototypes -I/build/xen/tools/libs/light/../../../tools/include  -I/build/xen/tools/libs/light/../../../tools/include  -I/build/xen/tools/libs/light/../../../tools/include  -I/build/xen/tools/libs/light/../../../tools/include  -I/build/xen/tools/libs/light/../../../tools/include -D__XEN_TOOLS__  -I/build/xen/tools/libs/light/../../../tools/include  -I/build/xen/tools/libs/light/../../../tools/include  -I/build/xen/tools/libs/light/../../../tools/include -Wshadow -DCONFIG_DEBUG -include /build/xen/tools/libs/light/../../../tools/config.h  -fPIC -c -o libxl_checkpoint_device.opic libxl_checkpoint_device.c 
riscv64-linux-gnu-gcc  -DPIC -DBUILD_ID -fno-strict-aliasing -std=gnu99 -Wall -Wstrict-prototypes -Wdeclaration-after-statement -Wno-unused-but-set-variable -Wno-unused-local-typedefs   -g3 -Werror -Og -fno-omit-frame-pointer -D__XEN_INTERFACE_VERSION__=__XEN_LATEST_INTERFACE_VERSION__ -MMD -MP -MF .libxl_remus_disk_drbd.opic.d -D_LARGEFILE_SOURCE -D_LARGEFILE64_SOURCE   -Wno-format-zero-length -Wmissing-declarations -Wno-declaration-after-statement -Wformat-nonliteral -pthread -Wmissing-prototypes -I/build/xen/tools/libs/light/../../../tools/include  -I/build/xen/tools/libs/light/../../../tools/include  -I/build/xen/tools/libs/light/../../../tools/include  -I/build/xen/tools/libs/light/../../../tools/include  -I/build/xen/tools/libs/light/../../../tools/include -D__XEN_TOOLS__  -I/build/xen/tools/libs/light/../../../tools/include  -I/build/xen/tools/libs/light/../../../tools/include  -I/build/xen/tools/libs/light/../../../tools/include -Wshadow -DCONFIG_DEBUG -include /build/xen/tools/libs/light/../../../tools/config.h  -fPIC -c -o libxl_remus_disk_drbd.opic libxl_remus_disk_drbd.c 
riscv64-linux-gnu-gcc  -DPIC -DBUILD_ID -fno-strict-aliasing -std=gnu99 -Wall -Wstrict-prototypes -Wdeclaration-after-statement -Wno-unused-but-set-variable -Wno-unused-local-typedefs   -g3 -Werror -Og -fno-omit-frame-pointer -D__XEN_INTERFACE_VERSION__=__XEN_LATEST_INTERFACE_VERSION__ -MMD -MP -MF .libxl_no_colo.opic.d -D_LARGEFILE_SOURCE -D_LARGEFILE64_SOURCE   -Wno-format-zero-length -Wmissing-declarations -Wno-declaration-after-statement -Wformat-nonliteral -pthread -Wmissing-prototypes -I/build/xen/tools/libs/light/../../../tools/include  -I/build/xen/tools/libs/light/../../../tools/include  -I/build/xen/tools/libs/light/../../../tools/include  -I/build/xen/tools/libs/light/../../../tools/include  -I/build/xen/tools/libs/light/../../../tools/include -D__XEN_TOOLS__  -I/build/xen/tools/libs/light/../../../tools/include  -I/build/xen/tools/libs/light/../../../tools/include  -I/build/xen/tools/libs/light/../../../tools/include -Wshadow -DCONFIG_DEBUG -include /build/xen/tools/libs/light/../../../tools/config.h  -fPIC -c -o libxl_no_colo.opic libxl_no_colo.c 
riscv64-linux-gnu-gcc  -DPIC -DBUILD_ID -fno-strict-aliasing -std=gnu99 -Wall -Wstrict-prototypes -Wdeclaration-after-statement -Wno-unused-but-set-variable -Wno-unused-local-typedefs   -g3 -Werror -Og -fno-omit-frame-pointer -D__XEN_INTERFACE_VERSION__=__XEN_LATEST_INTERFACE_VERSION__ -MMD -MP -MF .libxl_riscv.opic.d -D_LARGEFILE_SOURCE -D_LARGEFILE64_SOURCE   -Wno-format-zero-length -Wmissing-declarations -Wno-declaration-after-statement -Wformat-nonliteral -pthread -Wmissing-prototypes -I/build/xen/tools/libs/light/../../../tools/include  -I/build/xen/tools/libs/light/../../../tools/include  -I/build/xen/tools/libs/light/../../../tools/include  -I/build/xen/tools/libs/light/../../../tools/include  -I/build/xen/tools/libs/light/../../../tools/include -D__XEN_TOOLS__  -I/build/xen/tools/libs/light/../../../tools/include  -I/build/xen/tools/libs/light/../../../tools/include  -I/build/xen/tools/libs/light/../../../tools/include -Wshadow -DCONFIG_DEBUG -include /build/xen/tools/libs/light/../../../tools/config.h  -fPIC -c -o libxl_riscv.opic libxl_riscv.c 
riscv64-linux-gnu-gcc  -DPIC -DBUILD_ID -fno-strict-aliasing -std=gnu99 -Wall -Wstrict-prototypes -Wdeclaration-after-statement -Wno-unused-but-set-variable -Wno-unused-local-typedefs   -g3 -Werror -Og -fno-omit-frame-pointer -D__XEN_INTERFACE_VERSION__=__XEN_LATEST_INTERFACE_VERSION__ -MMD -MP -MF .libxl_nocpuid.opic.d -D_LARGEFILE_SOURCE -D_LARGEFILE64_SOURCE   -Wno-format-zero-length -Wmissing-declarations -Wno-declaration-after-statement -Wformat-nonliteral -pthread -Wmissing-prototypes -I/build/xen/tools/libs/light/../../../tools/include  -I/build/xen/tools/libs/light/../../../tools/include  -I/build/xen/tools/libs/light/../../../tools/include  -I/build/xen/tools/libs/light/../../../tools/include  -I/build/xen/tools/libs/light/../../../tools/include -D__XEN_TOOLS__  -I/build/xen/tools/libs/light/../../../tools/include  -I/build/xen/tools/libs/light/../../../tools/include  -I/build/xen/tools/libs/light/../../../tools/include -Wshadow -DCONFIG_DEBUG -include /build/xen/tools/libs/light/../../../tools/config.h  -fPIC -c -o libxl_nocpuid.opic libxl_nocpuid.c 
riscv64-linux-gnu-gcc  -DPIC -DBUILD_ID -fno-strict-aliasing -std=gnu99 -Wall -Wstrict-prototypes -Wdeclaration-after-statement -Wno-unused-but-set-variable -Wno-unused-local-typedefs   -g3 -Werror -Og -fno-omit-frame-pointer -D__XEN_INTERFACE_VERSION__=__XEN_LATEST_INTERFACE_VERSION__ -MMD -MP -MF .libxl_libfdt_compat.opic.d -D_LARGEFILE_SOURCE -D_LARGEFILE64_SOURCE   -Wno-format-zero-length -Wmissing-declarations -Wno-declaration-after-statement -Wformat-nonliteral -pthread -Wmissing-prototypes -I/build/xen/tools/libs/light/../../../tools/include  -I/build/xen/tools/libs/light/../../../tools/include  -I/build/xen/tools/libs/light/../../../tools/include  -I/build/xen/tools/libs/light/../../../tools/include  -I/build/xen/tools/libs/light/../../../tools/include -D__XEN_TOOLS__  -I/build/xen/tools/libs/light/../../../tools/include  -I/build/xen/tools/libs/light/../../../tools/include  -I/build/xen/tools/libs/light/../../../tools/include -Wshadow -DCONFIG_DEBUG -include /build/xen/tools/libs/light/../../../tools/config.h  -fPIC -c -o libxl_libfdt_compat.opic libxl_libfdt_compat.c 
riscv64-linux-gnu-gcc  -DPIC -DBUILD_ID -fno-strict-aliasing -std=gnu99 -Wall -Wstrict-prototypes -Wdeclaration-after-statement -Wno-unused-but-set-variable -Wno-unused-local-typedefs   -g3 -Werror -Og -fno-omit-frame-pointer -D__XEN_INTERFACE_VERSION__=__XEN_LATEST_INTERFACE_VERSION__ -MMD -MP -MF .libxl_linux.opic.d -D_LARGEFILE_SOURCE -D_LARGEFILE64_SOURCE   -Wno-format-zero-length -Wmissing-declarations -Wno-declaration-after-statement -Wformat-nonliteral -pthread -Wmissing-prototypes -I/build/xen/tools/libs/light/../../../tools/include  -I/build/xen/tools/libs/light/../../../tools/include  -I/build/xen/tools/libs/light/../../../tools/include  -I/build/xen/tools/libs/light/../../../tools/include  -I/build/xen/tools/libs/light/../../../tools/include -D__XEN_TOOLS__  -I/build/xen/tools/libs/light/../../../tools/include  -I/build/xen/tools/libs/light/../../../tools/include  -I/build/xen/tools/libs/light/../../../tools/include -Wshadow -DCONFIG_DEBUG -include /build/xen/tools/libs/light/../../../tools/config.h  -fPIC -c -o libxl_linux.opic libxl_linux.c 
riscv64-linux-gnu-gcc  -DPIC -DBUILD_ID -fno-strict-aliasing -std=gnu99 -Wall -Wstrict-prototypes -Wdeclaration-after-statement -Wno-unused-but-set-variable -Wno-unused-local-typedefs   -g3 -Werror -Og -fno-omit-frame-pointer -D__XEN_INTERFACE_VERSION__=__XEN_LATEST_INTERFACE_VERSION__ -MMD -MP -MF .libxl_setresuid.opic.d -D_LARGEFILE_SOURCE -D_LARGEFILE64_SOURCE   -Wno-format-zero-length -Wmissing-declarations -Wno-declaration-after-statement -Wformat-nonliteral -pthread -Wmissing-prototypes -I/build/xen/tools/libs/light/../../../tools/include  -I/build/xen/tools/libs/light/../../../tools/include  -I/build/xen/tools/libs/light/../../../tools/include  -I/build/xen/tools/libs/light/../../../tools/include  -I/build/xen/tools/libs/light/../../../tools/include -D__XEN_TOOLS__  -I/build/xen/tools/libs/light/../../../tools/include  -I/build/xen/tools/libs/light/../../../tools/include  -I/build/xen/tools/libs/light/../../../tools/include -Wshadow -DCONFIG_DEBUG -include /build/xen/tools/libs/light/../../../tools/config.h  -fPIC -c -o libxl_setresuid.opic libxl_setresuid.c 
riscv64-linux-gnu-gcc  -DPIC -DBUILD_ID -fno-strict-aliasing -std=gnu99 -Wall -Wstrict-prototypes -Wdeclaration-after-statement -Wno-unused-but-set-variable -Wno-unused-local-typedefs   -g3 -Werror -Og -fno-omit-frame-pointer -D__XEN_INTERFACE_VERSION__=__XEN_LATEST_INTERFACE_VERSION__ -MMD -MP -MF .libxl.opic.d -D_LARGEFILE_SOURCE -D_LARGEFILE64_SOURCE   -Wno-format-zero-length -Wmissing-declarations -Wno-declaration-after-statement -Wformat-nonliteral -pthread -Wmissing-prototypes -I/build/xen/tools/libs/light/../../../tools/include  -I/build/xen/tools/libs/light/../../../tools/include  -I/build/xen/tools/libs/light/../../../tools/include  -I/build/xen/tools/libs/light/../../../tools/include  -I/build/xen/tools/libs/light/../../../tools/include -D__XEN_TOOLS__  -I/build/xen/tools/libs/light/../../../tools/include  -I/build/xen/tools/libs/light/../../../tools/include  -I/build/xen/tools/libs/light/../../../tools/include -Wshadow -DCONFIG_DEBUG -include /build/xen/tools/libs/light/../../../tools/config.h  -fPIC -c -o libxl.opic libxl.c 
riscv64-linux-gnu-gcc  -DPIC -DBUILD_ID -fno-strict-aliasing -std=gnu99 -Wall -Wstrict-prototypes -Wdeclaration-after-statement -Wno-unused-but-set-variable -Wno-unused-local-typedefs   -g3 -Werror -Og -fno-omit-frame-pointer -D__XEN_INTERFACE_VERSION__=__XEN_LATEST_INTERFACE_VERSION__ -MMD -MP -MF .libxl_create.opic.d -D_LARGEFILE_SOURCE -D_LARGEFILE64_SOURCE   -Wno-format-zero-length -Wmissing-declarations -Wno-declaration-after-statement -Wformat-nonliteral -pthread -Wmissing-prototypes -I/build/xen/tools/libs/light/../../../tools/include  -I/build/xen/tools/libs/light/../../../tools/include  -I/build/xen/tools/libs/light/../../../tools/include  -I/build/xen/tools/libs/light/../../../tools/include  -I/build/xen/tools/libs/light/../../../tools/include -D__XEN_TOOLS__  -I/build/xen/tools/libs/light/../../../tools/include  -I/build/xen/tools/libs/light/../../../tools/include  -I/build/xen/tools/libs/light/../../../tools/include -Wshadow -DCONFIG_DEBUG -include /build/xen/tools/libs/light/../../../tools/config.h  -fPIC -c -o libxl_create.opic libxl_create.c 
riscv64-linux-gnu-gcc  -DPIC -DBUILD_ID -fno-strict-aliasing -std=gnu99 -Wall -Wstrict-prototypes -Wdeclaration-after-statement -Wno-unused-but-set-variable -Wno-unused-local-typedefs   -g3 -Werror -Og -fno-omit-frame-pointer -D__XEN_INTERFACE_VERSION__=__XEN_LATEST_INTERFACE_VERSION__ -MMD -MP -MF .libxl_dm.opic.d -D_LARGEFILE_SOURCE -D_LARGEFILE64_SOURCE   -Wno-format-zero-length -Wmissing-declarations -Wno-declaration-after-statement -Wformat-nonliteral -pthread -Wmissing-prototypes -I/build/xen/tools/libs/light/../../../tools/include  -I/build/xen/tools/libs/light/../../../tools/include  -I/build/xen/tools/libs/light/../../../tools/include  -I/build/xen/tools/libs/light/../../../tools/include  -I/build/xen/tools/libs/light/../../../tools/include -D__XEN_TOOLS__  -I/build/xen/tools/libs/light/../../../tools/include  -I/build/xen/tools/libs/light/../../../tools/include  -I/build/xen/tools/libs/light/../../../tools/include -Wshadow -DCONFIG_DEBUG -include /build/xen/tools/libs/light/../../../tools/config.h  -fPIC -c -o libxl_dm.opic libxl_dm.c 
riscv64-linux-gnu-gcc  -DPIC -DBUILD_ID -fno-strict-aliasing -std=gnu99 -Wall -Wstrict-prototypes -Wdeclaration-after-statement -Wno-unused-but-set-variable -Wno-unused-local-typedefs   -g3 -Werror -Og -fno-omit-frame-pointer -D__XEN_INTERFACE_VERSION__=__XEN_LATEST_INTERFACE_VERSION__ -MMD -MP -MF .libxl_pci.opic.d -D_LARGEFILE_SOURCE -D_LARGEFILE64_SOURCE   -Wno-format-zero-length -Wmissing-declarations -Wno-declaration-after-statement -Wformat-nonliteral -pthread -Wmissing-prototypes -I/build/xen/tools/libs/light/../../../tools/include  -I/build/xen/tools/libs/light/../../../tools/include  -I/build/xen/tools/libs/light/../../../tools/include  -I/build/xen/tools/libs/light/../../../tools/include  -I/build/xen/tools/libs/light/../../../tools/include -D__XEN_TOOLS__  -I/build/xen/tools/libs/light/../../../tools/include  -I/build/xen/tools/libs/light/../../../tools/include  -I/build/xen/tools/libs/light/../../../tools/include -Wshadow -DCONFIG_DEBUG -include /build/xen/tools/libs/light/../../../tools/config.h  -fPIC -c -o libxl_pci.opic libxl_pci.c 
riscv64-linux-gnu-gcc  -DPIC -DBUILD_ID -fno-strict-aliasing -std=gnu99 -Wall -Wstrict-prototypes -Wdeclaration-after-statement -Wno-unused-but-set-variable -Wno-unused-local-typedefs   -g3 -Werror -Og -fno-omit-frame-pointer -D__XEN_INTERFACE_VERSION__=__XEN_LATEST_INTERFACE_VERSION__ -MMD -MP -MF .libxl_dom.opic.d -D_LARGEFILE_SOURCE -D_LARGEFILE64_SOURCE   -Wno-format-zero-length -Wmissing-declarations -Wno-declaration-after-statement -Wformat-nonliteral -pthread -Wmissing-prototypes -I/build/xen/tools/libs/light/../../../tools/include  -I/build/xen/tools/libs/light/../../../tools/include  -I/build/xen/tools/libs/light/../../../tools/include  -I/build/xen/tools/libs/light/../../../tools/include  -I/build/xen/tools/libs/light/../../../tools/include -D__XEN_TOOLS__  -I/build/xen/tools/libs/light/../../../tools/include  -I/build/xen/tools/libs/light/../../../tools/include  -I/build/xen/tools/libs/light/../../../tools/include -Wshadow -DCONFIG_DEBUG -include /build/xen/tools/libs/light/../../../tools/config.h  -fPIC -c -o libxl_dom.opic libxl_dom.c 
riscv64-linux-gnu-gcc  -DPIC -DBUILD_ID -fno-strict-aliasing -std=gnu99 -Wall -Wstrict-prototypes -Wdeclaration-after-statement -Wno-unused-but-set-variable -Wno-unused-local-typedefs   -g3 -Werror -Og -fno-omit-frame-pointer -D__XEN_INTERFACE_VERSION__=__XEN_LATEST_INTERFACE_VERSION__ -MMD -MP -MF .libxl_exec.opic.d -D_LARGEFILE_SOURCE -D_LARGEFILE64_SOURCE   -Wno-format-zero-length -Wmissing-declarations -Wno-declaration-after-statement -Wformat-nonliteral -pthread -Wmissing-prototypes -I/build/xen/tools/libs/light/../../../tools/include  -I/build/xen/tools/libs/light/../../../tools/include  -I/build/xen/tools/libs/light/../../../tools/include  -I/build/xen/tools/libs/light/../../../tools/include  -I/build/xen/tools/libs/light/../../../tools/include -D__XEN_TOOLS__  -I/build/xen/tools/libs/light/../../../tools/include  -I/build/xen/tools/libs/light/../../../tools/include  -I/build/xen/tools/libs/light/../../../tools/include -Wshadow -DCONFIG_DEBUG -include /build/xen/tools/libs/light/../../../tools/config.h  -fPIC -c -o libxl_exec.opic libxl_exec.c 
riscv64-linux-gnu-gcc  -DPIC -DBUILD_ID -fno-strict-aliasing -std=gnu99 -Wall -Wstrict-prototypes -Wdeclaration-after-statement -Wno-unused-but-set-variable -Wno-unused-local-typedefs   -g3 -Werror -Og -fno-omit-frame-pointer -D__XEN_INTERFACE_VERSION__=__XEN_LATEST_INTERFACE_VERSION__ -MMD -MP -MF .libxl_xshelp.opic.d -D_LARGEFILE_SOURCE -D_LARGEFILE64_SOURCE   -Wno-format-zero-length -Wmissing-declarations -Wno-declaration-after-statement -Wformat-nonliteral -pthread -Wmissing-prototypes -I/build/xen/tools/libs/light/../../../tools/include  -I/build/xen/tools/libs/light/../../../tools/include  -I/build/xen/tools/libs/light/../../../tools/include  -I/build/xen/tools/libs/light/../../../tools/include  -I/build/xen/tools/libs/light/../../../tools/include -D__XEN_TOOLS__  -I/build/xen/tools/libs/light/../../../tools/include  -I/build/xen/tools/libs/light/../../../tools/include  -I/build/xen/tools/libs/light/../../../tools/include -Wshadow -DCONFIG_DEBUG -include /build/xen/tools/libs/light/../../../tools/config.h  -fPIC -c -o libxl_xshelp.opic libxl_xshelp.c 
riscv64-linux-gnu-gcc  -DPIC -DBUILD_ID -fno-strict-aliasing -std=gnu99 -Wall -Wstrict-prototypes -Wdeclaration-after-statement -Wno-unused-but-set-variable -Wno-unused-local-typedefs   -g3 -Werror -Og -fno-omit-frame-pointer -D__XEN_INTERFACE_VERSION__=__XEN_LATEST_INTERFACE_VERSION__ -MMD -MP -MF .libxl_device.opic.d -D_LARGEFILE_SOURCE -D_LARGEFILE64_SOURCE   -Wno-format-zero-length -Wmissing-declarations -Wno-declaration-after-statement -Wformat-nonliteral -pthread -Wmissing-prototypes -I/build/xen/tools/libs/light/../../../tools/include  -I/build/xen/tools/libs/light/../../../tools/include  -I/build/xen/tools/libs/light/../../../tools/include  -I/build/xen/tools/libs/light/../../../tools/include  -I/build/xen/tools/libs/light/../../../tools/include -D__XEN_TOOLS__  -I/build/xen/tools/libs/light/../../../tools/include  -I/build/xen/tools/libs/light/../../../tools/include  -I/build/xen/tools/libs/light/../../../tools/include -Wshadow -DCONFIG_DEBUG -include /build/xen/tools/libs/light/../../../tools/config.h  -fPIC -c -o libxl_device.opic libxl_device.c 
riscv64-linux-gnu-gcc  -DPIC -DBUILD_ID -fno-strict-aliasing -std=gnu99 -Wall -Wstrict-prototypes -Wdeclaration-after-statement -Wno-unused-but-set-variable -Wno-unused-local-typedefs   -g3 -Werror -Og -fno-omit-frame-pointer -D__XEN_INTERFACE_VERSION__=__XEN_LATEST_INTERFACE_VERSION__ -MMD -MP -MF .libxl_internal.opic.d -D_LARGEFILE_SOURCE -D_LARGEFILE64_SOURCE   -Wno-format-zero-length -Wmissing-declarations -Wno-declaration-after-statement -Wformat-nonliteral -pthread -Wmissing-prototypes -I/build/xen/tools/libs/light/../../../tools/include  -I/build/xen/tools/libs/light/../../../tools/include  -I/build/xen/tools/libs/light/../../../tools/include  -I/build/xen/tools/libs/light/../../../tools/include  -I/build/xen/tools/libs/light/../../../tools/include -D__XEN_TOOLS__  -I/build/xen/tools/libs/light/../../../tools/include  -I/build/xen/tools/libs/light/../../../tools/include  -I/build/xen/tools/libs/light/../../../tools/include -Wshadow -DCONFIG_DEBUG -include /build/xen/tools/libs/light/../../../tools/config.h  -fPIC -c -o libxl_internal.opic libxl_internal.c 
riscv64-linux-gnu-gcc  -DPIC -DBUILD_ID -fno-strict-aliasing -std=gnu99 -Wall -Wstrict-prototypes -Wdeclaration-after-statement -Wno-unused-but-set-variable -Wno-unused-local-typedefs   -g3 -Werror -Og -fno-omit-frame-pointer -D__XEN_INTERFACE_VERSION__=__XEN_LATEST_INTERFACE_VERSION__ -MMD -MP -MF .libxl_utils.opic.d -D_LARGEFILE_SOURCE -D_LARGEFILE64_SOURCE   -Wno-format-zero-length -Wmissing-declarations -Wno-declaration-after-statement -Wformat-nonliteral -pthread -Wmissing-prototypes -I/build/xen/tools/libs/light/../../../tools/include  -I/build/xen/tools/libs/light/../../../tools/include  -I/build/xen/tools/libs/light/../../../tools/include  -I/build/xen/tools/libs/light/../../../tools/include  -I/build/xen/tools/libs/light/../../../tools/include -D__XEN_TOOLS__  -I/build/xen/tools/libs/light/../../../tools/include  -I/build/xen/tools/libs/light/../../../tools/include  -I/build/xen/tools/libs/light/../../../tools/include -Wshadow -DCONFIG_DEBUG -include /build/xen/tools/libs/light/../../../tools/config.h  -fPIC -c -o libxl_utils.opic libxl_utils.c 
riscv64-linux-gnu-gcc  -DPIC -DBUILD_ID -fno-strict-aliasing -std=gnu99 -Wall -Wstrict-prototypes -Wdeclaration-after-statement -Wno-unused-but-set-variable -Wno-unused-local-typedefs   -g3 -Werror -Og -fno-omit-frame-pointer -D__XEN_INTERFACE_VERSION__=__XEN_LATEST_INTERFACE_VERSION__ -MMD -MP -MF .libxl_uuid.opic.d -D_LARGEFILE_SOURCE -D_LARGEFILE64_SOURCE   -Wno-format-zero-length -Wmissing-declarations -Wno-declaration-after-statement -Wformat-nonliteral -pthread -Wmissing-prototypes -I/build/xen/tools/libs/light/../../../tools/include  -I/build/xen/tools/libs/light/../../../tools/include  -I/build/xen/tools/libs/light/../../../tools/include  -I/build/xen/tools/libs/light/../../../tools/include  -I/build/xen/tools/libs/light/../../../tools/include -D__XEN_TOOLS__  -I/build/xen/tools/libs/light/../../../tools/include  -I/build/xen/tools/libs/light/../../../tools/include  -I/build/xen/tools/libs/light/../../../tools/include -Wshadow -DCONFIG_DEBUG -include /build/xen/tools/libs/light/../../../tools/config.h  -fPIC -c -o libxl_uuid.opic libxl_uuid.c 
riscv64-linux-gnu-gcc  -DPIC -DBUILD_ID -fno-strict-aliasing -std=gnu99 -Wall -Wstrict-prototypes -Wdeclaration-after-statement -Wno-unused-but-set-variable -Wno-unused-local-typedefs   -g3 -Werror -Og -fno-omit-frame-pointer -D__XEN_INTERFACE_VERSION__=__XEN_LATEST_INTERFACE_VERSION__ -MMD -MP -MF .libxl_json.opic.d -D_LARGEFILE_SOURCE -D_LARGEFILE64_SOURCE   -Wno-format-zero-length -Wmissing-declarations -Wno-declaration-after-statement -Wformat-nonliteral -pthread -Wmissing-prototypes -I/build/xen/tools/libs/light/../../../tools/include  -I/build/xen/tools/libs/light/../../../tools/include  -I/build/xen/tools/libs/light/../../../tools/include  -I/build/xen/tools/libs/light/../../../tools/include  -I/build/xen/tools/libs/light/../../../tools/include -D__XEN_TOOLS__  -I/build/xen/tools/libs/light/../../../tools/include  -I/build/xen/tools/libs/light/../../../tools/include  -I/build/xen/tools/libs/light/../../../tools/include -Wshadow -DCONFIG_DEBUG -include /build/xen/tools/libs/light/../../../tools/config.h  -fPIC -c -o libxl_json.opic libxl_json.c 
riscv64-linux-gnu-gcc  -DPIC -DBUILD_ID -fno-strict-aliasing -std=gnu99 -Wall -Wstrict-prototypes -Wdeclaration-after-statement -Wno-unused-but-set-variable -Wno-unused-local-typedefs   -g3 -Werror -Og -fno-omit-frame-pointer -D__XEN_INTERFACE_VERSION__=__XEN_LATEST_INTERFACE_VERSION__ -MMD -MP -MF .libxl_aoutils.opic.d -D_LARGEFILE_SOURCE -D_LARGEFILE64_SOURCE   -Wno-format-zero-length -Wmissing-declarations -Wno-declaration-after-statement -Wformat-nonliteral -pthread -Wmissing-prototypes -I/build/xen/tools/libs/light/../../../tools/include  -I/build/xen/tools/libs/light/../../../tools/include  -I/build/xen/tools/libs/light/../../../tools/include  -I/build/xen/tools/libs/light/../../../tools/include  -I/build/xen/tools/libs/light/../../../tools/include -D__XEN_TOOLS__  -I/build/xen/tools/libs/light/../../../tools/include  -I/build/xen/tools/libs/light/../../../tools/include  -I/build/xen/tools/libs/light/../../../tools/include -Wshadow -DCONFIG_DEBUG -include /build/xen/tools/libs/light/../../../tools/config.h  -fPIC -c -o libxl_aoutils.opic libxl_aoutils.c 
riscv64-linux-gnu-gcc  -DPIC -DBUILD_ID -fno-strict-aliasing -std=gnu99 -Wall -Wstrict-prototypes -Wdeclaration-after-statement -Wno-unused-but-set-variable -Wno-unused-local-typedefs   -g3 -Werror -Og -fno-omit-frame-pointer -D__XEN_INTERFACE_VERSION__=__XEN_LATEST_INTERFACE_VERSION__ -MMD -MP -MF .libxl_numa.opic.d -D_LARGEFILE_SOURCE -D_LARGEFILE64_SOURCE   -Wno-format-zero-length -Wmissing-declarations -Wno-declaration-after-statement -Wformat-nonliteral -pthread -Wmissing-prototypes -I/build/xen/tools/libs/light/../../../tools/include  -I/build/xen/tools/libs/light/../../../tools/include  -I/build/xen/tools/libs/light/../../../tools/include  -I/build/xen/tools/libs/light/../../../tools/include  -I/build/xen/tools/libs/light/../../../tools/include -D__XEN_TOOLS__  -I/build/xen/tools/libs/light/../../../tools/include  -I/build/xen/tools/libs/light/../../../tools/include  -I/build/xen/tools/libs/light/../../../tools/include -Wshadow -DCONFIG_DEBUG -include /build/xen/tools/libs/light/../../../tools/config.h  -fPIC -c -o libxl_numa.opic libxl_numa.c 
riscv64-linux-gnu-gcc  -DPIC -DBUILD_ID -fno-strict-aliasing -std=gnu99 -Wall -Wstrict-prototypes -Wdeclaration-after-statement -Wno-unused-but-set-variable -Wno-unused-local-typedefs   -g3 -Werror -Og -fno-omit-frame-pointer -D__XEN_INTERFACE_VERSION__=__XEN_LATEST_INTERFACE_VERSION__ -MMD -MP -MF .libxl_vnuma.opic.d -D_LARGEFILE_SOURCE -D_LARGEFILE64_SOURCE   -Wno-format-zero-length -Wmissing-declarations -Wno-declaration-after-statement -Wformat-nonliteral -pthread -Wmissing-prototypes -I/build/xen/tools/libs/light/../../../tools/include  -I/build/xen/tools/libs/light/../../../tools/include  -I/build/xen/tools/libs/light/../../../tools/include  -I/build/xen/tools/libs/light/../../../tools/include  -I/build/xen/tools/libs/light/../../../tools/include -D__XEN_TOOLS__  -I/build/xen/tools/libs/light/../../../tools/include  -I/build/xen/tools/libs/light/../../../tools/include  -I/build/xen/tools/libs/light/../../../tools/include -Wshadow -DCONFIG_DEBUG -include /build/xen/tools/libs/light/../../../tools/config.h  -fPIC -c -o libxl_vnuma.opic libxl_vnuma.c 
riscv64-linux-gnu-gcc  -DPIC -DBUILD_ID -fno-strict-aliasing -std=gnu99 -Wall -Wstrict-prototypes -Wdeclaration-after-statement -Wno-unused-but-set-variable -Wno-unused-local-typedefs   -g3 -Werror -Og -fno-omit-frame-pointer -D__XEN_INTERFACE_VERSION__=__XEN_LATEST_INTERFACE_VERSION__ -MMD -MP -MF .libxl_stream_read.opic.d -D_LARGEFILE_SOURCE -D_LARGEFILE64_SOURCE   -Wno-format-zero-length -Wmissing-declarations -Wno-declaration-after-statement -Wformat-nonliteral -pthread -Wmissing-prototypes -I/build/xen/tools/libs/light/../../../tools/include  -I/build/xen/tools/libs/light/../../../tools/include  -I/build/xen/tools/libs/light/../../../tools/include  -I/build/xen/tools/libs/light/../../../tools/include  -I/build/xen/tools/libs/light/../../../tools/include -D__XEN_TOOLS__  -I/build/xen/tools/libs/light/../../../tools/include  -I/build/xen/tools/libs/light/../../../tools/include  -I/build/xen/tools/libs/light/../../../tools/include -Wshadow -DCONFIG_DEBUG -include /build/xen/tools/libs/light/../../../tools/config.h  -fPIC -c -o libxl_stream_read.opic libxl_stream_read.c 
riscv64-linux-gnu-gcc  -DPIC -DBUILD_ID -fno-strict-aliasing -std=gnu99 -Wall -Wstrict-prototypes -Wdeclaration-after-statement -Wno-unused-but-set-variable -Wno-unused-local-typedefs   -g3 -Werror -Og -fno-omit-frame-pointer -D__XEN_INTERFACE_VERSION__=__XEN_LATEST_INTERFACE_VERSION__ -MMD -MP -MF .libxl_stream_write.opic.d -D_LARGEFILE_SOURCE -D_LARGEFILE64_SOURCE   -Wno-format-zero-length -Wmissing-declarations -Wno-declaration-after-statement -Wformat-nonliteral -pthread -Wmissing-prototypes -I/build/xen/tools/libs/light/../../../tools/include  -I/build/xen/tools/libs/light/../../../tools/include  -I/build/xen/tools/libs/light/../../../tools/include  -I/build/xen/tools/libs/light/../../../tools/include  -I/build/xen/tools/libs/light/../../../tools/include -D__XEN_TOOLS__  -I/build/xen/tools/libs/light/../../../tools/include  -I/build/xen/tools/libs/light/../../../tools/include  -I/build/xen/tools/libs/light/../../../tools/include -Wshadow -DCONFIG_DEBUG -include /build/xen/tools/libs/light/../../../tools/config.h  -fPIC -c -o libxl_stream_write.opic libxl_stream_write.c 
riscv64-linux-gnu-gcc  -DPIC -DBUILD_ID -fno-strict-aliasing -std=gnu99 -Wall -Wstrict-prototypes -Wdeclaration-after-statement -Wno-unused-but-set-variable -Wno-unused-local-typedefs   -g3 -Werror -Og -fno-omit-frame-pointer -D__XEN_INTERFACE_VERSION__=__XEN_LATEST_INTERFACE_VERSION__ -MMD -MP -MF .libxl_save_callout.opic.d -D_LARGEFILE_SOURCE -D_LARGEFILE64_SOURCE   -Wno-format-zero-length -Wmissing-declarations -Wno-declaration-after-statement -Wformat-nonliteral -pthread -Wmissing-prototypes -I/build/xen/tools/libs/light/../../../tools/include  -I/build/xen/tools/libs/light/../../../tools/include  -I/build/xen/tools/libs/light/../../../tools/include  -I/build/xen/tools/libs/light/../../../tools/include  -I/build/xen/tools/libs/light/../../../tools/include -D__XEN_TOOLS__  -I/build/xen/tools/libs/light/../../../tools/include  -I/build/xen/tools/libs/light/../../../tools/include  -I/build/xen/tools/libs/light/../../../tools/include -Wshadow -DCONFIG_DEBUG -include /build/xen/tools/libs/light/../../../tools/config.h  -fPIC -c -o libxl_save_callout.opic libxl_save_callout.c 
riscv64-linux-gnu-gcc  -DPIC -DBUILD_ID -fno-strict-aliasing -std=gnu99 -Wall -Wstrict-prototypes -Wdeclaration-after-statement -Wno-unused-but-set-variable -Wno-unused-local-typedefs   -g3 -Werror -Og -fno-omit-frame-pointer -D__XEN_INTERFACE_VERSION__=__XEN_LATEST_INTERFACE_VERSION__ -MMD -MP -MF ._libxl_save_msgs_callout.opic.d -D_LARGEFILE_SOURCE -D_LARGEFILE64_SOURCE   -Wno-format-zero-length -Wmissing-declarations -Wno-declaration-after-statement -Wformat-nonliteral -pthread -Wmissing-prototypes -I/build/xen/tools/libs/light/../../../tools/include  -I/build/xen/tools/libs/light/../../../tools/include  -I/build/xen/tools/libs/light/../../../tools/include  -I/build/xen/tools/libs/light/../../../tools/include  -I/build/xen/tools/libs/light/../../../tools/include -D__XEN_TOOLS__  -I/build/xen/tools/libs/light/../../../tools/include  -I/build/xen/tools/libs/light/../../../tools/include  -I/build/xen/tools/libs/light/../../../tools/include -Wshadow -DCONFIG_DEBUG -include /build/xen/tools/libs/light/../../../tools/config.h  -fPIC -c -o _libxl_save_msgs_callout.opic _libxl_save_msgs_callout.c 
riscv64-linux-gnu-gcc  -DPIC -DBUILD_ID -fno-strict-aliasing -std=gnu99 -Wall -Wstrict-prototypes -Wdeclaration-after-statement -Wno-unused-but-set-variable -Wno-unused-local-typedefs   -g3 -Werror -Og -fno-omit-frame-pointer -D__XEN_INTERFACE_VERSION__=__XEN_LATEST_INTERFACE_VERSION__ -MMD -MP -MF .libxl_qmp.opic.d -D_LARGEFILE_SOURCE -D_LARGEFILE64_SOURCE   -Wno-format-zero-length -Wmissing-declarations -Wno-declaration-after-statement -Wformat-nonliteral -pthread -Wmissing-prototypes -I/build/xen/tools/libs/light/../../../tools/include  -I/build/xen/tools/libs/light/../../../tools/include  -I/build/xen/tools/libs/light/../../../tools/include  -I/build/xen/tools/libs/light/../../../tools/include  -I/build/xen/tools/libs/light/../../../tools/include -D__XEN_TOOLS__  -I/build/xen/tools/libs/light/../../../tools/include  -I/build/xen/tools/libs/light/../../../tools/include  -I/build/xen/tools/libs/light/../../../tools/include -Wshadow -DCONFIG_DEBUG -include /build/xen/tools/libs/light/../../../tools/config.h  -fPIC -c -o libxl_qmp.opic libxl_qmp.c 
riscv64-linux-gnu-gcc  -DPIC -DBUILD_ID -fno-strict-aliasing -std=gnu99 -Wall -Wstrict-prototypes -Wdeclaration-after-statement -Wno-unused-but-set-variable -Wno-unused-local-typedefs   -g3 -Werror -Og -fno-omit-frame-pointer -D__XEN_INTERFACE_VERSION__=__XEN_LATEST_INTERFACE_VERSION__ -MMD -MP -MF .libxl_event.opic.d -D_LARGEFILE_SOURCE -D_LARGEFILE64_SOURCE   -Wno-format-zero-length -Wmissing-declarations -Wno-declaration-after-statement -Wformat-nonliteral -pthread -Wmissing-prototypes -I/build/xen/tools/libs/light/../../../tools/include  -I/build/xen/tools/libs/light/../../../tools/include  -I/build/xen/tools/libs/light/../../../tools/include  -I/build/xen/tools/libs/light/../../../tools/include  -I/build/xen/tools/libs/light/../../../tools/include -D__XEN_TOOLS__  -I/build/xen/tools/libs/light/../../../tools/include  -I/build/xen/tools/libs/light/../../../tools/include  -I/build/xen/tools/libs/light/../../../tools/include -Wshadow -DCONFIG_DEBUG -include /build/xen/tools/libs/light/../../../tools/config.h  -fPIC -c -o libxl_event.opic libxl_event.c 
riscv64-linux-gnu-gcc  -DPIC -DBUILD_ID -fno-strict-aliasing -std=gnu99 -Wall -Wstrict-prototypes -Wdeclaration-after-statement -Wno-unused-but-set-variable -Wno-unused-local-typedefs   -g3 -Werror -Og -fno-omit-frame-pointer -D__XEN_INTERFACE_VERSION__=__XEN_LATEST_INTERFACE_VERSION__ -MMD -MP -MF .libxl_fork.opic.d -D_LARGEFILE_SOURCE -D_LARGEFILE64_SOURCE   -Wno-format-zero-length -Wmissing-declarations -Wno-declaration-after-statement -Wformat-nonliteral -pthread -Wmissing-prototypes -I/build/xen/tools/libs/light/../../../tools/include  -I/build/xen/tools/libs/light/../../../tools/include  -I/build/xen/tools/libs/light/../../../tools/include  -I/build/xen/tools/libs/light/../../../tools/include  -I/build/xen/tools/libs/light/../../../tools/include -D__XEN_TOOLS__  -I/build/xen/tools/libs/light/../../../tools/include  -I/build/xen/tools/libs/light/../../../tools/include  -I/build/xen/tools/libs/light/../../../tools/include -Wshadow -DCONFIG_DEBUG -include /build/xen/tools/libs/light/../../../tools/config.h  -fPIC -c -o libxl_fork.opic libxl_fork.c 
riscv64-linux-gnu-gcc  -DPIC -DBUILD_ID -fno-strict-aliasing -std=gnu99 -Wall -Wstrict-prototypes -Wdeclaration-after-statement -Wno-unused-but-set-variable -Wno-unused-local-typedefs   -g3 -Werror -Og -fno-omit-frame-pointer -D__XEN_INTERFACE_VERSION__=__XEN_LATEST_INTERFACE_VERSION__ -MMD -MP -MF .libxl_dom_suspend.opic.d -D_LARGEFILE_SOURCE -D_LARGEFILE64_SOURCE   -Wno-format-zero-length -Wmissing-declarations -Wno-declaration-after-statement -Wformat-nonliteral -pthread -Wmissing-prototypes -I/build/xen/tools/libs/light/../../../tools/include  -I/build/xen/tools/libs/light/../../../tools/include  -I/build/xen/tools/libs/light/../../../tools/include  -I/build/xen/tools/libs/light/../../../tools/include  -I/build/xen/tools/libs/light/../../../tools/include -D__XEN_TOOLS__  -I/build/xen/tools/libs/light/../../../tools/include  -I/build/xen/tools/libs/light/../../../tools/include  -I/build/xen/tools/libs/light/../../../tools/include -Wshadow -DCONFIG_DEBUG -include /build/xen/tools/libs/light/../../../tools/config.h  -fPIC -c -o libxl_dom_suspend.opic libxl_dom_suspend.c 
riscv64-linux-gnu-gcc  -DPIC -DBUILD_ID -fno-strict-aliasing -std=gnu99 -Wall -Wstrict-prototypes -Wdeclaration-after-statement -Wno-unused-but-set-variable -Wno-unused-local-typedefs   -g3 -Werror -Og -fno-omit-frame-pointer -D__XEN_INTERFACE_VERSION__=__XEN_LATEST_INTERFACE_VERSION__ -MMD -MP -MF .libxl_dom_save.opic.d -D_LARGEFILE_SOURCE -D_LARGEFILE64_SOURCE   -Wno-format-zero-length -Wmissing-declarations -Wno-declaration-after-statement -Wformat-nonliteral -pthread -Wmissing-prototypes -I/build/xen/tools/libs/light/../../../tools/include  -I/build/xen/tools/libs/light/../../../tools/include  -I/build/xen/tools/libs/light/../../../tools/include  -I/build/xen/tools/libs/light/../../../tools/include  -I/build/xen/tools/libs/light/../../../tools/include -D__XEN_TOOLS__  -I/build/xen/tools/libs/light/../../../tools/include  -I/build/xen/tools/libs/light/../../../tools/include  -I/build/xen/tools/libs/light/../../../tools/include -Wshadow -DCONFIG_DEBUG -include /build/xen/tools/libs/light/../../../tools/config.h  -fPIC -c -o libxl_dom_save.opic libxl_dom_save.c 
riscv64-linux-gnu-gcc  -DPIC -DBUILD_ID -fno-strict-aliasing -std=gnu99 -Wall -Wstrict-prototypes -Wdeclaration-after-statement -Wno-unused-but-set-variable -Wno-unused-local-typedefs   -g3 -Werror -Og -fno-omit-frame-pointer -D__XEN_INTERFACE_VERSION__=__XEN_LATEST_INTERFACE_VERSION__ -MMD -MP -MF .libxl_usb.opic.d -D_LARGEFILE_SOURCE -D_LARGEFILE64_SOURCE   -Wno-format-zero-length -Wmissing-declarations -Wno-declaration-after-statement -Wformat-nonliteral -pthread -Wmissing-prototypes -I/build/xen/tools/libs/light/../../../tools/include  -I/build/xen/tools/libs/light/../../../tools/include  -I/build/xen/tools/libs/light/../../../tools/include  -I/build/xen/tools/libs/light/../../../tools/include  -I/build/xen/tools/libs/light/../../../tools/include -D__XEN_TOOLS__  -I/build/xen/tools/libs/light/../../../tools/include  -I/build/xen/tools/libs/light/../../../tools/include  -I/build/xen/tools/libs/light/../../../tools/include -Wshadow -DCONFIG_DEBUG -include /build/xen/tools/libs/light/../../../tools/config.h  -fPIC -c -o libxl_usb.opic libxl_usb.c 
riscv64-linux-gnu-gcc  -DPIC -DBUILD_ID -fno-strict-aliasing -std=gnu99 -Wall -Wstrict-prototypes -Wdeclaration-after-statement -Wno-unused-but-set-variable -Wno-unused-local-typedefs   -g3 -Werror -Og -fno-omit-frame-pointer -D__XEN_INTERFACE_VERSION__=__XEN_LATEST_INTERFACE_VERSION__ -MMD -MP -MF .libxl_vtpm.opic.d -D_LARGEFILE_SOURCE -D_LARGEFILE64_SOURCE   -Wno-format-zero-length -Wmissing-declarations -Wno-declaration-after-statement -Wformat-nonliteral -pthread -Wmissing-prototypes -I/build/xen/tools/libs/light/../../../tools/include  -I/build/xen/tools/libs/light/../../../tools/include  -I/build/xen/tools/libs/light/../../../tools/include  -I/build/xen/tools/libs/light/../../../tools/include  -I/build/xen/tools/libs/light/../../../tools/include -D__XEN_TOOLS__  -I/build/xen/tools/libs/light/../../../tools/include  -I/build/xen/tools/libs/light/../../../tools/include  -I/build/xen/tools/libs/light/../../../tools/include -Wshadow -DCONFIG_DEBUG -include /build/xen/tools/libs/light/../../../tools/config.h  -fPIC -c -o libxl_vtpm.opic libxl_vtpm.c 
riscv64-linux-gnu-gcc  -DPIC -DBUILD_ID -fno-strict-aliasing -std=gnu99 -Wall -Wstrict-prototypes -Wdeclaration-after-statement -Wno-unused-but-set-variable -Wno-unused-local-typedefs   -g3 -Werror -Og -fno-omit-frame-pointer -D__XEN_INTERFACE_VERSION__=__XEN_LATEST_INTERFACE_VERSION__ -MMD -MP -MF .libxl_nic.opic.d -D_LARGEFILE_SOURCE -D_LARGEFILE64_SOURCE   -Wno-format-zero-length -Wmissing-declarations -Wno-declaration-after-statement -Wformat-nonliteral -pthread -Wmissing-prototypes -I/build/xen/tools/libs/light/../../../tools/include  -I/build/xen/tools/libs/light/../../../tools/include  -I/build/xen/tools/libs/light/../../../tools/include  -I/build/xen/tools/libs/light/../../../tools/include  -I/build/xen/tools/libs/light/../../../tools/include -D__XEN_TOOLS__  -I/build/xen/tools/libs/light/../../../tools/include  -I/build/xen/tools/libs/light/../../../tools/include  -I/build/xen/tools/libs/light/../../../tools/include -Wshadow -DCONFIG_DEBUG -include /build/xen/tools/libs/light/../../../tools/config.h  -fPIC -c -o libxl_nic.opic libxl_nic.c 
riscv64-linux-gnu-gcc  -DPIC -DBUILD_ID -fno-strict-aliasing -std=gnu99 -Wall -Wstrict-prototypes -Wdeclaration-after-statement -Wno-unused-but-set-variable -Wno-unused-local-typedefs   -g3 -Werror -Og -fno-omit-frame-pointer -D__XEN_INTERFACE_VERSION__=__XEN_LATEST_INTERFACE_VERSION__ -MMD -MP -MF .libxl_disk.opic.d -D_LARGEFILE_SOURCE -D_LARGEFILE64_SOURCE   -Wno-format-zero-length -Wmissing-declarations -Wno-declaration-after-statement -Wformat-nonliteral -pthread -Wmissing-prototypes -I/build/xen/tools/libs/light/../../../tools/include  -I/build/xen/tools/libs/light/../../../tools/include  -I/build/xen/tools/libs/light/../../../tools/include  -I/build/xen/tools/libs/light/../../../tools/include  -I/build/xen/tools/libs/light/../../../tools/include -D__XEN_TOOLS__  -I/build/xen/tools/libs/light/../../../tools/include  -I/build/xen/tools/libs/light/../../../tools/include  -I/build/xen/tools/libs/light/../../../tools/include -Wshadow -DCONFIG_DEBUG -include /build/xen/tools/libs/light/../../../tools/config.h  -fPIC -c -o libxl_disk.opic libxl_disk.c 
riscv64-linux-gnu-gcc  -DPIC -DBUILD_ID -fno-strict-aliasing -std=gnu99 -Wall -Wstrict-prototypes -Wdeclaration-after-statement -Wno-unused-but-set-variable -Wno-unused-local-typedefs   -g3 -Werror -Og -fno-omit-frame-pointer -D__XEN_INTERFACE_VERSION__=__XEN_LATEST_INTERFACE_VERSION__ -MMD -MP -MF .libxl_console.opic.d -D_LARGEFILE_SOURCE -D_LARGEFILE64_SOURCE   -Wno-format-zero-length -Wmissing-declarations -Wno-declaration-after-statement -Wformat-nonliteral -pthread -Wmissing-prototypes -I/build/xen/tools/libs/light/../../../tools/include  -I/build/xen/tools/libs/light/../../../tools/include  -I/build/xen/tools/libs/light/../../../tools/include  -I/build/xen/tools/libs/light/../../../tools/include  -I/build/xen/tools/libs/light/../../../tools/include -D__XEN_TOOLS__  -I/build/xen/tools/libs/light/../../../tools/include  -I/build/xen/tools/libs/light/../../../tools/include  -I/build/xen/tools/libs/light/../../../tools/include -Wshadow -DCONFIG_DEBUG -include /build/xen/tools/libs/light/../../../tools/config.h  -fPIC -c -o libxl_console.opic libxl_console.c 
riscv64-linux-gnu-gcc  -DPIC -DBUILD_ID -fno-strict-aliasing -std=gnu99 -Wall -Wstrict-prototypes -Wdeclaration-after-statement -Wno-unused-but-set-variable -Wno-unused-local-typedefs   -g3 -Werror -Og -fno-omit-frame-pointer -D__XEN_INTERFACE_VERSION__=__XEN_LATEST_INTERFACE_VERSION__ -MMD -MP -MF .libxl_cpupool.opic.d -D_LARGEFILE_SOURCE -D_LARGEFILE64_SOURCE   -Wno-format-zero-length -Wmissing-declarations -Wno-declaration-after-statement -Wformat-nonliteral -pthread -Wmissing-prototypes -I/build/xen/tools/libs/light/../../../tools/include  -I/build/xen/tools/libs/light/../../../tools/include  -I/build/xen/tools/libs/light/../../../tools/include  -I/build/xen/tools/libs/light/../../../tools/include  -I/build/xen/tools/libs/light/../../../tools/include -D__XEN_TOOLS__  -I/build/xen/tools/libs/light/../../../tools/include  -I/build/xen/tools/libs/light/../../../tools/include  -I/build/xen/tools/libs/light/../../../tools/include -Wshadow -DCONFIG_DEBUG -include /build/xen/tools/libs/light/../../../tools/config.h  -fPIC -c -o libxl_cpupool.opic libxl_cpupool.c 
riscv64-linux-gnu-gcc  -DPIC -DBUILD_ID -fno-strict-aliasing -std=gnu99 -Wall -Wstrict-prototypes -Wdeclaration-after-statement -Wno-unused-but-set-variable -Wno-unused-local-typedefs   -g3 -Werror -Og -fno-omit-frame-pointer -D__XEN_INTERFACE_VERSION__=__XEN_LATEST_INTERFACE_VERSION__ -MMD -MP -MF .libxl_mem.opic.d -D_LARGEFILE_SOURCE -D_LARGEFILE64_SOURCE   -Wno-format-zero-length -Wmissing-declarations -Wno-declaration-after-statement -Wformat-nonliteral -pthread -Wmissing-prototypes -I/build/xen/tools/libs/light/../../../tools/include  -I/build/xen/tools/libs/light/../../../tools/include  -I/build/xen/tools/libs/light/../../../tools/include  -I/build/xen/tools/libs/light/../../../tools/include  -I/build/xen/tools/libs/light/../../../tools/include -D__XEN_TOOLS__  -I/build/xen/tools/libs/light/../../../tools/include  -I/build/xen/tools/libs/light/../../../tools/include  -I/build/xen/tools/libs/light/../../../tools/include -Wshadow -DCONFIG_DEBUG -include /build/xen/tools/libs/light/../../../tools/config.h  -fPIC -c -o libxl_mem.opic libxl_mem.c 
riscv64-linux-gnu-gcc  -DPIC -DBUILD_ID -fno-strict-aliasing -std=gnu99 -Wall -Wstrict-prototypes -Wdeclaration-after-statement -Wno-unused-but-set-variable -Wno-unused-local-typedefs   -g3 -Werror -Og -fno-omit-frame-pointer -D__XEN_INTERFACE_VERSION__=__XEN_LATEST_INTERFACE_VERSION__ -MMD -MP -MF .libxl_sched.opic.d -D_LARGEFILE_SOURCE -D_LARGEFILE64_SOURCE   -Wno-format-zero-length -Wmissing-declarations -Wno-declaration-after-statement -Wformat-nonliteral -pthread -Wmissing-prototypes -I/build/xen/tools/libs/light/../../../tools/include  -I/build/xen/tools/libs/light/../../../tools/include  -I/build/xen/tools/libs/light/../../../tools/include  -I/build/xen/tools/libs/light/../../../tools/include  -I/build/xen/tools/libs/light/../../../tools/include -D__XEN_TOOLS__  -I/build/xen/tools/libs/light/../../../tools/include  -I/build/xen/tools/libs/light/../../../tools/include  -I/build/xen/tools/libs/light/../../../tools/include -Wshadow -DCONFIG_DEBUG -include /build/xen/tools/libs/light/../../../tools/config.h  -fPIC -c -o libxl_sched.opic libxl_sched.c 
riscv64-linux-gnu-gcc  -DPIC -DBUILD_ID -fno-strict-aliasing -std=gnu99 -Wall -Wstrict-prototypes -Wdeclaration-after-statement -Wno-unused-but-set-variable -Wno-unused-local-typedefs   -g3 -Werror -Og -fno-omit-frame-pointer -D__XEN_INTERFACE_VERSION__=__XEN_LATEST_INTERFACE_VERSION__ -MMD -MP -MF .libxl_tmem.opic.d -D_LARGEFILE_SOURCE -D_LARGEFILE64_SOURCE   -Wno-format-zero-length -Wmissing-declarations -Wno-declaration-after-statement -Wformat-nonliteral -pthread -Wmissing-prototypes -I/build/xen/tools/libs/light/../../../tools/include  -I/build/xen/tools/libs/light/../../../tools/include  -I/build/xen/tools/libs/light/../../../tools/include  -I/build/xen/tools/libs/light/../../../tools/include  -I/build/xen/tools/libs/light/../../../tools/include -D__XEN_TOOLS__  -I/build/xen/tools/libs/light/../../../tools/include  -I/build/xen/tools/libs/light/../../../tools/include  -I/build/xen/tools/libs/light/../../../tools/include -Wshadow -DCONFIG_DEBUG -include /build/xen/tools/libs/light/../../../tools/config.h  -fPIC -c -o libxl_tmem.opic libxl_tmem.c 
riscv64-linux-gnu-gcc  -DPIC -DBUILD_ID -fno-strict-aliasing -std=gnu99 -Wall -Wstrict-prototypes -Wdeclaration-after-statement -Wno-unused-but-set-variable -Wno-unused-local-typedefs   -g3 -Werror -Og -fno-omit-frame-pointer -D__XEN_INTERFACE_VERSION__=__XEN_LATEST_INTERFACE_VERSION__ -MMD -MP -MF .libxl_9pfs.opic.d -D_LARGEFILE_SOURCE -D_LARGEFILE64_SOURCE   -Wno-format-zero-length -Wmissing-declarations -Wno-declaration-after-statement -Wformat-nonliteral -pthread -Wmissing-prototypes -I/build/xen/tools/libs/light/../../../tools/include  -I/build/xen/tools/libs/light/../../../tools/include  -I/build/xen/tools/libs/light/../../../tools/include  -I/build/xen/tools/libs/light/../../../tools/include  -I/build/xen/tools/libs/light/../../../tools/include -D__XEN_TOOLS__  -I/build/xen/tools/libs/light/../../../tools/include  -I/build/xen/tools/libs/light/../../../tools/include  -I/build/xen/tools/libs/light/../../../tools/include -Wshadow -DCONFIG_DEBUG -include /build/xen/tools/libs/light/../../../tools/config.h  -fPIC -c -o libxl_9pfs.opic libxl_9pfs.c 
riscv64-linux-gnu-gcc  -DPIC -DBUILD_ID -fno-strict-aliasing -std=gnu99 -Wall -Wstrict-prototypes -Wdeclaration-after-statement -Wno-unused-but-set-variable -Wno-unused-local-typedefs   -g3 -Werror -Og -fno-omit-frame-pointer -D__XEN_INTERFACE_VERSION__=__XEN_LATEST_INTERFACE_VERSION__ -MMD -MP -MF .libxl_domain.opic.d -D_LARGEFILE_SOURCE -D_LARGEFILE64_SOURCE   -Wno-format-zero-length -Wmissing-declarations -Wno-declaration-after-statement -Wformat-nonliteral -pthread -Wmissing-prototypes -I/build/xen/tools/libs/light/../../../tools/include  -I/build/xen/tools/libs/light/../../../tools/include  -I/build/xen/tools/libs/light/../../../tools/include  -I/build/xen/tools/libs/light/../../../tools/include  -I/build/xen/tools/libs/light/../../../tools/include -D__XEN_TOOLS__  -I/build/xen/tools/libs/light/../../../tools/include  -I/build/xen/tools/libs/light/../../../tools/include  -I/build/xen/tools/libs/light/../../../tools/include -Wshadow -DCONFIG_DEBUG -include /build/xen/tools/libs/light/../../../tools/config.h  -fPIC -c -o libxl_domain.opic libxl_domain.c 
riscv64-linux-gnu-gcc  -DPIC -DBUILD_ID -fno-strict-aliasing -std=gnu99 -Wall -Wstrict-prototypes -Wdeclaration-after-statement -Wno-unused-but-set-variable -Wno-unused-local-typedefs   -g3 -Werror -Og -fno-omit-frame-pointer -D__XEN_INTERFACE_VERSION__=__XEN_LATEST_INTERFACE_VERSION__ -MMD -MP -MF .libxl_vdispl.opic.d -D_LARGEFILE_SOURCE -D_LARGEFILE64_SOURCE   -Wno-format-zero-length -Wmissing-declarations -Wno-declaration-after-statement -Wformat-nonliteral -pthread -Wmissing-prototypes -I/build/xen/tools/libs/light/../../../tools/include  -I/build/xen/tools/libs/light/../../../tools/include  -I/build/xen/tools/libs/light/../../../tools/include  -I/build/xen/tools/libs/light/../../../tools/include  -I/build/xen/tools/libs/light/../../../tools/include -D__XEN_TOOLS__  -I/build/xen/tools/libs/light/../../../tools/include  -I/build/xen/tools/libs/light/../../../tools/include  -I/build/xen/tools/libs/light/../../../tools/include -Wshadow -DCONFIG_DEBUG -include /build/xen/tools/libs/light/../../../tools/config.h  -fPIC -c -o libxl_vdispl.opic libxl_vdispl.c 
riscv64-linux-gnu-gcc  -DPIC -DBUILD_ID -fno-strict-aliasing -std=gnu99 -Wall -Wstrict-prototypes -Wdeclaration-after-statement -Wno-unused-but-set-variable -Wno-unused-local-typedefs   -g3 -Werror -Og -fno-omit-frame-pointer -D__XEN_INTERFACE_VERSION__=__XEN_LATEST_INTERFACE_VERSION__ -MMD -MP -MF .libxl_pvcalls.opic.d -D_LARGEFILE_SOURCE -D_LARGEFILE64_SOURCE   -Wno-format-zero-length -Wmissing-declarations -Wno-declaration-after-statement -Wformat-nonliteral -pthread -Wmissing-prototypes -I/build/xen/tools/libs/light/../../../tools/include  -I/build/xen/tools/libs/light/../../../tools/include  -I/build/xen/tools/libs/light/../../../tools/include  -I/build/xen/tools/libs/light/../../../tools/include  -I/build/xen/tools/libs/light/../../../tools/include -D__XEN_TOOLS__  -I/build/xen/tools/libs/light/../../../tools/include  -I/build/xen/tools/libs/light/../../../tools/include  -I/build/xen/tools/libs/light/../../../tools/include -Wshadow -DCONFIG_DEBUG -include /build/xen/tools/libs/light/../../../tools/config.h  -fPIC -c -o libxl_pvcalls.opic libxl_pvcalls.c 
riscv64-linux-gnu-gcc  -DPIC -DBUILD_ID -fno-strict-aliasing -std=gnu99 -Wall -Wstrict-prototypes -Wdeclaration-after-statement -Wno-unused-but-set-variable -Wno-unused-local-typedefs   -g3 -Werror -Og -fno-omit-frame-pointer -D__XEN_INTERFACE_VERSION__=__XEN_LATEST_INTERFACE_VERSION__ -MMD -MP -MF .libxl_vsnd.opic.d -D_LARGEFILE_SOURCE -D_LARGEFILE64_SOURCE   -Wno-format-zero-length -Wmissing-declarations -Wno-declaration-after-statement -Wformat-nonliteral -pthread -Wmissing-prototypes -I/build/xen/tools/libs/light/../../../tools/include  -I/build/xen/tools/libs/light/../../../tools/include  -I/build/xen/tools/libs/light/../../../tools/include  -I/build/xen/tools/libs/light/../../../tools/include  -I/build/xen/tools/libs/light/../../../tools/include -D__XEN_TOOLS__  -I/build/xen/tools/libs/light/../../../tools/include  -I/build/xen/tools/libs/light/../../../tools/include  -I/build/xen/tools/libs/light/../../../tools/include -Wshadow -DCONFIG_DEBUG -include /build/xen/tools/libs/light/../../../tools/config.h  -fPIC -c -o libxl_vsnd.opic libxl_vsnd.c 
riscv64-linux-gnu-gcc  -DPIC -DBUILD_ID -fno-strict-aliasing -std=gnu99 -Wall -Wstrict-prototypes -Wdeclaration-after-statement -Wno-unused-but-set-variable -Wno-unused-local-typedefs   -g3 -Werror -Og -fno-omit-frame-pointer -D__XEN_INTERFACE_VERSION__=__XEN_LATEST_INTERFACE_VERSION__ -MMD -MP -MF .libxl_vkb.opic.d -D_LARGEFILE_SOURCE -D_LARGEFILE64_SOURCE   -Wno-format-zero-length -Wmissing-declarations -Wno-declaration-after-statement -Wformat-nonliteral -pthread -Wmissing-prototypes -I/build/xen/tools/libs/light/../../../tools/include  -I/build/xen/tools/libs/light/../../../tools/include  -I/build/xen/tools/libs/light/../../../tools/include  -I/build/xen/tools/libs/light/../../../tools/include  -I/build/xen/tools/libs/light/../../../tools/include -D__XEN_TOOLS__  -I/build/xen/tools/libs/light/../../../tools/include  -I/build/xen/tools/libs/light/../../../tools/include  -I/build/xen/tools/libs/light/../../../tools/include -Wshadow -DCONFIG_DEBUG -include /build/xen/tools/libs/light/../../../tools/config.h  -fPIC -c -o libxl_vkb.opic libxl_vkb.c 
riscv64-linux-gnu-gcc  -DPIC -DBUILD_ID -fno-strict-aliasing -std=gnu99 -Wall -Wstrict-prototypes -Wdeclaration-after-statement -Wno-unused-but-set-variable -Wno-unused-local-typedefs   -g3 -Werror -Og -fno-omit-frame-pointer -D__XEN_INTERFACE_VERSION__=__XEN_LATEST_INTERFACE_VERSION__ -MMD -MP -MF .libxl_virtio.opic.d -D_LARGEFILE_SOURCE -D_LARGEFILE64_SOURCE   -Wno-format-zero-length -Wmissing-declarations -Wno-declaration-after-statement -Wformat-nonliteral -pthread -Wmissing-prototypes -I/build/xen/tools/libs/light/../../../tools/include  -I/build/xen/tools/libs/light/../../../tools/include  -I/build/xen/tools/libs/light/../../../tools/include  -I/build/xen/tools/libs/light/../../../tools/include  -I/build/xen/tools/libs/light/../../../tools/include -D__XEN_TOOLS__  -I/build/xen/tools/libs/light/../../../tools/include  -I/build/xen/tools/libs/light/../../../tools/include  -I/build/xen/tools/libs/light/../../../tools/include -Wshadow -DCONFIG_DEBUG -include /build/xen/tools/libs/light/../../../tools/config.h  -fPIC -c -o libxl_virtio.opic libxl_virtio.c 
riscv64-linux-gnu-gcc  -DPIC -DBUILD_ID -fno-strict-aliasing -std=gnu99 -Wall -Wstrict-prototypes -Wdeclaration-after-statement -Wno-unused-but-set-variable -Wno-unused-local-typedefs   -g3 -Werror -Og -fno-omit-frame-pointer -D__XEN_INTERFACE_VERSION__=__XEN_LATEST_INTERFACE_VERSION__ -MMD -MP -MF .libxl_genid.opic.d -D_LARGEFILE_SOURCE -D_LARGEFILE64_SOURCE   -Wno-format-zero-length -Wmissing-declarations -Wno-declaration-after-statement -Wformat-nonliteral -pthread -Wmissing-prototypes -I/build/xen/tools/libs/light/../../../tools/include  -I/build/xen/tools/libs/light/../../../tools/include  -I/build/xen/tools/libs/light/../../../tools/include  -I/build/xen/tools/libs/light/../../../tools/include  -I/build/xen/tools/libs/light/../../../tools/include -D__XEN_TOOLS__  -I/build/xen/tools/libs/light/../../../tools/include  -I/build/xen/tools/libs/light/../../../tools/include  -I/build/xen/tools/libs/light/../../../tools/include -Wshadow -DCONFIG_DEBUG -include /build/xen/tools/libs/light/../../../tools/config.h  -fPIC -c -o libxl_genid.opic libxl_genid.c 
riscv64-linux-gnu-gcc  -DPIC -DBUILD_ID -fno-strict-aliasing -std=gnu99 -Wall -Wstrict-prototypes -Wdeclaration-after-statement -Wno-unused-but-set-variable -Wno-unused-local-typedefs   -g3 -Werror -Og -fno-omit-frame-pointer -D__XEN_INTERFACE_VERSION__=__XEN_LATEST_INTERFACE_VERSION__ -MMD -MP -MF ._libxl_types.opic.d -D_LARGEFILE_SOURCE -D_LARGEFILE64_SOURCE   -Wno-format-zero-length -Wmissing-declarations -Wno-declaration-after-statement -Wformat-nonliteral -pthread -Wmissing-prototypes -I/build/xen/tools/libs/light/../../../tools/include  -I/build/xen/tools/libs/light/../../../tools/include  -I/build/xen/tools/libs/light/../../../tools/include  -I/build/xen/tools/libs/light/../../../tools/include  -I/build/xen/tools/libs/light/../../../tools/include -D__XEN_TOOLS__  -I/build/xen/tools/libs/light/../../../tools/include  -I/build/xen/tools/libs/light/../../../tools/include  -I/build/xen/tools/libs/light/../../../tools/include -Wshadow -DCONFIG_DEBUG -include /build/xen/tools/libs/light/../../../tools/config.h  -fPIC -c -o _libxl_types.opic _libxl_types.c 
riscv64-linux-gnu-gcc  -DPIC -DBUILD_ID -fno-strict-aliasing -std=gnu99 -Wall -Wstrict-prototypes -Wdeclaration-after-statement -Wno-unused-but-set-variable -Wno-unused-local-typedefs   -g3 -Werror -Og -fno-omit-frame-pointer -D__XEN_INTERFACE_VERSION__=__XEN_LATEST_INTERFACE_VERSION__ -MMD -MP -MF .libxl_flask.opic.d -D_LARGEFILE_SOURCE -D_LARGEFILE64_SOURCE   -Wno-format-zero-length -Wmissing-declarations -Wno-declaration-after-statement -Wformat-nonliteral -pthread -Wmissing-prototypes -I/build/xen/tools/libs/light/../../../tools/include  -I/build/xen/tools/libs/light/../../../tools/include  -I/build/xen/tools/libs/light/../../../tools/include  -I/build/xen/tools/libs/light/../../../tools/include  -I/build/xen/tools/libs/light/../../../tools/include -D__XEN_TOOLS__  -I/build/xen/tools/libs/light/../../../tools/include  -I/build/xen/tools/libs/light/../../../tools/include  -I/build/xen/tools/libs/light/../../../tools/include -Wshadow -DCONFIG_DEBUG -include /build/xen/tools/libs/light/../../../tools/config.h  -fPIC -c -o libxl_flask.opic libxl_flask.c 
riscv64-linux-gnu-gcc  -DPIC -DBUILD_ID -fno-strict-aliasing -std=gnu99 -Wall -Wstrict-prototypes -Wdeclaration-after-statement -Wno-unused-but-set-variable -Wno-unused-local-typedefs   -g3 -Werror -Og -fno-omit-frame-pointer -D__XEN_INTERFACE_VERSION__=__XEN_LATEST_INTERFACE_VERSION__ -MMD -MP -MF ._libxl_types_internal.opic.d -D_LARGEFILE_SOURCE -D_LARGEFILE64_SOURCE   -Wno-format-zero-length -Wmissing-declarations -Wno-declaration-after-statement -Wformat-nonliteral -pthread -Wmissing-prototypes -I/build/xen/tools/libs/light/../../../tools/include  -I/build/xen/tools/libs/light/../../../tools/include  -I/build/xen/tools/libs/light/../../../tools/include  -I/build/xen/tools/libs/light/../../../tools/include  -I/build/xen/tools/libs/light/../../../tools/include -D__XEN_TOOLS__  -I/build/xen/tools/libs/light/../../../tools/include  -I/build/xen/tools/libs/light/../../../tools/include  -I/build/xen/tools/libs/light/../../../tools/include -Wshadow -DCONFIG_DEBUG -include /build/xen/tools/libs/light/../../../tools/config.h  -fPIC -c -o _libxl_types_internal.opic _libxl_types_internal.c 
echo 'libxenlight_4.18.0 { global: *; };' >./.libxenlight.map.tmp
if ! cmp -s ./.libxenlight.map.tmp libxenlight.map.tmp; then mv -f ./.libxenlight.map.tmp libxenlight.map.tmp; else rm -f ./.libxenlight.map.tmp; fi
riscv64-linux-gnu-gcc  -DBUILD_ID -fno-strict-aliasing -std=gnu99 -Wall -Wstrict-prototypes -Wdeclaration-after-statement -Wno-unused-but-set-variable -Wno-unused-local-typedefs   -g3 -Werror -Og -fno-omit-frame-pointer -D__XEN_INTERFACE_VERSION__=__XEN_LATEST_INTERFACE_VERSION__ -MMD -MP -MF .libxl_save_helper.o.d -D_LARGEFILE_SOURCE -D_LARGEFILE64_SOURCE   -Wno-format-zero-length -Wmissing-declarations -Wno-declaration-after-statement -Wformat-nonliteral -pthread -Wmissing-prototypes -I/build/xen/tools/libs/light/../../../tools/include  -I/build/xen/tools/libs/light/../../../tools/include  -I/build/xen/tools/libs/light/../../../tools/include  -I/build/xen/tools/libs/light/../../../tools/include  -I/build/xen/tools/libs/light/../../../tools/include -D__XEN_TOOLS__  -I/build/xen/tools/libs/light/../../../tools/include  -I/build/xen/tools/libs/light/../../../tools/include  -I/build/xen/tools/libs/light/../../../tools/include -I/build/xen/tools/libs/light/../../../tools/include -D__XEN_TOOLS__ -I/build/xen/tools/libs/light/../../../tools/include -I/build/xen/tools/libs/light/../../../tools/include  -c -o libxl_save_helper.o libxl_save_helper.c 
riscv64-linux-gnu-gcc  -DBUILD_ID -fno-strict-aliasing -std=gnu99 -Wall -Wstrict-prototypes -Wdeclaration-after-statement -Wno-unused-but-set-variable -Wno-unused-local-typedefs   -g3 -Werror -Og -fno-omit-frame-pointer -D__XEN_INTERFACE_VERSION__=__XEN_LATEST_INTERFACE_VERSION__ -MMD -MP -MF ._libxl_save_msgs_helper.o.d -D_LARGEFILE_SOURCE -D_LARGEFILE64_SOURCE   -Wno-format-zero-length -Wmissing-declarations -Wno-declaration-after-statement -Wformat-nonliteral -pthread -Wmissing-prototypes -I/build/xen/tools/libs/light/../../../tools/include  -I/build/xen/tools/libs/light/../../../tools/include  -I/build/xen/tools/libs/light/../../../tools/include  -I/build/xen/tools/libs/light/../../../tools/include  -I/build/xen/tools/libs/light/../../../tools/include -D__XEN_TOOLS__  -I/build/xen/tools/libs/light/../../../tools/include  -I/build/xen/tools/libs/light/../../../tools/include  -I/build/xen/tools/libs/light/../../../tools/include -I/build/xen/tools/libs/light/../../../tools/include -D__XEN_TOOLS__ -I/build/xen/tools/libs/light/../../../tools/include -I/build/xen/tools/libs/light/../../../tools/include  -c -o _libxl_save_msgs_helper.o _libxl_save_msgs_helper.c 
riscv64-linux-gnu-gcc  -DBUILD_ID -fno-strict-aliasing -std=gnu99 -Wall -Wstrict-prototypes -Wdeclaration-after-statement -Wno-unused-but-set-variable -Wno-unused-local-typedefs   -g3 -Werror -Og -fno-omit-frame-pointer -D__XEN_INTERFACE_VERSION__=__XEN_LATEST_INTERFACE_VERSION__ -MMD -MP -MF .test_timedereg.o.d -D_LARGEFILE_SOURCE -D_LARGEFILE64_SOURCE   -Wno-format-zero-length -Wmissing-declarations -Wno-declaration-after-statement -Wformat-nonliteral -pthread -Wmissing-prototypes -I/build/xen/tools/libs/light/../../../tools/include  -I/build/xen/tools/libs/light/../../../tools/include  -I/build/xen/tools/libs/light/../../../tools/include  -I/build/xen/tools/libs/light/../../../tools/include  -I/build/xen/tools/libs/light/../../../tools/include -D__XEN_TOOLS__  -I/build/xen/tools/libs/light/../../../tools/include  -I/build/xen/tools/libs/light/../../../tools/include  -I/build/xen/tools/libs/light/../../../tools/include -I/build/xen/tools/libs/light/../../../tools/include -I/build/xen/tools/libs/light/../../../tools/include  -c -o test_timedereg.o test_timedereg.c 
riscv64-linux-gnu-gcc  -DBUILD_ID -fno-strict-aliasing -std=gnu99 -Wall -Wstrict-prototypes -Wdeclaration-after-statement -Wno-unused-but-set-variable -Wno-unused-local-typedefs   -g3 -Werror -Og -fno-omit-frame-pointer -D__XEN_INTERFACE_VERSION__=__XEN_LATEST_INTERFACE_VERSION__ -MMD -MP -MF .test_common.o.d -D_LARGEFILE_SOURCE -D_LARGEFILE64_SOURCE   -Wno-format-zero-length -Wmissing-declarations -Wno-declaration-after-statement -Wformat-nonliteral -pthread -Wmissing-prototypes -I/build/xen/tools/libs/light/../../../tools/include  -I/build/xen/tools/libs/light/../../../tools/include  -I/build/xen/tools/libs/light/../../../tools/include  -I/build/xen/tools/libs/light/../../../tools/include  -I/build/xen/tools/libs/light/../../../tools/include -D__XEN_TOOLS__  -I/build/xen/tools/libs/light/../../../tools/include  -I/build/xen/tools/libs/light/../../../tools/include  -I/build/xen/tools/libs/light/../../../tools/include -I/build/xen/tools/libs/light/../../../tools/include -I/build/xen/tools/libs/light/../../../tools/include  -c -o test_common.o test_common.c 
riscv64-linux-gnu-gcc  -DPIC -DBUILD_ID -fno-strict-aliasing -std=gnu99 -Wall -Wstrict-prototypes -Wdeclaration-after-statement -Wno-unused-but-set-variable -Wno-unused-local-typedefs   -g3 -Werror -Og -fno-omit-frame-pointer -D__XEN_INTERFACE_VERSION__=__XEN_LATEST_INTERFACE_VERSION__ -MMD -MP -MF .libxl_test_timedereg.opic.d -D_LARGEFILE_SOURCE -D_LARGEFILE64_SOURCE   -Wno-format-zero-length -Wmissing-declarations -Wno-declaration-after-statement -Wformat-nonliteral -pthread -Wmissing-prototypes -I/build/xen/tools/libs/light/../../../tools/include  -I/build/xen/tools/libs/light/../../../tools/include  -I/build/xen/tools/libs/light/../../../tools/include  -I/build/xen/tools/libs/light/../../../tools/include  -I/build/xen/tools/libs/light/../../../tools/include -D__XEN_TOOLS__  -I/build/xen/tools/libs/light/../../../tools/include  -I/build/xen/tools/libs/light/../../../tools/include  -I/build/xen/tools/libs/light/../../../tools/include -Wshadow -DCONFIG_DEBUG -include /build/xen/tools/libs/light/../../../tools/config.h  -fPIC -c -o libxl_test_timedereg.opic libxl_test_timedereg.c 
riscv64-linux-gnu-gcc  -DPIC -DBUILD_ID -fno-strict-aliasing -std=gnu99 -Wall -Wstrict-prototypes -Wdeclaration-after-statement -Wno-unused-but-set-variable -Wno-unused-local-typedefs   -g3 -Werror -Og -fno-omit-frame-pointer -D__XEN_INTERFACE_VERSION__=__XEN_LATEST_INTERFACE_VERSION__ -MMD -MP -MF .libxl_test_fdevent.opic.d -D_LARGEFILE_SOURCE -D_LARGEFILE64_SOURCE   -Wno-format-zero-length -Wmissing-declarations -Wno-declaration-after-statement -Wformat-nonliteral -pthread -Wmissing-prototypes -I/build/xen/tools/libs/light/../../../tools/include  -I/build/xen/tools/libs/light/../../../tools/include  -I/build/xen/tools/libs/light/../../../tools/include  -I/build/xen/tools/libs/light/../../../tools/include  -I/build/xen/tools/libs/light/../../../tools/include -D__XEN_TOOLS__  -I/build/xen/tools/libs/light/../../../tools/include  -I/build/xen/tools/libs/light/../../../tools/include  -I/build/xen/tools/libs/light/../../../tools/include -Wshadow -DCONFIG_DEBUG -include /build/xen/tools/libs/light/../../../tools/config.h  -fPIC -c -o libxl_test_fdevent.opic libxl_test_fdevent.c 
riscv64-linux-gnu-gcc  -DBUILD_ID -fno-strict-aliasing -std=gnu99 -Wall -Wstrict-prototypes -Wdeclaration-after-statement -Wno-unused-but-set-variable -Wno-unused-local-typedefs   -g3 -Werror -Og -fno-omit-frame-pointer -D__XEN_INTERFACE_VERSION__=__XEN_LATEST_INTERFACE_VERSION__ -MMD -MP -MF .test_fdderegrace.o.d -D_LARGEFILE_SOURCE -D_LARGEFILE64_SOURCE   -Wno-format-zero-length -Wmissing-declarations -Wno-declaration-after-statement -Wformat-nonliteral -pthread -Wmissing-prototypes -I/build/xen/tools/libs/light/../../../tools/include  -I/build/xen/tools/libs/light/../../../tools/include  -I/build/xen/tools/libs/light/../../../tools/include  -I/build/xen/tools/libs/light/../../../tools/include  -I/build/xen/tools/libs/light/../../../tools/include -D__XEN_TOOLS__  -I/build/xen/tools/libs/light/../../../tools/include  -I/build/xen/tools/libs/light/../../../tools/include  -I/build/xen/tools/libs/light/../../../tools/include -I/build/xen/tools/libs/light/../../../tools/include -I/build/xen/tools/libs/light/../../../tools/include  -c -o test_fdderegrace.o test_fdderegrace.c 
riscv64-linux-gnu-ar rc libxenlight.a osdeps.o libxl_paths.o libxl_bootloader.o flexarray.o libxl_nonetbuffer.o libxl_no_convert_callout.o libxl_remus.o libxl_checkpoint_device.o libxl_remus_disk_drbd.o libxl_no_colo.o libxl_riscv.o libxl_nocpuid.o libxl_libfdt_compat.o libxl_linux.o libxl_setresuid.o libxl.o libxl_create.o libxl_dm.o libxl_pci.o libxl_dom.o libxl_exec.o libxl_xshelp.o libxl_device.o libxl_internal.o libxl_utils.o libxl_uuid.o libxl_json.o libxl_aoutils.o libxl_numa.o libxl_vnuma.o libxl_stream_read.o libxl_stream_write.o libxl_save_callout.o _libxl_save_msgs_callout.o libxl_qmp.o libxl_event.o libxl_fork.o libxl_dom_suspend.o libxl_dom_save.o libxl_usb.o libxl_vtpm.o libxl_nic.o libxl_disk.o libxl_console.o libxl_cpupool.o libxl_mem.o libxl_sched.o libxl_tmem.o libxl_9pfs.o libxl_domain.o libxl_vdispl.o libxl_pvcalls.o libxl_vsnd.o libxl_vkb.o libxl_virtio.o libxl_genid.o _libxl_types.o libxl_flask.o _libxl_types_internal.o
riscv64-linux-gnu-gcc     -pthread -pthread -Wl,-soname -Wl,libxenlight.so.4.18 -Wl,--version-script=libxenlight.map.tmp -shared -o libxenlight.so.4.18.0 osdeps.opic libxl_paths.opic libxl_bootloader.opic flexarray.opic libxl_nonetbuffer.opic libxl_no_convert_callout.opic libxl_remus.opic libxl_checkpoint_device.opic libxl_remus_disk_drbd.opic libxl_no_colo.opic libxl_riscv.opic libxl_nocpuid.opic libxl_libfdt_compat.opic libxl_linux.opic libxl_setresuid.opic libxl.opic libxl_create.opic libxl_dm.opic libxl_pci.opic libxl_dom.opic libxl_exec.opic libxl_xshelp.opic libxl_device.opic libxl_internal.opic libxl_utils.opic libxl_uuid.opic libxl_json.opic libxl_aoutils.opic libxl_numa.opic libxl_vnuma.opic libxl_stream_read.opic libxl_stream_write.opic libxl_save_callout.opic _libxl_save_msgs_callout.opic libxl_qmp.opic libxl_event.opic libxl_fork.opic libxl_dom_suspend.opic libxl_dom_save.opic libxl_usb.opic libxl_vtpm.opic libxl_nic.opic libxl_disk.opic libxl_console.opic libxl_cpupool.opic libxl_mem.opic libxl_sched.opic libxl_tmem.opic libxl_9pfs.opic libxl_domain.opic libxl_vdispl.opic libxl_pvcalls.opic libxl_vsnd.opic libxl_vkb.opic libxl_virtio.opic libxl_genid.opic _libxl_types.opic libxl_flask.opic _libxl_types_internal.opic         -Wl,-rpath-link=/build/xen/tools/libs/light/../../../tools/libs/call -Wl,-rpath-link=/build/xen/tools/libs/light/../../../tools/libs/ctrl -Wl,-rpath-link=/build/xen/tools/libs/light/../../../tools/libs/devicemodel -Wl,-rpath-link=/build/xen/tools/libs/light/../../../tools/libs/evtchn -Wl,-rpath-link=/build/xen/tools/libs/light/../../../tools/libs/foreignmemory -Wl,-rpath-link=/build/xen/tools/libs/light/../../../tools/libs/gnttab -Wl,-rpath-link=/build/xen/tools/libs/light/../../../tools/libs/toolcore -Wl,-rpath-link=/build/xen/tools/libs/light/../../../tools/libs/toollog      /build/xen/tools/libs/light/../../../tools/libs/toollog/libxentoollog.so  /build/xen/tools/libs/light/../../../tools/libs/evtchn/libxenevtchn.so  /build/xen/tools/libs/light/../../../tools/libs/toolcore/libxentoolcore.so  /build/xen/tools/libs/light/../../../tools/libs/ctrl/libxenctrl.so  /build/xen/tools/libs/light/../../../tools/libs/store/libxenstore.so  /build/xen/tools/libs/light/../../../tools/libs/hypfs/libxenhypfs.so  /build/xen/tools/libs/light/../../../tools/libs/guest/libxenguest.so     -ldl   -lutil -luuid -lrt -lfdt  -lyajl 
riscv64-linux-gnu-gcc     -pthread -Wl,-soname -Wl,libxenlight.so.4.18 -shared -o libxenlight_test.so osdeps.opic libxl_paths.opic libxl_bootloader.opic flexarray.opic libxl_nonetbuffer.opic libxl_no_convert_callout.opic libxl_remus.opic libxl_checkpoint_device.opic libxl_remus_disk_drbd.opic libxl_no_colo.opic libxl_riscv.opic libxl_nocpuid.opic libxl_libfdt_compat.opic libxl_linux.opic libxl_setresuid.opic libxl.opic libxl_create.opic libxl_dm.opic libxl_pci.opic libxl_dom.opic libxl_exec.opic libxl_xshelp.opic libxl_device.opic libxl_internal.opic libxl_utils.opic libxl_uuid.opic libxl_json.opic libxl_aoutils.opic libxl_numa.opic libxl_vnuma.opic libxl_stream_read.opic libxl_stream_write.opic libxl_save_callout.opic _libxl_save_msgs_callout.opic libxl_qmp.opic libxl_event.opic libxl_fork.opic libxl_dom_suspend.opic libxl_dom_save.opic libxl_usb.opic libxl_vtpm.opic libxl_nic.opic libxl_disk.opic libxl_console.opic libxl_cpupool.opic libxl_mem.opic libxl_sched.opic libxl_tmem.opic libxl_9pfs.opic libxl_domain.opic libxl_vdispl.opic libxl_pvcalls.opic libxl_vsnd.opic libxl_vkb.opic libxl_virtio.opic libxl_genid.opic _libxl_types.opic libxl_flask.opic _libxl_types_internal.opic libxl_test_timedereg.opic libxl_test_fdevent.opic         -Wl,-rpath-link=/build/xen/tools/libs/light/../../../tools/libs/call -Wl,-rpath-link=/build/xen/tools/libs/light/../../../tools/libs/ctrl -Wl,-rpath-link=/build/xen/tools/libs/light/../../../tools/libs/devicemodel -Wl,-rpath-link=/build/xen/tools/libs/light/../../../tools/libs/evtchn -Wl,-rpath-link=/build/xen/tools/libs/light/../../../tools/libs/foreignmemory -Wl,-rpath-link=/build/xen/tools/libs/light/../../../tools/libs/gnttab -Wl,-rpath-link=/build/xen/tools/libs/light/../../../tools/libs/toolcore -Wl,-rpath-link=/build/xen/tools/libs/light/../../../tools/libs/toollog      /build/xen/tools/libs/light/../../../tools/libs/toollog/libxentoollog.so  /build/xen/tools/libs/light/../../../tools/libs/evtchn/libxenevtchn.so  /build/xen/tools/libs/light/../../../tools/libs/toolcore/libxentoolcore.so  /build/xen/tools/libs/light/../../../tools/libs/ctrl/libxenctrl.so  /build/xen/tools/libs/light/../../../tools/libs/store/libxenstore.so  /build/xen/tools/libs/light/../../../tools/libs/hypfs/libxenhypfs.so  /build/xen/tools/libs/light/../../../tools/libs/guest/libxenguest.so     -ldl   -lutil -luuid -lrt -lfdt  -lyajl 
ln -sf libxenlight.so.4.18.0 libxenlight.so.4.18
ln -sf libxenlight.so.4.18 libxenlight.so
riscv64-linux-gnu-gcc     -pthread -o testidl testidl.o         -Wl,-rpath-link=/build/xen/tools/libs/light/../../../tools/libs/call -Wl,-rpath-link=/build/xen/tools/libs/light/../../../tools/libs/ctrl -Wl,-rpath-link=/build/xen/tools/libs/light/../../../tools/libs/devicemodel -Wl,-rpath-link=/build/xen/tools/libs/light/../../../tools/libs/evtchn -Wl,-rpath-link=/build/xen/tools/libs/light/../../../tools/libs/foreignmemory -Wl,-rpath-link=/build/xen/tools/libs/light/../../../tools/libs/gnttab -Wl,-rpath-link=/build/xen/tools/libs/light/../../../tools/libs/guest -Wl,-rpath-link=/build/xen/tools/libs/light/../../../tools/libs/hypfs -Wl,-rpath-link=/build/xen/tools/libs/light/../../../tools/libs/store -Wl,-rpath-link=/build/xen/tools/libs/light/../../../tools/libs/toolcore -Wl,-rpath-link=/build/xen/tools/libs/light/../../../tools/libs/toollog      /build/xen/tools/libs/light/../../../tools/libs/light/libxenlight.so                /build/xen/tools/libs/light/../../../tools/libs/toollog/libxentoollog.so                /build/xen/tools/libs/light/../../../tools/libs/toolcore/libxentoolcore.so  
riscv64-linux-gnu-gcc     -pthread -o libxl-save-helper libxl_save_helper.o _libxl_save_msgs_helper.o               /build/xen/tools/libs/light/../../../tools/libs/toollog/libxentoollog.so          -Wl,-rpath-link=/build/xen/tools/libs/light/../../../tools/libs/call -Wl,-rpath-link=/build/xen/tools/libs/light/../../../tools/libs/devicemodel -Wl,-rpath-link=/build/xen/tools/libs/light/../../../tools/libs/evtchn -Wl,-rpath-link=/build/xen/tools/libs/light/../../../tools/libs/foreignmemory -Wl,-rpath-link=/build/xen/tools/libs/light/../../../tools/libs/gnttab -Wl,-rpath-link=/build/xen/tools/libs/light/../../../tools/libs/toolcore -Wl,-rpath-link=/build/xen/tools/libs/light/../../../tools/libs/toollog      /build/xen/tools/libs/light/../../../tools/libs/ctrl/libxenctrl.so          -Wl,-rpath-link=/build/xen/tools/libs/light/../../../tools/libs/call -Wl,-rpath-link=/build/xen/tools/libs/light/../../../tools/libs/ctrl -Wl,-rpath-link=/build/xen/tools/libs/light/../../../tools/libs/devicemodel -Wl,-rpath-link=/build/xen/tools/libs/light/../../../tools/libs/evtchn -Wl,-rpath-link=/build/xen/tools/libs/light/../../../tools/libs/foreignmemory -Wl,-rpath-link=/build/xen/tools/libs/light/../../../tools/libs/gnttab -Wl,-rpath-link=/build/xen/tools/libs/light/../../../tools/libs/toolcore -Wl,-rpath-link=/build/xen/tools/libs/light/../../../tools/libs/toollog      /build/xen/tools/libs/light/../../../tools/libs/guest/libxenguest.so                /build/xen/tools/libs/light/../../../tools/libs/toolcore/libxentoolcore.so  
riscv64-linux-gnu-gcc     -pthread -o test_timedereg test_timedereg.o test_common.o libxenlight_test.so -Wl,-rpath-link=/build/xen/tools/libs/light/../../../tools/libs/call -Wl,-rpath-link=/build/xen/tools/libs/light/../../../tools/libs/ctrl -Wl,-rpath-link=/build/xen/tools/libs/light/../../../tools/libs/devicemodel -Wl,-rpath-link=/build/xen/tools/libs/light/../../../tools/libs/evtchn -Wl,-rpath-link=/build/xen/tools/libs/light/../../../tools/libs/foreignmemory -Wl,-rpath-link=/build/xen/tools/libs/light/../../../tools/libs/gnttab -Wl,-rpath-link=/build/xen/tools/libs/light/../../../tools/libs/guest -Wl,-rpath-link=/build/xen/tools/libs/light/../../../tools/libs/hypfs -Wl,-rpath-link=/build/xen/tools/libs/light/../../../tools/libs/store -Wl,-rpath-link=/build/xen/tools/libs/light/../../../tools/libs/toolcore -Wl,-rpath-link=/build/xen/tools/libs/light/../../../tools/libs/toollog               /build/xen/tools/libs/light/../../../tools/libs/toollog/libxentoollog.so                /build/xen/tools/libs/light/../../../tools/libs/toolcore/libxentoolcore.so  -lyajl 
riscv64-linux-gnu-gcc     -pthread -o test_fdderegrace test_fdderegrace.o test_common.o libxenlight_test.so -Wl,-rpath-link=/build/xen/tools/libs/light/../../../tools/libs/call -Wl,-rpath-link=/build/xen/tools/libs/light/../../../tools/libs/ctrl -Wl,-rpath-link=/build/xen/tools/libs/light/../../../tools/libs/devicemodel -Wl,-rpath-link=/build/xen/tools/libs/light/../../../tools/libs/evtchn -Wl,-rpath-link=/build/xen/tools/libs/light/../../../tools/libs/foreignmemory -Wl,-rpath-link=/build/xen/tools/libs/light/../../../tools/libs/gnttab -Wl,-rpath-link=/build/xen/tools/libs/light/../../../tools/libs/guest -Wl,-rpath-link=/build/xen/tools/libs/light/../../../tools/libs/hypfs -Wl,-rpath-link=/build/xen/tools/libs/light/../../../tools/libs/store -Wl,-rpath-link=/build/xen/tools/libs/light/../../../tools/libs/toolcore -Wl,-rpath-link=/build/xen/tools/libs/light/../../../tools/libs/toollog               /build/xen/tools/libs/light/../../../tools/libs/toollog/libxentoollog.so                /build/xen/tools/libs/light/../../../tools/libs/toolcore/libxentoolcore.so  -lyajl 
/build/xen/tools/libs/light/../../../tools/cross-install -d -m0755 -p /build/xen/dist/install
/build/xen/tools/libs/light/../../../tools/cross-install -d -m0755 -p /build/xen/dist/install
/build/xen/tools/libs/light/../../../tools/cross-install -m0755 -p libxenlight.so.4.18.0 /build/xen/dist/install
/build/xen/tools/libs/light/../../../tools/cross-install -m0644 -p libxenlight.a /build/xen/dist/install
ln -sf libxenlight.so.4.18.0 /build/xen/dist/install/libxenlight.so.4.18
ln -sf libxenlight.so.4.18 /build/xen/dist/install/libxenlight.so
for i in  /build/xen/tools/libs/light/../../../tools/include/libxl.h  /build/xen/tools/libs/light/../../../tools/include/libxl_event.h  /build/xen/tools/libs/light/../../../tools/include/libxl_json.h  /build/xen/tools/libs/light/../../../tools/include/_libxl_types.h  /build/xen/tools/libs/light/../../../tools/include/_libxl_types_json.h  /build/xen/tools/libs/light/../../../tools/include/libxl_utils.h  /build/xen/tools/libs/light/../../../tools/include/libxl_uuid.h; do /build/xen/tools/libs/light/../../../tools/cross-install -m0644 -p $i /build/xen/dist/install; done
/build/xen/tools/libs/light/../../../tools/cross-install -m0644 -p xenlight.pc /build/xen/dist/install
/build/xen/tools/libs/light/../../../tools/cross-install -d -m0755 -p /build/xen/dist/install
/build/xen/tools/libs/light/../../../tools/cross-install -m0755 -p libxl-save-helper /build/xen/dist/install
make[7]: Leaving directory '/build/xen/tools/libs/light'
make[6]: Leaving directory '/build/xen/tools/libs'
make[6]: Entering directory '/build/xen/tools/libs'
make -C util install
make[7]: Entering directory '/build/xen/tools/libs/util'
riscv64-linux-gnu-gcc  -DBUILD_ID -fno-strict-aliasing -std=gnu99 -Wall -Wstrict-prototypes -Wdeclaration-after-statement -Wno-unused-but-set-variable -Wno-unused-local-typedefs   -g3 -Werror -Og -fno-omit-frame-pointer -D__XEN_INTERFACE_VERSION__=__XEN_LATEST_INTERFACE_VERSION__ -MMD -MP -MF .libxlu_cfg_y.o.d -D_LARGEFILE_SOURCE -D_LARGEFILE64_SOURCE   -Wno-format-zero-length -Wmissing-declarations -Wno-declaration-after-statement -Wformat-nonliteral -I/build/xen/tools/libs/util/../../../tools/include -D__XEN_TOOLS__ -pthread -Wmissing-prototypes -I/build/xen/tools/libs/util/../../../tools/include  -I/build/xen/tools/libs/util/../../../tools/include -I/build/xen/tools/libs/util/../../../tools/include -D__XEN_TOOLS__  -c -o libxlu_cfg_y.o libxlu_cfg_y.c 
riscv64-linux-gnu-gcc  -DBUILD_ID -fno-strict-aliasing -std=gnu99 -Wall -Wstrict-prototypes -Wdeclaration-after-statement -Wno-unused-but-set-variable -Wno-unused-local-typedefs   -g3 -Werror -Og -fno-omit-frame-pointer -D__XEN_INTERFACE_VERSION__=__XEN_LATEST_INTERFACE_VERSION__ -MMD -MP -MF .libxlu_cfg_l.o.d -D_LARGEFILE_SOURCE -D_LARGEFILE64_SOURCE   -Wno-format-zero-length -Wmissing-declarations -Wno-declaration-after-statement -Wformat-nonliteral -I/build/xen/tools/libs/util/../../../tools/include -D__XEN_TOOLS__ -pthread -Wmissing-prototypes -I/build/xen/tools/libs/util/../../../tools/include  -I/build/xen/tools/libs/util/../../../tools/include -I/build/xen/tools/libs/util/../../../tools/include -D__XEN_TOOLS__  -c -o libxlu_cfg_l.o libxlu_cfg_l.c 
riscv64-linux-gnu-gcc  -DBUILD_ID -fno-strict-aliasing -std=gnu99 -Wall -Wstrict-prototypes -Wdeclaration-after-statement -Wno-unused-but-set-variable -Wno-unused-local-typedefs   -g3 -Werror -Og -fno-omit-frame-pointer -D__XEN_INTERFACE_VERSION__=__XEN_LATEST_INTERFACE_VERSION__ -MMD -MP -MF .libxlu_cfg.o.d -D_LARGEFILE_SOURCE -D_LARGEFILE64_SOURCE   -Wno-format-zero-length -Wmissing-declarations -Wno-declaration-after-statement -Wformat-nonliteral -I/build/xen/tools/libs/util/../../../tools/include -D__XEN_TOOLS__ -pthread -Wmissing-prototypes -I/build/xen/tools/libs/util/../../../tools/include  -I/build/xen/tools/libs/util/../../../tools/include -I/build/xen/tools/libs/util/../../../tools/include -D__XEN_TOOLS__  -c -o libxlu_cfg.o libxlu_cfg.c 
riscv64-linux-gnu-gcc  -DBUILD_ID -fno-strict-aliasing -std=gnu99 -Wall -Wstrict-prototypes -Wdeclaration-after-statement -Wno-unused-but-set-variable -Wno-unused-local-typedefs   -g3 -Werror -Og -fno-omit-frame-pointer -D__XEN_INTERFACE_VERSION__=__XEN_LATEST_INTERFACE_VERSION__ -MMD -MP -MF .libxlu_disk_l.o.d -D_LARGEFILE_SOURCE -D_LARGEFILE64_SOURCE   -Wno-format-zero-length -Wmissing-declarations -Wno-declaration-after-statement -Wformat-nonliteral -I/build/xen/tools/libs/util/../../../tools/include -D__XEN_TOOLS__ -pthread -Wmissing-prototypes -I/build/xen/tools/libs/util/../../../tools/include  -I/build/xen/tools/libs/util/../../../tools/include -I/build/xen/tools/libs/util/../../../tools/include -D__XEN_TOOLS__  -c -o libxlu_disk_l.o libxlu_disk_l.c 
riscv64-linux-gnu-gcc  -DBUILD_ID -fno-strict-aliasing -std=gnu99 -Wall -Wstrict-prototypes -Wdeclaration-after-statement -Wno-unused-but-set-variable -Wno-unused-local-typedefs   -g3 -Werror -Og -fno-omit-frame-pointer -D__XEN_INTERFACE_VERSION__=__XEN_LATEST_INTERFACE_VERSION__ -MMD -MP -MF .libxlu_disk.o.d -D_LARGEFILE_SOURCE -D_LARGEFILE64_SOURCE   -Wno-format-zero-length -Wmissing-declarations -Wno-declaration-after-statement -Wformat-nonliteral -I/build/xen/tools/libs/util/../../../tools/include -D__XEN_TOOLS__ -pthread -Wmissing-prototypes -I/build/xen/tools/libs/util/../../../tools/include  -I/build/xen/tools/libs/util/../../../tools/include -I/build/xen/tools/libs/util/../../../tools/include -D__XEN_TOOLS__  -c -o libxlu_disk.o libxlu_disk.c 
riscv64-linux-gnu-gcc  -DBUILD_ID -fno-strict-aliasing -std=gnu99 -Wall -Wstrict-prototypes -Wdeclaration-after-statement -Wno-unused-but-set-variable -Wno-unused-local-typedefs   -g3 -Werror -Og -fno-omit-frame-pointer -D__XEN_INTERFACE_VERSION__=__XEN_LATEST_INTERFACE_VERSION__ -MMD -MP -MF .libxlu_vif.o.d -D_LARGEFILE_SOURCE -D_LARGEFILE64_SOURCE   -Wno-format-zero-length -Wmissing-declarations -Wno-declaration-after-statement -Wformat-nonliteral -I/build/xen/tools/libs/util/../../../tools/include -D__XEN_TOOLS__ -pthread -Wmissing-prototypes -I/build/xen/tools/libs/util/../../../tools/include  -I/build/xen/tools/libs/util/../../../tools/include -I/build/xen/tools/libs/util/../../../tools/include -D__XEN_TOOLS__  -c -o libxlu_vif.o libxlu_vif.c 
riscv64-linux-gnu-gcc  -DBUILD_ID -fno-strict-aliasing -std=gnu99 -Wall -Wstrict-prototypes -Wdeclaration-after-statement -Wno-unused-but-set-variable -Wno-unused-local-typedefs   -g3 -Werror -Og -fno-omit-frame-pointer -D__XEN_INTERFACE_VERSION__=__XEN_LATEST_INTERFACE_VERSION__ -MMD -MP -MF .libxlu_pci.o.d -D_LARGEFILE_SOURCE -D_LARGEFILE64_SOURCE   -Wno-format-zero-length -Wmissing-declarations -Wno-declaration-after-statement -Wformat-nonliteral -I/build/xen/tools/libs/util/../../../tools/include -D__XEN_TOOLS__ -pthread -Wmissing-prototypes -I/build/xen/tools/libs/util/../../../tools/include  -I/build/xen/tools/libs/util/../../../tools/include -I/build/xen/tools/libs/util/../../../tools/include -D__XEN_TOOLS__  -c -o libxlu_pci.o libxlu_pci.c 
riscv64-linux-gnu-gcc  -DPIC -DBUILD_ID -fno-strict-aliasing -std=gnu99 -Wall -Wstrict-prototypes -Wdeclaration-after-statement -Wno-unused-but-set-variable -Wno-unused-local-typedefs   -g3 -Werror -Og -fno-omit-frame-pointer -D__XEN_INTERFACE_VERSION__=__XEN_LATEST_INTERFACE_VERSION__ -MMD -MP -MF .libxlu_cfg_y.opic.d -D_LARGEFILE_SOURCE -D_LARGEFILE64_SOURCE   -Wno-format-zero-length -Wmissing-declarations -Wno-declaration-after-statement -Wformat-nonliteral -I/build/xen/tools/libs/util/../../../tools/include -D__XEN_TOOLS__ -pthread -Wmissing-prototypes -I/build/xen/tools/libs/util/../../../tools/include  -I/build/xen/tools/libs/util/../../../tools/include -I/build/xen/tools/libs/util/../../../tools/include -D__XEN_TOOLS__  -fPIC -c -o libxlu_cfg_y.opic libxlu_cfg_y.c 
riscv64-linux-gnu-gcc  -DPIC -DBUILD_ID -fno-strict-aliasing -std=gnu99 -Wall -Wstrict-prototypes -Wdeclaration-after-statement -Wno-unused-but-set-variable -Wno-unused-local-typedefs   -g3 -Werror -Og -fno-omit-frame-pointer -D__XEN_INTERFACE_VERSION__=__XEN_LATEST_INTERFACE_VERSION__ -MMD -MP -MF .libxlu_cfg_l.opic.d -D_LARGEFILE_SOURCE -D_LARGEFILE64_SOURCE   -Wno-format-zero-length -Wmissing-declarations -Wno-declaration-after-statement -Wformat-nonliteral -I/build/xen/tools/libs/util/../../../tools/include -D__XEN_TOOLS__ -pthread -Wmissing-prototypes -I/build/xen/tools/libs/util/../../../tools/include  -I/build/xen/tools/libs/util/../../../tools/include -I/build/xen/tools/libs/util/../../../tools/include -D__XEN_TOOLS__  -fPIC -c -o libxlu_cfg_l.opic libxlu_cfg_l.c 
riscv64-linux-gnu-gcc  -DPIC -DBUILD_ID -fno-strict-aliasing -std=gnu99 -Wall -Wstrict-prototypes -Wdeclaration-after-statement -Wno-unused-but-set-variable -Wno-unused-local-typedefs   -g3 -Werror -Og -fno-omit-frame-pointer -D__XEN_INTERFACE_VERSION__=__XEN_LATEST_INTERFACE_VERSION__ -MMD -MP -MF .libxlu_cfg.opic.d -D_LARGEFILE_SOURCE -D_LARGEFILE64_SOURCE   -Wno-format-zero-length -Wmissing-declarations -Wno-declaration-after-statement -Wformat-nonliteral -I/build/xen/tools/libs/util/../../../tools/include -D__XEN_TOOLS__ -pthread -Wmissing-prototypes -I/build/xen/tools/libs/util/../../../tools/include  -I/build/xen/tools/libs/util/../../../tools/include -I/build/xen/tools/libs/util/../../../tools/include -D__XEN_TOOLS__  -fPIC -c -o libxlu_cfg.opic libxlu_cfg.c 
riscv64-linux-gnu-gcc  -DPIC -DBUILD_ID -fno-strict-aliasing -std=gnu99 -Wall -Wstrict-prototypes -Wdeclaration-after-statement -Wno-unused-but-set-variable -Wno-unused-local-typedefs   -g3 -Werror -Og -fno-omit-frame-pointer -D__XEN_INTERFACE_VERSION__=__XEN_LATEST_INTERFACE_VERSION__ -MMD -MP -MF .libxlu_disk_l.opic.d -D_LARGEFILE_SOURCE -D_LARGEFILE64_SOURCE   -Wno-format-zero-length -Wmissing-declarations -Wno-declaration-after-statement -Wformat-nonliteral -I/build/xen/tools/libs/util/../../../tools/include -D__XEN_TOOLS__ -pthread -Wmissing-prototypes -I/build/xen/tools/libs/util/../../../tools/include  -I/build/xen/tools/libs/util/../../../tools/include -I/build/xen/tools/libs/util/../../../tools/include -D__XEN_TOOLS__  -fPIC -c -o libxlu_disk_l.opic libxlu_disk_l.c 
riscv64-linux-gnu-gcc  -DPIC -DBUILD_ID -fno-strict-aliasing -std=gnu99 -Wall -Wstrict-prototypes -Wdeclaration-after-statement -Wno-unused-but-set-variable -Wno-unused-local-typedefs   -g3 -Werror -Og -fno-omit-frame-pointer -D__XEN_INTERFACE_VERSION__=__XEN_LATEST_INTERFACE_VERSION__ -MMD -MP -MF .libxlu_disk.opic.d -D_LARGEFILE_SOURCE -D_LARGEFILE64_SOURCE   -Wno-format-zero-length -Wmissing-declarations -Wno-declaration-after-statement -Wformat-nonliteral -I/build/xen/tools/libs/util/../../../tools/include -D__XEN_TOOLS__ -pthread -Wmissing-prototypes -I/build/xen/tools/libs/util/../../../tools/include  -I/build/xen/tools/libs/util/../../../tools/include -I/build/xen/tools/libs/util/../../../tools/include -D__XEN_TOOLS__  -fPIC -c -o libxlu_disk.opic libxlu_disk.c 
riscv64-linux-gnu-gcc  -DPIC -DBUILD_ID -fno-strict-aliasing -std=gnu99 -Wall -Wstrict-prototypes -Wdeclaration-after-statement -Wno-unused-but-set-variable -Wno-unused-local-typedefs   -g3 -Werror -Og -fno-omit-frame-pointer -D__XEN_INTERFACE_VERSION__=__XEN_LATEST_INTERFACE_VERSION__ -MMD -MP -MF .libxlu_vif.opic.d -D_LARGEFILE_SOURCE -D_LARGEFILE64_SOURCE   -Wno-format-zero-length -Wmissing-declarations -Wno-declaration-after-statement -Wformat-nonliteral -I/build/xen/tools/libs/util/../../../tools/include -D__XEN_TOOLS__ -pthread -Wmissing-prototypes -I/build/xen/tools/libs/util/../../../tools/include  -I/build/xen/tools/libs/util/../../../tools/include -I/build/xen/tools/libs/util/../../../tools/include -D__XEN_TOOLS__  -fPIC -c -o libxlu_vif.opic libxlu_vif.c 
riscv64-linux-gnu-gcc  -DPIC -DBUILD_ID -fno-strict-aliasing -std=gnu99 -Wall -Wstrict-prototypes -Wdeclaration-after-statement -Wno-unused-but-set-variable -Wno-unused-local-typedefs   -g3 -Werror -Og -fno-omit-frame-pointer -D__XEN_INTERFACE_VERSION__=__XEN_LATEST_INTERFACE_VERSION__ -MMD -MP -MF .libxlu_pci.opic.d -D_LARGEFILE_SOURCE -D_LARGEFILE64_SOURCE   -Wno-format-zero-length -Wmissing-declarations -Wno-declaration-after-statement -Wformat-nonliteral -I/build/xen/tools/libs/util/../../../tools/include -D__XEN_TOOLS__ -pthread -Wmissing-prototypes -I/build/xen/tools/libs/util/../../../tools/include  -I/build/xen/tools/libs/util/../../../tools/include -I/build/xen/tools/libs/util/../../../tools/include -D__XEN_TOOLS__  -fPIC -c -o libxlu_pci.opic libxlu_pci.c 
echo 'libxlutil_4.18.0 { global: *; };' >./.libxlutil.map.tmp
{ \
echo "prefix="; \
echo "includedir="; \
echo "libdir="; \
echo ""; \
echo "Name: Xlutil"; \
echo "Description: The xl utility library for Xen hypervisor"; \
echo "Version: 4.18.0"; \
echo "Cflags: -I\${includedir}"; \
echo "Libs: -L\${libdir} -lxlutil"; \
echo "Libs.private: "; \
echo "Requires.private: xenlight"; \
} > xlutil.pc
if ! cmp -s ./.libxlutil.map.tmp libxlutil.map.tmp; then mv -f ./.libxlutil.map.tmp libxlutil.map.tmp; else rm -f ./.libxlutil.map.tmp; fi
{ \
echo "prefix=/build/xen/tools/libs/util/../../.."; \
echo "includedir=/build/xen/tools/libs/util/../../../tools/include"; \
echo "libdir=/build/xen/tools/libs/util"; \
echo ""; \
echo "Name: Xlutil"; \
echo "Description: The xl utility library for Xen hypervisor"; \
echo "Version: 4.18.0"; \
echo "Cflags: -I\${includedir}"; \
echo "Libs: -L\${libdir}     -Wl,-rpath-link=/build/xen/tools/libs/util/../../../tools/libs/call -Wl,-rpath-link=/build/xen/tools/libs/util/../../../tools/libs/ctrl -Wl,-rpath-link=/build/xen/tools/libs/util/../../../tools/libs/devicemodel -Wl,-rpath-link=/build/xen/tools/libs/util/../../../tools/libs/evtchn -Wl,-rpath-link=/build/xen/tools/libs/util/../../../tools/libs/foreignmemory -Wl,-rpath-link=/build/xen/tools/libs/util/../../../tools/libs/gnttab -Wl,-rpath-link=/build/xen/tools/libs/util/../../../tools/libs/guest -Wl,-rpath-link=/build/xen/tools/libs/util/../../../tools/libs/hypfs -Wl,-rpath-link=/build/xen/tools/libs/util/../../../tools/libs/light -Wl,-rpath-link=/build/xen/tools/libs/util/../../../tools/libs/store -Wl,-rpath-link=/build/xen/tools/libs/util/../../../tools/libs/toolcore -Wl,-rpath-link=/build/xen/tools/libs/util/../../../tools/libs/toollog -Wl,-rpath-link=/build/xen/tools/libs/util/../../../tools/libs/util -lxlutil"; \
echo "Libs.private: "; \
echo "Requires.private: xenlight"; \
} > /build/xen/tools/pkg-config/xlutil.pc
riscv64-linux-gnu-gcc     -pthread -pthread -Wl,-soname -Wl,libxlutil.so.4.18 -Wl,--version-script=libxlutil.map.tmp -shared -o libxlutil.so.4.18.0 libxlu_cfg_y.opic libxlu_cfg_l.opic libxlu_cfg.opic libxlu_disk_l.opic libxlu_disk.opic libxlu_vif.opic libxlu_pci.opic         -Wl,-rpath-link=/build/xen/tools/libs/util/../../../tools/libs/call -Wl,-rpath-link=/build/xen/tools/libs/util/../../../tools/libs/ctrl -Wl,-rpath-link=/build/xen/tools/libs/util/../../../tools/libs/devicemodel -Wl,-rpath-link=/build/xen/tools/libs/util/../../../tools/libs/evtchn -Wl,-rpath-link=/build/xen/tools/libs/util/../../../tools/libs/foreignmemory -Wl,-rpath-link=/build/xen/tools/libs/util/../../../tools/libs/gnttab -Wl,-rpath-link=/build/xen/tools/libs/util/../../../tools/libs/guest -Wl,-rpath-link=/build/xen/tools/libs/util/../../../tools/libs/hypfs -Wl,-rpath-link=/build/xen/tools/libs/util/../../../tools/libs/store -Wl,-rpath-link=/build/xen/tools/libs/util/../../../tools/libs/toolcore -Wl,-rpath-link=/build/xen/tools/libs/util/../../../tools/libs/toollog      /build/xen/tools/libs/util/../../../tools/libs/light/libxenlight.so  
ln -sf libxlutil.so.4.18.0 libxlutil.so.4.18
ln -sf libxlutil.so.4.18 libxlutil.so
riscv64-linux-gnu-ar rc libxlutil.a libxlu_cfg_y.o libxlu_cfg_l.o libxlu_cfg.o libxlu_disk_l.o libxlu_disk.o libxlu_vif.o libxlu_pci.o
/build/xen/tools/libs/util/../../../tools/cross-install -d -m0755 -p /build/xen/dist/install
/build/xen/tools/libs/util/../../../tools/cross-install -d -m0755 -p /build/xen/dist/install
/build/xen/tools/libs/util/../../../tools/cross-install -m0755 -p libxlutil.so.4.18.0 /build/xen/dist/install
/build/xen/tools/libs/util/../../../tools/cross-install -m0644 -p libxlutil.a /build/xen/dist/install
ln -sf libxlutil.so.4.18.0 /build/xen/dist/install/libxlutil.so.4.18
ln -sf libxlutil.so.4.18 /build/xen/dist/install/libxlutil.so
for i in  /build/xen/tools/libs/util/../../../tools/include/libxlutil.h; do /build/xen/tools/libs/util/../../../tools/cross-install -m0644 -p $i /build/xen/dist/install; done
/build/xen/tools/libs/util/../../../tools/cross-install -m0644 -p xlutil.pc /build/xen/dist/install
make[7]: Leaving directory '/build/xen/tools/libs/util'
make[6]: Leaving directory '/build/xen/tools/libs'
make[5]: Leaving directory '/build/xen/tools/libs'
make[4]: Leaving directory '/build/xen/tools'
make[4]: Entering directory '/build/xen/tools'
make -C flask install
make[5]: Entering directory '/build/xen/tools/flask'
make[6]: Entering directory '/build/xen/tools/flask'
make -C utils install
make[7]: Entering directory '/build/xen/tools/flask/utils'
riscv64-linux-gnu-gcc  -DBUILD_ID -fno-strict-aliasing -std=gnu99 -Wall -Wstrict-prototypes -Wdeclaration-after-statement -Wno-unused-but-set-variable -Wno-unused-local-typedefs   -g3 -Werror -Og -fno-omit-frame-pointer -D__XEN_INTERFACE_VERSION__=__XEN_LATEST_INTERFACE_VERSION__ -MMD -MP -MF .loadpolicy.o.d -D_LARGEFILE_SOURCE -D_LARGEFILE64_SOURCE   -I/build/xen/tools/flask/utils/../../../tools/include -D__XEN_TOOLS__  -c -o loadpolicy.o loadpolicy.c 
riscv64-linux-gnu-gcc  -DBUILD_ID -fno-strict-aliasing -std=gnu99 -Wall -Wstrict-prototypes -Wdeclaration-after-statement -Wno-unused-but-set-variable -Wno-unused-local-typedefs   -g3 -Werror -Og -fno-omit-frame-pointer -D__XEN_INTERFACE_VERSION__=__XEN_LATEST_INTERFACE_VERSION__ -MMD -MP -MF .setenforce.o.d -D_LARGEFILE_SOURCE -D_LARGEFILE64_SOURCE   -I/build/xen/tools/flask/utils/../../../tools/include -D__XEN_TOOLS__  -c -o setenforce.o setenforce.c 
riscv64-linux-gnu-gcc  -DBUILD_ID -fno-strict-aliasing -std=gnu99 -Wall -Wstrict-prototypes -Wdeclaration-after-statement -Wno-unused-but-set-variable -Wno-unused-local-typedefs   -g3 -Werror -Og -fno-omit-frame-pointer -D__XEN_INTERFACE_VERSION__=__XEN_LATEST_INTERFACE_VERSION__ -MMD -MP -MF .getenforce.o.d -D_LARGEFILE_SOURCE -D_LARGEFILE64_SOURCE   -I/build/xen/tools/flask/utils/../../../tools/include -D__XEN_TOOLS__  -c -o getenforce.o getenforce.c 
riscv64-linux-gnu-gcc  -DBUILD_ID -fno-strict-aliasing -std=gnu99 -Wall -Wstrict-prototypes -Wdeclaration-after-statement -Wno-unused-but-set-variable -Wno-unused-local-typedefs   -g3 -Werror -Og -fno-omit-frame-pointer -D__XEN_INTERFACE_VERSION__=__XEN_LATEST_INTERFACE_VERSION__ -MMD -MP -MF .label-pci.o.d -D_LARGEFILE_SOURCE -D_LARGEFILE64_SOURCE   -I/build/xen/tools/flask/utils/../../../tools/include -D__XEN_TOOLS__  -c -o label-pci.o label-pci.c 
riscv64-linux-gnu-gcc  -DBUILD_ID -fno-strict-aliasing -std=gnu99 -Wall -Wstrict-prototypes -Wdeclaration-after-statement -Wno-unused-but-set-variable -Wno-unused-local-typedefs   -g3 -Werror -Og -fno-omit-frame-pointer -D__XEN_INTERFACE_VERSION__=__XEN_LATEST_INTERFACE_VERSION__ -MMD -MP -MF .get-bool.o.d -D_LARGEFILE_SOURCE -D_LARGEFILE64_SOURCE   -I/build/xen/tools/flask/utils/../../../tools/include -D__XEN_TOOLS__  -c -o get-bool.o get-bool.c 
riscv64-linux-gnu-gcc  -DBUILD_ID -fno-strict-aliasing -std=gnu99 -Wall -Wstrict-prototypes -Wdeclaration-after-statement -Wno-unused-but-set-variable -Wno-unused-local-typedefs   -g3 -Werror -Og -fno-omit-frame-pointer -D__XEN_INTERFACE_VERSION__=__XEN_LATEST_INTERFACE_VERSION__ -MMD -MP -MF .set-bool.o.d -D_LARGEFILE_SOURCE -D_LARGEFILE64_SOURCE   -I/build/xen/tools/flask/utils/../../../tools/include -D__XEN_TOOLS__  -c -o set-bool.o set-bool.c 
riscv64-linux-gnu-gcc     getenforce.o          -Wl,-rpath-link=/build/xen/tools/flask/utils/../../../tools/libs/call -Wl,-rpath-link=/build/xen/tools/flask/utils/../../../tools/libs/devicemodel -Wl,-rpath-link=/build/xen/tools/flask/utils/../../../tools/libs/evtchn -Wl,-rpath-link=/build/xen/tools/flask/utils/../../../tools/libs/foreignmemory -Wl,-rpath-link=/build/xen/tools/flask/utils/../../../tools/libs/gnttab -Wl,-rpath-link=/build/xen/tools/flask/utils/../../../tools/libs/toolcore -Wl,-rpath-link=/build/xen/tools/flask/utils/../../../tools/libs/toollog      /build/xen/tools/flask/utils/../../../tools/libs/ctrl/libxenctrl.so  -o flask-getenforce
riscv64-linux-gnu-gcc     loadpolicy.o          -Wl,-rpath-link=/build/xen/tools/flask/utils/../../../tools/libs/call -Wl,-rpath-link=/build/xen/tools/flask/utils/../../../tools/libs/devicemodel -Wl,-rpath-link=/build/xen/tools/flask/utils/../../../tools/libs/evtchn -Wl,-rpath-link=/build/xen/tools/flask/utils/../../../tools/libs/foreignmemory -Wl,-rpath-link=/build/xen/tools/flask/utils/../../../tools/libs/gnttab -Wl,-rpath-link=/build/xen/tools/flask/utils/../../../tools/libs/toolcore -Wl,-rpath-link=/build/xen/tools/flask/utils/../../../tools/libs/toollog      /build/xen/tools/flask/utils/../../../tools/libs/ctrl/libxenctrl.so  -o flask-loadpolicy
riscv64-linux-gnu-gcc     setenforce.o          -Wl,-rpath-link=/build/xen/tools/flask/utils/../../../tools/libs/call -Wl,-rpath-link=/build/xen/tools/flask/utils/../../../tools/libs/devicemodel -Wl,-rpath-link=/build/xen/tools/flask/utils/../../../tools/libs/evtchn -Wl,-rpath-link=/build/xen/tools/flask/utils/../../../tools/libs/foreignmemory -Wl,-rpath-link=/build/xen/tools/flask/utils/../../../tools/libs/gnttab -Wl,-rpath-link=/build/xen/tools/flask/utils/../../../tools/libs/toolcore -Wl,-rpath-link=/build/xen/tools/flask/utils/../../../tools/libs/toollog      /build/xen/tools/flask/utils/../../../tools/libs/ctrl/libxenctrl.so  -o flask-setenforce
riscv64-linux-gnu-gcc     set-bool.o          -Wl,-rpath-link=/build/xen/tools/flask/utils/../../../tools/libs/call -Wl,-rpath-link=/build/xen/tools/flask/utils/../../../tools/libs/devicemodel -Wl,-rpath-link=/build/xen/tools/flask/utils/../../../tools/libs/evtchn -Wl,-rpath-link=/build/xen/tools/flask/utils/../../../tools/libs/foreignmemory -Wl,-rpath-link=/build/xen/tools/flask/utils/../../../tools/libs/gnttab -Wl,-rpath-link=/build/xen/tools/flask/utils/../../../tools/libs/toolcore -Wl,-rpath-link=/build/xen/tools/flask/utils/../../../tools/libs/toollog      /build/xen/tools/flask/utils/../../../tools/libs/ctrl/libxenctrl.so  -o flask-set-bool
riscv64-linux-gnu-gcc     label-pci.o          -Wl,-rpath-link=/build/xen/tools/flask/utils/../../../tools/libs/call -Wl,-rpath-link=/build/xen/tools/flask/utils/../../../tools/libs/devicemodel -Wl,-rpath-link=/build/xen/tools/flask/utils/../../../tools/libs/evtchn -Wl,-rpath-link=/build/xen/tools/flask/utils/../../../tools/libs/foreignmemory -Wl,-rpath-link=/build/xen/tools/flask/utils/../../../tools/libs/gnttab -Wl,-rpath-link=/build/xen/tools/flask/utils/../../../tools/libs/toolcore -Wl,-rpath-link=/build/xen/tools/flask/utils/../../../tools/libs/toollog      /build/xen/tools/flask/utils/../../../tools/libs/ctrl/libxenctrl.so  -o flask-label-pci
riscv64-linux-gnu-gcc     get-bool.o          -Wl,-rpath-link=/build/xen/tools/flask/utils/../../../tools/libs/call -Wl,-rpath-link=/build/xen/tools/flask/utils/../../../tools/libs/devicemodel -Wl,-rpath-link=/build/xen/tools/flask/utils/../../../tools/libs/evtchn -Wl,-rpath-link=/build/xen/tools/flask/utils/../../../tools/libs/foreignmemory -Wl,-rpath-link=/build/xen/tools/flask/utils/../../../tools/libs/gnttab -Wl,-rpath-link=/build/xen/tools/flask/utils/../../../tools/libs/toolcore -Wl,-rpath-link=/build/xen/tools/flask/utils/../../../tools/libs/toollog      /build/xen/tools/flask/utils/../../../tools/libs/ctrl/libxenctrl.so  -o flask-get-bool
/build/xen/tools/flask/utils/../../../tools/cross-install -d -m0755 -p /build/xen/dist/install
/build/xen/tools/flask/utils/../../../tools/cross-install -m0755 -p flask-loadpolicy flask-setenforce flask-getenforce flask-label-pci flask-get-bool flask-set-bool /build/xen/dist/install
make[7]: Leaving directory '/build/xen/tools/flask/utils'
make[6]: Leaving directory '/build/xen/tools/flask'
make[6]: Entering directory '/build/xen/tools/flask'
make -C policy install
make[7]: Entering directory '/build/xen/tools/flask/policy'
m4 -D self_contained_policy -s -D mls_num_sens=16 -D mls_num_cats=256 ../../../xen/xsm/flask/policy/security_classes policy/security_classes ../../../xen/xsm/flask/policy/initial_sids ../../../xen/xsm/flask/policy/access_vectors policy/access_vectors policy/support/misc_macros.spt policy/support/mls_macros.spt policy/mls modules/xen.if policy/global_tunables modules/xen.te modules/dom0.te modules/guest_features.te modules/domU.te modules/isolated_domU.te modules/prot_domU.te modules/nomigrate.te modules/nic_dev.te modules/xenstore.te modules/all_system_role.te modules/vm_role.te policy/users modules/vm_role.cons policy/initial_sids policy/device_contexts > /build/xen/tools/flask/policy/policy.conf
checkpolicy -t Xen -c 30 /build/xen/tools/flask/policy/policy.conf -o /build/xen/tools/flask/policy/xenpolicy-4.18-unstable
/build/xen/tools/flask/policy/../../../tools/cross-install -d -m0755 -p /build/xen/dist/install//boot
/build/xen/tools/flask/policy/../../../tools/cross-install -m0644 -p /build/xen/tools/flask/policy/xenpolicy-4.18-unstable /build/xen/dist/install//boot
make[7]: Leaving directory '/build/xen/tools/flask/policy'
make[6]: Leaving directory '/build/xen/tools/flask'
make[5]: Leaving directory '/build/xen/tools/flask'
make[4]: Leaving directory '/build/xen/tools'
make[4]: Entering directory '/build/xen/tools'
make -C fuzz install
make[5]: Entering directory '/build/xen/tools/fuzz'
make[6]: Entering directory '/build/xen/tools/fuzz'
make -C libelf install
make[7]: Entering directory '/build/xen/tools/fuzz/libelf'
riscv64-linux-gnu-gcc  -DBUILD_ID -fno-strict-aliasing -std=gnu99 -Wall -Wstrict-prototypes -Wdeclaration-after-statement -Wno-unused-but-set-variable -Wno-unused-local-typedefs   -g3 -Werror -Og -fno-omit-frame-pointer -D__XEN_INTERFACE_VERSION__=__XEN_LATEST_INTERFACE_VERSION__ -MMD -MP -MF .libelf-fuzzer.o.d -D_LARGEFILE_SOURCE -D_LARGEFILE64_SOURCE   -iquote ../../../xen/common/libelf -I/build/xen/tools/fuzz/libelf/../../../tools/include  -c -o libelf-fuzzer.o libelf-fuzzer.c 
ln -nsf ../../../xen/common/libelf/libelf-tools.c libelf-tools.c
ln -nsf ../../../xen/common/libelf/libelf-loader.c libelf-loader.c
ln -nsf ../../../xen/common/libelf/libelf-dominfo.c libelf-dominfo.c
riscv64-linux-gnu-gcc  -DBUILD_ID -fno-strict-aliasing -std=gnu99 -Wall -Wstrict-prototypes -Wdeclaration-after-statement -Wno-unused-but-set-variable -Wno-unused-local-typedefs   -g3 -Werror -Og -fno-omit-frame-pointer -D__XEN_INTERFACE_VERSION__=__XEN_LATEST_INTERFACE_VERSION__ -MMD -MP -MF .libelf-tools.o.d -D_LARGEFILE_SOURCE -D_LARGEFILE64_SOURCE   -iquote ../../../xen/common/libelf -Wno-pointer-sign -DFUZZ_NO_LIBXC -I/build/xen/tools/fuzz/libelf/../../../tools/include  -c -o libelf-tools.o libelf-tools.c 
riscv64-linux-gnu-gcc  -DBUILD_ID -fno-strict-aliasing -std=gnu99 -Wall -Wstrict-prototypes -Wdeclaration-after-statement -Wno-unused-but-set-variable -Wno-unused-local-typedefs   -g3 -Werror -Og -fno-omit-frame-pointer -D__XEN_INTERFACE_VERSION__=__XEN_LATEST_INTERFACE_VERSION__ -MMD -MP -MF .libelf-loader.o.d -D_LARGEFILE_SOURCE -D_LARGEFILE64_SOURCE   -iquote ../../../xen/common/libelf -Wno-pointer-sign -DFUZZ_NO_LIBXC -I/build/xen/tools/fuzz/libelf/../../../tools/include  -c -o libelf-loader.o libelf-loader.c 
riscv64-linux-gnu-gcc  -DBUILD_ID -fno-strict-aliasing -std=gnu99 -Wall -Wstrict-prototypes -Wdeclaration-after-statement -Wno-unused-but-set-variable -Wno-unused-local-typedefs   -g3 -Werror -Og -fno-omit-frame-pointer -D__XEN_INTERFACE_VERSION__=__XEN_LATEST_INTERFACE_VERSION__ -MMD -MP -MF .libelf-dominfo.o.d -D_LARGEFILE_SOURCE -D_LARGEFILE64_SOURCE   -iquote ../../../xen/common/libelf -Wno-pointer-sign -DFUZZ_NO_LIBXC -I/build/xen/tools/fuzz/libelf/../../../tools/include  -c -o libelf-dominfo.o libelf-dominfo.c 
riscv64-linux-gnu-ar rc libelf.a libelf-fuzzer.o libelf-tools.o libelf-loader.o libelf-dominfo.o
make[7]: Leaving directory '/build/xen/tools/fuzz/libelf'
make[6]: Leaving directory '/build/xen/tools/fuzz'
make[6]: Entering directory '/build/xen/tools/fuzz'
make -C x86_instruction_emulator install
make[7]: Entering directory '/build/xen/tools/fuzz/x86_instruction_emulator'
make[7]: Nothing to be done for 'install'.
make[7]: Leaving directory '/build/xen/tools/fuzz/x86_instruction_emulator'
make[6]: Leaving directory '/build/xen/tools/fuzz'
make[5]: Leaving directory '/build/xen/tools/fuzz'
make[4]: Leaving directory '/build/xen/tools'
make[4]: Entering directory '/build/xen/tools'
make -C xenstore install
make[5]: Entering directory '/build/xen/tools/xenstore'
riscv64-linux-gnu-gcc  -DBUILD_ID -fno-strict-aliasing -std=gnu99 -Wall -Wstrict-prototypes -Wdeclaration-after-statement -Wno-unused-but-set-variable -Wno-unused-local-typedefs   -g3 -Werror -Og -fno-omit-frame-pointer -D__XEN_INTERFACE_VERSION__=__XEN_LATEST_INTERFACE_VERSION__ -MMD -MP -MF .xenstore_client.o.d -D_LARGEFILE_SOURCE -D_LARGEFILE64_SOURCE   -include /build/xen/tools/xenstore/../../tools/config.h -I./include -I/build/xen/tools/xenstore/../../tools/include -I/build/xen/tools/xenstore/../../tools/include -D__XEN_TOOLS__ -I/build/xen/tools/xenstore/../../tools/include -I/build/xen/tools/xenstore/../../tools/include -DXEN_RUN_STORED="\"\""  -c -o xenstore_client.o xenstore_client.c 
riscv64-linux-gnu-gcc  -DBUILD_ID -fno-strict-aliasing -std=gnu99 -Wall -Wstrict-prototypes -Wdeclaration-after-statement -Wno-unused-but-set-variable -Wno-unused-local-typedefs   -g3 -Werror -Og -fno-omit-frame-pointer -D__XEN_INTERFACE_VERSION__=__XEN_LATEST_INTERFACE_VERSION__ -MMD -MP -MF .xs_lib.o.d -D_LARGEFILE_SOURCE -D_LARGEFILE64_SOURCE   -include /build/xen/tools/xenstore/../../tools/config.h -I./include -I/build/xen/tools/xenstore/../../tools/include -I/build/xen/tools/xenstore/../../tools/include -D__XEN_TOOLS__ -I/build/xen/tools/xenstore/../../tools/include -I/build/xen/tools/xenstore/../../tools/include -DXEN_RUN_STORED="\"\"" -I/build/xen/tools/xenstore/../../tools/include  -c -o xs_lib.o xs_lib.c 
riscv64-linux-gnu-gcc  -DBUILD_ID -fno-strict-aliasing -std=gnu99 -Wall -Wstrict-prototypes -Wdeclaration-after-statement -Wno-unused-but-set-variable -Wno-unused-local-typedefs   -g3 -Werror -Og -fno-omit-frame-pointer -D__XEN_INTERFACE_VERSION__=__XEN_LATEST_INTERFACE_VERSION__ -MMD -MP -MF .xenstore_control.o.d -D_LARGEFILE_SOURCE -D_LARGEFILE64_SOURCE   -include /build/xen/tools/xenstore/../../tools/config.h -I./include -I/build/xen/tools/xenstore/../../tools/include -I/build/xen/tools/xenstore/../../tools/include -D__XEN_TOOLS__ -I/build/xen/tools/xenstore/../../tools/include -I/build/xen/tools/xenstore/../../tools/include -DXEN_RUN_STORED="\"\""  -c -o xenstore_control.o xenstore_control.c 
riscv64-linux-gnu-gcc  -DBUILD_ID -fno-strict-aliasing -std=gnu99 -Wall -Wstrict-prototypes -Wdeclaration-after-statement -Wno-unused-but-set-variable -Wno-unused-local-typedefs   -g3 -Werror -Og -fno-omit-frame-pointer -D__XEN_INTERFACE_VERSION__=__XEN_LATEST_INTERFACE_VERSION__ -MMD -MP -MF .xenstored_core.o.d -D_LARGEFILE_SOURCE -D_LARGEFILE64_SOURCE   -include /build/xen/tools/xenstore/../../tools/config.h -I./include -I/build/xen/tools/xenstore/../../tools/include -I/build/xen/tools/xenstore/../../tools/include -D__XEN_TOOLS__ -I/build/xen/tools/xenstore/../../tools/include -I/build/xen/tools/xenstore/../../tools/include -DXEN_RUN_STORED="\"\"" -I/build/xen/tools/xenstore/../../tools/include  -c -o xenstored_core.o xenstored_core.c 
riscv64-linux-gnu-gcc  -DBUILD_ID -fno-strict-aliasing -std=gnu99 -Wall -Wstrict-prototypes -Wdeclaration-after-statement -Wno-unused-but-set-variable -Wno-unused-local-typedefs   -g3 -Werror -Og -fno-omit-frame-pointer -D__XEN_INTERFACE_VERSION__=__XEN_LATEST_INTERFACE_VERSION__ -MMD -MP -MF .xenstored_watch.o.d -D_LARGEFILE_SOURCE -D_LARGEFILE64_SOURCE   -include /build/xen/tools/xenstore/../../tools/config.h -I./include -I/build/xen/tools/xenstore/../../tools/include -I/build/xen/tools/xenstore/../../tools/include -D__XEN_TOOLS__ -I/build/xen/tools/xenstore/../../tools/include -I/build/xen/tools/xenstore/../../tools/include -DXEN_RUN_STORED="\"\"" -I/build/xen/tools/xenstore/../../tools/include  -c -o xenstored_watch.o xenstored_watch.c 
riscv64-linux-gnu-gcc  -DBUILD_ID -fno-strict-aliasing -std=gnu99 -Wall -Wstrict-prototypes -Wdeclaration-after-statement -Wno-unused-but-set-variable -Wno-unused-local-typedefs   -g3 -Werror -Og -fno-omit-frame-pointer -D__XEN_INTERFACE_VERSION__=__XEN_LATEST_INTERFACE_VERSION__ -MMD -MP -MF .xenstored_domain.o.d -D_LARGEFILE_SOURCE -D_LARGEFILE64_SOURCE   -include /build/xen/tools/xenstore/../../tools/config.h -I./include -I/build/xen/tools/xenstore/../../tools/include -I/build/xen/tools/xenstore/../../tools/include -D__XEN_TOOLS__ -I/build/xen/tools/xenstore/../../tools/include -I/build/xen/tools/xenstore/../../tools/include -DXEN_RUN_STORED="\"\"" -I/build/xen/tools/xenstore/../../tools/include  -c -o xenstored_domain.o xenstored_domain.c 
riscv64-linux-gnu-gcc  -DBUILD_ID -fno-strict-aliasing -std=gnu99 -Wall -Wstrict-prototypes -Wdeclaration-after-statement -Wno-unused-but-set-variable -Wno-unused-local-typedefs   -g3 -Werror -Og -fno-omit-frame-pointer -D__XEN_INTERFACE_VERSION__=__XEN_LATEST_INTERFACE_VERSION__ -MMD -MP -MF .xenstored_transaction.o.d -D_LARGEFILE_SOURCE -D_LARGEFILE64_SOURCE   -include /build/xen/tools/xenstore/../../tools/config.h -I./include -I/build/xen/tools/xenstore/../../tools/include -I/build/xen/tools/xenstore/../../tools/include -D__XEN_TOOLS__ -I/build/xen/tools/xenstore/../../tools/include -I/build/xen/tools/xenstore/../../tools/include -DXEN_RUN_STORED="\"\"" -I/build/xen/tools/xenstore/../../tools/include  -c -o xenstored_transaction.o xenstored_transaction.c 
riscv64-linux-gnu-gcc  -DBUILD_ID -fno-strict-aliasing -std=gnu99 -Wall -Wstrict-prototypes -Wdeclaration-after-statement -Wno-unused-but-set-variable -Wno-unused-local-typedefs   -g3 -Werror -Og -fno-omit-frame-pointer -D__XEN_INTERFACE_VERSION__=__XEN_LATEST_INTERFACE_VERSION__ -MMD -MP -MF .xenstored_control.o.d -D_LARGEFILE_SOURCE -D_LARGEFILE64_SOURCE   -include /build/xen/tools/xenstore/../../tools/config.h -I./include -I/build/xen/tools/xenstore/../../tools/include -I/build/xen/tools/xenstore/../../tools/include -D__XEN_TOOLS__ -I/build/xen/tools/xenstore/../../tools/include -I/build/xen/tools/xenstore/../../tools/include -DXEN_RUN_STORED="\"\"" -I/build/xen/tools/xenstore/../../tools/include  -c -o xenstored_control.o xenstored_control.c 
riscv64-linux-gnu-gcc  -DBUILD_ID -fno-strict-aliasing -std=gnu99 -Wall -Wstrict-prototypes -Wdeclaration-after-statement -Wno-unused-but-set-variable -Wno-unused-local-typedefs   -g3 -Werror -Og -fno-omit-frame-pointer -D__XEN_INTERFACE_VERSION__=__XEN_LATEST_INTERFACE_VERSION__ -MMD -MP -MF .talloc.o.d -D_LARGEFILE_SOURCE -D_LARGEFILE64_SOURCE   -include /build/xen/tools/xenstore/../../tools/config.h -I./include -I/build/xen/tools/xenstore/../../tools/include -I/build/xen/tools/xenstore/../../tools/include -D__XEN_TOOLS__ -I/build/xen/tools/xenstore/../../tools/include -I/build/xen/tools/xenstore/../../tools/include -DXEN_RUN_STORED="\"\"" -I/build/xen/tools/xenstore/../../tools/include  -c -o talloc.o talloc.c 
riscv64-linux-gnu-gcc  -DBUILD_ID -fno-strict-aliasing -std=gnu99 -Wall -Wstrict-prototypes -Wdeclaration-after-statement -Wno-unused-but-set-variable -Wno-unused-local-typedefs   -g3 -Werror -Og -fno-omit-frame-pointer -D__XEN_INTERFACE_VERSION__=__XEN_LATEST_INTERFACE_VERSION__ -MMD -MP -MF .utils.o.d -D_LARGEFILE_SOURCE -D_LARGEFILE64_SOURCE   -include /build/xen/tools/xenstore/../../tools/config.h -I./include -I/build/xen/tools/xenstore/../../tools/include -I/build/xen/tools/xenstore/../../tools/include -D__XEN_TOOLS__ -I/build/xen/tools/xenstore/../../tools/include -I/build/xen/tools/xenstore/../../tools/include -DXEN_RUN_STORED="\"\"" -I/build/xen/tools/xenstore/../../tools/include  -c -o utils.o utils.c 
riscv64-linux-gnu-gcc  -DBUILD_ID -fno-strict-aliasing -std=gnu99 -Wall -Wstrict-prototypes -Wdeclaration-after-statement -Wno-unused-but-set-variable -Wno-unused-local-typedefs   -g3 -Werror -Og -fno-omit-frame-pointer -D__XEN_INTERFACE_VERSION__=__XEN_LATEST_INTERFACE_VERSION__ -MMD -MP -MF .tdb.o.d -D_LARGEFILE_SOURCE -D_LARGEFILE64_SOURCE   -include /build/xen/tools/xenstore/../../tools/config.h -I./include -I/build/xen/tools/xenstore/../../tools/include -I/build/xen/tools/xenstore/../../tools/include -D__XEN_TOOLS__ -I/build/xen/tools/xenstore/../../tools/include -I/build/xen/tools/xenstore/../../tools/include -DXEN_RUN_STORED="\"\"" -I/build/xen/tools/xenstore/../../tools/include  -c -o tdb.o tdb.c 
riscv64-linux-gnu-gcc  -DBUILD_ID -fno-strict-aliasing -std=gnu99 -Wall -Wstrict-prototypes -Wdeclaration-after-statement -Wno-unused-but-set-variable -Wno-unused-local-typedefs   -g3 -Werror -Og -fno-omit-frame-pointer -D__XEN_INTERFACE_VERSION__=__XEN_LATEST_INTERFACE_VERSION__ -MMD -MP -MF .hashtable.o.d -D_LARGEFILE_SOURCE -D_LARGEFILE64_SOURCE   -include /build/xen/tools/xenstore/../../tools/config.h -I./include -I/build/xen/tools/xenstore/../../tools/include -I/build/xen/tools/xenstore/../../tools/include -D__XEN_TOOLS__ -I/build/xen/tools/xenstore/../../tools/include -I/build/xen/tools/xenstore/../../tools/include -DXEN_RUN_STORED="\"\"" -I/build/xen/tools/xenstore/../../tools/include  -c -o hashtable.o hashtable.c 
riscv64-linux-gnu-gcc  -DBUILD_ID -fno-strict-aliasing -std=gnu99 -Wall -Wstrict-prototypes -Wdeclaration-after-statement -Wno-unused-but-set-variable -Wno-unused-local-typedefs   -g3 -Werror -Og -fno-omit-frame-pointer -D__XEN_INTERFACE_VERSION__=__XEN_LATEST_INTERFACE_VERSION__ -MMD -MP -MF .xenstored_posix.o.d -D_LARGEFILE_SOURCE -D_LARGEFILE64_SOURCE   -include /build/xen/tools/xenstore/../../tools/config.h -I./include -I/build/xen/tools/xenstore/../../tools/include -I/build/xen/tools/xenstore/../../tools/include -D__XEN_TOOLS__ -I/build/xen/tools/xenstore/../../tools/include -I/build/xen/tools/xenstore/../../tools/include -DXEN_RUN_STORED="\"\"" -I/build/xen/tools/xenstore/../../tools/include  -c -o xenstored_posix.o xenstored_posix.c 
riscv64-linux-gnu-gcc     xenstore_control.o         -Wl,-rpath-link=/build/xen/tools/xenstore/../../tools/libs/toolcore      /build/xen/tools/xenstore/../../tools/libs/store/libxenstore.so -ldl         -Wl,-rpath-link=/build/xen/tools/xenstore/../../tools/libs/call -Wl,-rpath-link=/build/xen/tools/xenstore/../../tools/libs/devicemodel -Wl,-rpath-link=/build/xen/tools/xenstore/../../tools/libs/evtchn -Wl,-rpath-link=/build/xen/tools/xenstore/../../tools/libs/foreignmemory -Wl,-rpath-link=/build/xen/tools/xenstore/../../tools/libs/gnttab -Wl,-rpath-link=/build/xen/tools/xenstore/../../tools/libs/toolcore -Wl,-rpath-link=/build/xen/tools/xenstore/../../tools/libs/toollog      /build/xen/tools/xenstore/../../tools/libs/ctrl/libxenctrl.so          -Wl,-rpath-link=/build/xen/tools/xenstore/../../tools/libs/call -Wl,-rpath-link=/build/xen/tools/xenstore/../../tools/libs/ctrl -Wl,-rpath-link=/build/xen/tools/xenstore/../../tools/libs/devicemodel -Wl,-rpath-link=/build/xen/tools/xenstore/../../tools/libs/evtchn -Wl,-rpath-link=/build/xen/tools/xenstore/../../tools/libs/foreignmemory -Wl,-rpath-link=/build/xen/tools/xenstore/../../tools/libs/gnttab -Wl,-rpath-link=/build/xen/tools/xenstore/../../tools/libs/toolcore -Wl,-rpath-link=/build/xen/tools/xenstore/../../tools/libs/toollog      /build/xen/tools/xenstore/../../tools/libs/guest/libxenguest.so                /build/xen/tools/xenstore/../../tools/libs/toolcore/libxentoolcore.so   -o xenstore-control 
riscv64-linux-gnu-gcc     xenstore_client.o xs_lib.o         -Wl,-rpath-link=/build/xen/tools/xenstore/../../tools/libs/toolcore      /build/xen/tools/xenstore/../../tools/libs/store/libxenstore.so -ldl               /build/xen/tools/xenstore/../../tools/libs/toolcore/libxentoolcore.so   -o xenstore 
ln -f xenstore xenstore-exists
ln -f xenstore xenstore-list
ln -f xenstore xenstore-read
ln -f xenstore xenstore-rm
ln -f xenstore xenstore-chmod
ln -f xenstore xenstore-write
ln -f xenstore xenstore-ls
ln -f xenstore xenstore-watch
riscv64-linux-gnu-gcc     xenstored_core.o xenstored_watch.o xenstored_domain.o xenstored_transaction.o xenstored_control.o xs_lib.o talloc.o utils.o tdb.o hashtable.o xenstored_posix.o         -Wl,-rpath-link=/build/xen/tools/xenstore/../../tools/libs/toolcore -Wl,-rpath-link=/build/xen/tools/xenstore/../../tools/libs/toollog      /build/xen/tools/xenstore/../../tools/libs/evtchn/libxenevtchn.so          -Wl,-rpath-link=/build/xen/tools/xenstore/../../tools/libs/toolcore -Wl,-rpath-link=/build/xen/tools/xenstore/../../tools/libs/toollog      /build/xen/tools/xenstore/../../tools/libs/gnttab/libxengnttab.so          -Wl,-rpath-link=/build/xen/tools/xenstore/../../tools/libs/call -Wl,-rpath-link=/build/xen/tools/xenstore/../../tools/libs/devicemodel -Wl,-rpath-link=/build/xen/tools/xenstore/../../tools/libs/evtchn -Wl,-rpath-link=/build/xen/tools/xenstore/../../tools/libs/foreignmemory -Wl,-rpath-link=/build/xen/tools/xenstore/../../tools/libs/gnttab -Wl,-rpath-link=/build/xen/tools/xenstore/../../tools/libs/toolcore -Wl,-rpath-link=/build/xen/tools/xenstore/../../tools/libs/toollog      /build/xen/tools/xenstore/../../tools/libs/ctrl/libxenctrl.so  -lrt  -o xenstored 
/build/xen/tools/xenstore/../../tools/cross-install -d -m0755 -p /build/xen/dist/install
/build/xen/tools/xenstore/../../tools/cross-install -d -m0755 -p /build/xen/dist/install
/build/xen/tools/xenstore/../../tools/cross-install -m0755 -p xenstored /build/xen/dist/install
/build/xen/tools/xenstore/../../tools/cross-install -m0755 -p xenstore-control /build/xen/dist/install
/build/xen/tools/xenstore/../../tools/cross-install -m0755 -p xenstore /build/xen/dist/install
set -e ; for c in xenstore-exists xenstore-list xenstore-read xenstore-rm xenstore-chmod xenstore-write xenstore-ls xenstore-watch ; do \
	ln -f /build/xen/dist/install/xenstore /build/xen/dist/install/${c} ; \
done
make[5]: Leaving directory '/build/xen/tools/xenstore'
make[4]: Leaving directory '/build/xen/tools'
make[4]: Entering directory '/build/xen/tools'
make -C misc install
make[5]: Entering directory '/build/xen/tools/misc'
riscv64-linux-gnu-gcc  -DBUILD_ID -fno-strict-aliasing -std=gnu99 -Wall -Wstrict-prototypes -Wdeclaration-after-statement -Wno-unused-but-set-variable -Wno-unused-local-typedefs   -g3 -Werror -Og -fno-omit-frame-pointer -D__XEN_INTERFACE_VERSION__=__XEN_LATEST_INTERFACE_VERSION__ -MMD -MP -MF .xencov.o.d -D_LARGEFILE_SOURCE -D_LARGEFILE64_SOURCE   -include /build/xen/tools/misc/../../tools/config.h -I/build/xen/tools/misc/../../tools/include -I/build/xen/tools/misc/../../tools/include -D__XEN_TOOLS__ -I/build/xen/tools/misc/../../tools/include -I/build/xen/tools/misc/../../tools/include -I/build/xen/tools/misc/../../tools/include  -c -o xencov.o xencov.c 
riscv64-linux-gnu-gcc  -DBUILD_ID -fno-strict-aliasing -std=gnu99 -Wall -Wstrict-prototypes -Wdeclaration-after-statement -Wno-unused-but-set-variable -Wno-unused-local-typedefs   -g3 -Werror -Og -fno-omit-frame-pointer -D__XEN_INTERFACE_VERSION__=__XEN_LATEST_INTERFACE_VERSION__ -MMD -MP -MF .xenhypfs.o.d -D_LARGEFILE_SOURCE -D_LARGEFILE64_SOURCE   -include /build/xen/tools/misc/../../tools/config.h -I/build/xen/tools/misc/../../tools/include -I/build/xen/tools/misc/../../tools/include -D__XEN_TOOLS__ -I/build/xen/tools/misc/../../tools/include -I/build/xen/tools/misc/../../tools/include -I/build/xen/tools/misc/../../tools/include -I/build/xen/tools/misc/../../tools/include  -c -o xenhypfs.o xenhypfs.c 
riscv64-linux-gnu-gcc  -DBUILD_ID -fno-strict-aliasing -std=gnu99 -Wall -Wstrict-prototypes -Wdeclaration-after-statement -Wno-unused-but-set-variable -Wno-unused-local-typedefs   -g3 -Werror -Og -fno-omit-frame-pointer -D__XEN_INTERFACE_VERSION__=__XEN_LATEST_INTERFACE_VERSION__ -MMD -MP -MF .xenlockprof.o.d -D_LARGEFILE_SOURCE -D_LARGEFILE64_SOURCE   -include /build/xen/tools/misc/../../tools/config.h -I/build/xen/tools/misc/../../tools/include -I/build/xen/tools/misc/../../tools/include -D__XEN_TOOLS__ -I/build/xen/tools/misc/../../tools/include -I/build/xen/tools/misc/../../tools/include -I/build/xen/tools/misc/../../tools/include  -c -o xenlockprof.o xenlockprof.c 
riscv64-linux-gnu-gcc  -DBUILD_ID -fno-strict-aliasing -std=gnu99 -Wall -Wstrict-prototypes -Wdeclaration-after-statement -Wno-unused-but-set-variable -Wno-unused-local-typedefs   -g3 -Werror -Og -fno-omit-frame-pointer -D__XEN_INTERFACE_VERSION__=__XEN_LATEST_INTERFACE_VERSION__ -MMD -MP -MF .xenperf.o.d -D_LARGEFILE_SOURCE -D_LARGEFILE64_SOURCE   -include /build/xen/tools/misc/../../tools/config.h -I/build/xen/tools/misc/../../tools/include -I/build/xen/tools/misc/../../tools/include -D__XEN_TOOLS__ -I/build/xen/tools/misc/../../tools/include -I/build/xen/tools/misc/../../tools/include -I/build/xen/tools/misc/../../tools/include  -c -o xenperf.o xenperf.c 
riscv64-linux-gnu-gcc  -DBUILD_ID -fno-strict-aliasing -std=gnu99 -Wall -Wstrict-prototypes -Wdeclaration-after-statement -Wno-unused-but-set-variable -Wno-unused-local-typedefs   -g3 -Werror -Og -fno-omit-frame-pointer -D__XEN_INTERFACE_VERSION__=__XEN_LATEST_INTERFACE_VERSION__ -MMD -MP -MF .xenpm.o.d -D_LARGEFILE_SOURCE -D_LARGEFILE64_SOURCE   -include /build/xen/tools/misc/../../tools/config.h -I/build/xen/tools/misc/../../tools/include -I/build/xen/tools/misc/../../tools/include -D__XEN_TOOLS__ -I/build/xen/tools/misc/../../tools/include -I/build/xen/tools/misc/../../tools/include -I/build/xen/tools/misc/../../tools/include  -c -o xenpm.o xenpm.c 
riscv64-linux-gnu-gcc  -DBUILD_ID -fno-strict-aliasing -std=gnu99 -Wall -Wstrict-prototypes -Wdeclaration-after-statement -Wno-unused-but-set-variable -Wno-unused-local-typedefs   -g3 -Werror -Og -fno-omit-frame-pointer -D__XEN_INTERFACE_VERSION__=__XEN_LATEST_INTERFACE_VERSION__ -MMD -MP -MF .xenwatchdogd.o.d -D_LARGEFILE_SOURCE -D_LARGEFILE64_SOURCE   -include /build/xen/tools/misc/../../tools/config.h -I/build/xen/tools/misc/../../tools/include -I/build/xen/tools/misc/../../tools/include -D__XEN_TOOLS__ -I/build/xen/tools/misc/../../tools/include -I/build/xen/tools/misc/../../tools/include -I/build/xen/tools/misc/../../tools/include  -c -o xenwatchdogd.o xenwatchdogd.c 
riscv64-linux-gnu-gcc  -DBUILD_ID -fno-strict-aliasing -std=gnu99 -Wall -Wstrict-prototypes -Wdeclaration-after-statement -Wno-unused-but-set-variable -Wno-unused-local-typedefs   -g3 -Werror -Og -fno-omit-frame-pointer -D__XEN_INTERFACE_VERSION__=__XEN_LATEST_INTERFACE_VERSION__ -MMD -MP -MF .xen-access.o.d -D_LARGEFILE_SOURCE -D_LARGEFILE64_SOURCE   -include /build/xen/tools/misc/../../tools/config.h -I/build/xen/tools/misc/../../tools/include -I/build/xen/tools/misc/../../tools/include -D__XEN_TOOLS__ -I/build/xen/tools/misc/../../tools/include -I/build/xen/tools/misc/../../tools/include -I/build/xen/tools/misc/../../tools/include  -c -o xen-access.o xen-access.c 
riscv64-linux-gnu-gcc  -DBUILD_ID -fno-strict-aliasing -std=gnu99 -Wall -Wstrict-prototypes -Wdeclaration-after-statement -Wno-unused-but-set-variable -Wno-unused-local-typedefs   -g3 -Werror -Og -fno-omit-frame-pointer -D__XEN_INTERFACE_VERSION__=__XEN_LATEST_INTERFACE_VERSION__ -MMD -MP -MF .xen-livepatch.o.d -D_LARGEFILE_SOURCE -D_LARGEFILE64_SOURCE   -include /build/xen/tools/misc/../../tools/config.h -I/build/xen/tools/misc/../../tools/include -I/build/xen/tools/misc/../../tools/include -D__XEN_TOOLS__ -I/build/xen/tools/misc/../../tools/include -I/build/xen/tools/misc/../../tools/include -I/build/xen/tools/misc/../../tools/include  -c -o xen-livepatch.o xen-livepatch.c 
riscv64-linux-gnu-gcc  -DBUILD_ID -fno-strict-aliasing -std=gnu99 -Wall -Wstrict-prototypes -Wdeclaration-after-statement -Wno-unused-but-set-variable -Wno-unused-local-typedefs   -g3 -Werror -Og -fno-omit-frame-pointer -D__XEN_INTERFACE_VERSION__=__XEN_LATEST_INTERFACE_VERSION__ -MMD -MP -MF .xen-diag.o.d -D_LARGEFILE_SOURCE -D_LARGEFILE64_SOURCE   -include /build/xen/tools/misc/../../tools/config.h -I/build/xen/tools/misc/../../tools/include -I/build/xen/tools/misc/../../tools/include -D__XEN_TOOLS__ -I/build/xen/tools/misc/../../tools/include -I/build/xen/tools/misc/../../tools/include -I/build/xen/tools/misc/../../tools/include  -c -o xen-diag.o xen-diag.c 
riscv64-linux-gnu-gcc     -o xenhypfs xenhypfs.o         -Wl,-rpath-link=/build/xen/tools/misc/../../tools/libs/call -Wl,-rpath-link=/build/xen/tools/misc/../../tools/libs/toolcore -Wl,-rpath-link=/build/xen/tools/misc/../../tools/libs/toollog      /build/xen/tools/misc/../../tools/libs/hypfs/libxenhypfs.so  
riscv64-linux-gnu-gcc     -o xen-diag xen-diag.o         -Wl,-rpath-link=/build/xen/tools/misc/../../tools/libs/call -Wl,-rpath-link=/build/xen/tools/misc/../../tools/libs/devicemodel -Wl,-rpath-link=/build/xen/tools/misc/../../tools/libs/evtchn -Wl,-rpath-link=/build/xen/tools/misc/../../tools/libs/foreignmemory -Wl,-rpath-link=/build/xen/tools/misc/../../tools/libs/gnttab -Wl,-rpath-link=/build/xen/tools/misc/../../tools/libs/toolcore -Wl,-rpath-link=/build/xen/tools/misc/../../tools/libs/toollog      /build/xen/tools/misc/../../tools/libs/ctrl/libxenctrl.so  
riscv64-linux-gnu-gcc     -o xencov xencov.o         -Wl,-rpath-link=/build/xen/tools/misc/../../tools/libs/call -Wl,-rpath-link=/build/xen/tools/misc/../../tools/libs/devicemodel -Wl,-rpath-link=/build/xen/tools/misc/../../tools/libs/evtchn -Wl,-rpath-link=/build/xen/tools/misc/../../tools/libs/foreignmemory -Wl,-rpath-link=/build/xen/tools/misc/../../tools/libs/gnttab -Wl,-rpath-link=/build/xen/tools/misc/../../tools/libs/toolcore -Wl,-rpath-link=/build/xen/tools/misc/../../tools/libs/toollog      /build/xen/tools/misc/../../tools/libs/ctrl/libxenctrl.so  
riscv64-linux-gnu-gcc     -o xenwatchdogd xenwatchdogd.o         -Wl,-rpath-link=/build/xen/tools/misc/../../tools/libs/call -Wl,-rpath-link=/build/xen/tools/misc/../../tools/libs/devicemodel -Wl,-rpath-link=/build/xen/tools/misc/../../tools/libs/evtchn -Wl,-rpath-link=/build/xen/tools/misc/../../tools/libs/foreignmemory -Wl,-rpath-link=/build/xen/tools/misc/../../tools/libs/gnttab -Wl,-rpath-link=/build/xen/tools/misc/../../tools/libs/toolcore -Wl,-rpath-link=/build/xen/tools/misc/../../tools/libs/toollog      /build/xen/tools/misc/../../tools/libs/ctrl/libxenctrl.so  
riscv64-linux-gnu-gcc     -o xenlockprof xenlockprof.o         -Wl,-rpath-link=/build/xen/tools/misc/../../tools/libs/call -Wl,-rpath-link=/build/xen/tools/misc/../../tools/libs/devicemodel -Wl,-rpath-link=/build/xen/tools/misc/../../tools/libs/evtchn -Wl,-rpath-link=/build/xen/tools/misc/../../tools/libs/foreignmemory -Wl,-rpath-link=/build/xen/tools/misc/../../tools/libs/gnttab -Wl,-rpath-link=/build/xen/tools/misc/../../tools/libs/toolcore -Wl,-rpath-link=/build/xen/tools/misc/../../tools/libs/toollog      /build/xen/tools/misc/../../tools/libs/ctrl/libxenctrl.so  
riscv64-linux-gnu-gcc     -o xenperf xenperf.o         -Wl,-rpath-link=/build/xen/tools/misc/../../tools/libs/call -Wl,-rpath-link=/build/xen/tools/misc/../../tools/libs/devicemodel -Wl,-rpath-link=/build/xen/tools/misc/../../tools/libs/evtchn -Wl,-rpath-link=/build/xen/tools/misc/../../tools/libs/foreignmemory -Wl,-rpath-link=/build/xen/tools/misc/../../tools/libs/gnttab -Wl,-rpath-link=/build/xen/tools/misc/../../tools/libs/toolcore -Wl,-rpath-link=/build/xen/tools/misc/../../tools/libs/toollog      /build/xen/tools/misc/../../tools/libs/ctrl/libxenctrl.so  
riscv64-linux-gnu-gcc     -o xen-livepatch xen-livepatch.o         -Wl,-rpath-link=/build/xen/tools/misc/../../tools/libs/call -Wl,-rpath-link=/build/xen/tools/misc/../../tools/libs/devicemodel -Wl,-rpath-link=/build/xen/tools/misc/../../tools/libs/evtchn -Wl,-rpath-link=/build/xen/tools/misc/../../tools/libs/foreignmemory -Wl,-rpath-link=/build/xen/tools/misc/../../tools/libs/gnttab -Wl,-rpath-link=/build/xen/tools/misc/../../tools/libs/toolcore -Wl,-rpath-link=/build/xen/tools/misc/../../tools/libs/toollog      /build/xen/tools/misc/../../tools/libs/ctrl/libxenctrl.so  
riscv64-linux-gnu-gcc     -o xen-access xen-access.o         -Wl,-rpath-link=/build/xen/tools/misc/../../tools/libs/call -Wl,-rpath-link=/build/xen/tools/misc/../../tools/libs/devicemodel -Wl,-rpath-link=/build/xen/tools/misc/../../tools/libs/evtchn -Wl,-rpath-link=/build/xen/tools/misc/../../tools/libs/foreignmemory -Wl,-rpath-link=/build/xen/tools/misc/../../tools/libs/gnttab -Wl,-rpath-link=/build/xen/tools/misc/../../tools/libs/toolcore -Wl,-rpath-link=/build/xen/tools/misc/../../tools/libs/toollog      /build/xen/tools/misc/../../tools/libs/ctrl/libxenctrl.so          -Wl,-rpath-link=/build/xen/tools/misc/../../tools/libs/call -Wl,-rpath-link=/build/xen/tools/misc/../../tools/libs/ctrl -Wl,-rpath-link=/build/xen/tools/misc/../../tools/libs/devicemodel -Wl,-rpath-link=/build/xen/tools/misc/../../tools/libs/evtchn -Wl,-rpath-link=/build/xen/tools/misc/../../tools/libs/foreignmemory -Wl,-rpath-link=/build/xen/tools/misc/../../tools/libs/gnttab -Wl,-rpath-link=/build/xen/tools/misc/../../tools/libs/toolcore -Wl,-rpath-link=/build/xen/tools/misc/../../tools/libs/toollog      /build/xen/tools/misc/../../tools/libs/guest/libxenguest.so          -Wl,-rpath-link=/build/xen/tools/misc/../../tools/libs/toolcore -Wl,-rpath-link=/build/xen/tools/misc/../../tools/libs/toollog      /build/xen/tools/misc/../../tools/libs/evtchn/libxenevtchn.so  
riscv64-linux-gnu-gcc     -o xenpm xenpm.o         -Wl,-rpath-link=/build/xen/tools/misc/../../tools/libs/call -Wl,-rpath-link=/build/xen/tools/misc/../../tools/libs/devicemodel -Wl,-rpath-link=/build/xen/tools/misc/../../tools/libs/evtchn -Wl,-rpath-link=/build/xen/tools/misc/../../tools/libs/foreignmemory -Wl,-rpath-link=/build/xen/tools/misc/../../tools/libs/gnttab -Wl,-rpath-link=/build/xen/tools/misc/../../tools/libs/toolcore -Wl,-rpath-link=/build/xen/tools/misc/../../tools/libs/toollog      /build/xen/tools/misc/../../tools/libs/ctrl/libxenctrl.so  
/build/xen/tools/misc/../../tools/cross-install -d -m0755 -p /build/xen/dist/install
/build/xen/tools/misc/../../tools/cross-install -d -m0755 -p /build/xen/dist/install
/build/xen/tools/misc/../../tools/cross-install -d -m0755 -p /build/xen/dist/install
/build/xen/tools/misc/../../tools/python/install-wrap "/usr/bin/python3 -s" /build/xen/tools/misc/../../tools/cross-install -m0755 -p xencov_split  /build/xen/dist/install
/build/xen/tools/misc/../../tools/python/install-wrap "/usr/bin/python3 -s" /build/xen/tools/misc/../../tools/cross-install -m0755 -p xencov xenhypfs xenlockprof xenperf xenpm xenwatchdogd xen-access xen-livepatch xen-diag  /build/xen/dist/install
/build/xen/tools/misc/../../tools/python/install-wrap "/usr/bin/python3 -s" /build/xen/tools/misc/../../tools/cross-install -m0755 -p xenpvnetboot /build/xen/dist/install
make[5]: Leaving directory '/build/xen/tools/misc'
make[4]: Leaving directory '/build/xen/tools'
make[4]: Entering directory '/build/xen/tools'
make -C examples install
make[5]: Entering directory '/build/xen/tools/examples'
/build/xen/tools/examples/../../tools/cross-install -d -m0755 -p /build/xen/dist/install
/build/xen/tools/examples/../../tools/cross-install -d -m0755 -p /build/xen/dist/install
/build/xen/tools/examples/../../tools/cross-install -m0644 -p README /build/xen/dist/install
/build/xen/tools/examples/../../tools/cross-install -d -m0755 -p /build/xen/dist/install/auto
/build/xen/tools/examples/../../tools/cross-install -m0644 -p xlexample.hvm xlexample.pvlinux xlexample.pvhlinux xl.conf cpupool /build/xen/dist/install
make[5]: Leaving directory '/build/xen/tools/examples'
make[4]: Leaving directory '/build/xen/tools'
make[4]: Entering directory '/build/xen/tools'
make -C hotplug install
make[5]: Entering directory '/build/xen/tools/hotplug'
make[6]: Entering directory '/build/xen/tools/hotplug'
make -C common install
make[7]: Entering directory '/build/xen/tools/hotplug/common'
/build/xen/tools/hotplug/common/../../../tools/cross-install -d -m0755 -p /build/xen/dist/install
set -e; for i in ; \
   do \
   /build/xen/tools/hotplug/common/../../../tools/cross-install -m0755 -p $i /build/xen/dist/install; \
done
set -e; for i in hotplugpath.sh; \
   do \
   /build/xen/tools/hotplug/common/../../../tools/cross-install -m0644 -p $i /build/xen/dist/install; \
done
make[7]: Leaving directory '/build/xen/tools/hotplug/common'
make[6]: Leaving directory '/build/xen/tools/hotplug'
make[6]: Entering directory '/build/xen/tools/hotplug'
make -C Linux install
make[7]: Entering directory '/build/xen/tools/hotplug/Linux'
/build/xen/tools/hotplug/Linux/../../../tools/cross-install -d -m0755 -p /build/xen/dist/install
/build/xen/tools/hotplug/Linux/../../../tools/cross-install -d -m0755 -p /build/xen/dist/install
/build/xen/tools/hotplug/Linux/../../../tools/cross-install -d -m0755 -p /build/xen/dist/install/
set -e; for i in vif-bridge vif-route vif-nat vif-openvswitch vif-setup block block-enbd block-nbd external-device-migrate vscsi block-iscsi block-tap block-drbd-probe block-dummy colo-proxy-setup launch-xenstore; \
    do \
    /build/xen/tools/hotplug/Linux/../../../tools/cross-install -m0755 -p $i /build/xen/dist/install; \
done
/build/xen/tools/hotplug/Linux/../../../tools/cross-install -d -m0755 -p /build/xen/dist/install
/build/xen/tools/hotplug/Linux/../../../tools/cross-install -m0644 -p init.d/sysconfig.xendomains /build/xen/dist/install//xendomains
/build/xen/tools/hotplug/Linux/../../../tools/cross-install -m0644 -p init.d/sysconfig.xencommons /build/xen/dist/install//xencommons
/build/xen/tools/hotplug/Linux/../../../tools/cross-install -m0755 -p xendomains /build/xen/dist/install
/build/xen/tools/hotplug/Linux/../../../tools/cross-install -m0755 -p init.d/xendomains /build/xen/dist/install
/build/xen/tools/hotplug/Linux/../../../tools/cross-install -m0755 -p init.d/xencommons /build/xen/dist/install
/build/xen/tools/hotplug/Linux/../../../tools/cross-install -m0755 -p init.d/xendriverdomain /build/xen/dist/install
/build/xen/tools/hotplug/Linux/../../../tools/cross-install -m0755 -p init.d/xen-watchdog /build/xen/dist/install
set -e; for i in xen-script-common.sh locking.sh logging.sh xen-hotplug-common.sh xen-network-common.sh vif-common.sh block-common.sh; \
    do \
    /build/xen/tools/hotplug/Linux/../../../tools/cross-install -m0644 -p $i /build/xen/dist/install; \
done
make[7]: Leaving directory '/build/xen/tools/hotplug/Linux'
make[6]: Leaving directory '/build/xen/tools/hotplug'
make[5]: Leaving directory '/build/xen/tools/hotplug'
make[4]: Leaving directory '/build/xen/tools'
make[4]: Entering directory '/build/xen/tools'
make -C xentrace install
make[5]: Entering directory '/build/xen/tools/xentrace'
riscv64-linux-gnu-gcc  -DBUILD_ID -fno-strict-aliasing -std=gnu99 -Wall -Wstrict-prototypes -Wdeclaration-after-statement -Wno-unused-but-set-variable -Wno-unused-local-typedefs   -g3 -Werror -Og -fno-omit-frame-pointer -D__XEN_INTERFACE_VERSION__=__XEN_LATEST_INTERFACE_VERSION__ -MMD -MP -MF .xenalyze.o.d -D_LARGEFILE_SOURCE -D_LARGEFILE64_SOURCE   -I/build/xen/tools/xentrace/../../tools/include -I/build/xen/tools/xentrace/../../tools/include -D__XEN_TOOLS__  -c -o xenalyze.o xenalyze.c 
riscv64-linux-gnu-gcc  -DBUILD_ID -fno-strict-aliasing -std=gnu99 -Wall -Wstrict-prototypes -Wdeclaration-after-statement -Wno-unused-but-set-variable -Wno-unused-local-typedefs   -g3 -Werror -Og -fno-omit-frame-pointer -D__XEN_INTERFACE_VERSION__=__XEN_LATEST_INTERFACE_VERSION__ -MMD -MP -MF .mread.o.d -D_LARGEFILE_SOURCE -D_LARGEFILE64_SOURCE   -I/build/xen/tools/xentrace/../../tools/include -I/build/xen/tools/xentrace/../../tools/include -D__XEN_TOOLS__  -c -o mread.o mread.c 
riscv64-linux-gnu-gcc  -DBUILD_ID -fno-strict-aliasing -std=gnu99 -Wall -Wstrict-prototypes -Wdeclaration-after-statement -Wno-unused-but-set-variable -Wno-unused-local-typedefs   -g3 -Werror -Og -fno-omit-frame-pointer -D__XEN_INTERFACE_VERSION__=__XEN_LATEST_INTERFACE_VERSION__ -MMD -MP -MF .xentrace.o.d -D_LARGEFILE_SOURCE -D_LARGEFILE64_SOURCE   -I/build/xen/tools/xentrace/../../tools/include -I/build/xen/tools/xentrace/../../tools/include -D__XEN_TOOLS__  -c -o xentrace.o xentrace.c 
riscv64-linux-gnu-gcc  -DBUILD_ID -fno-strict-aliasing -std=gnu99 -Wall -Wstrict-prototypes -Wdeclaration-after-statement -Wno-unused-but-set-variable -Wno-unused-local-typedefs   -g3 -Werror -Og -fno-omit-frame-pointer -D__XEN_INTERFACE_VERSION__=__XEN_LATEST_INTERFACE_VERSION__ -MMD -MP -MF .setsize.o.d -D_LARGEFILE_SOURCE -D_LARGEFILE64_SOURCE   -I/build/xen/tools/xentrace/../../tools/include -I/build/xen/tools/xentrace/../../tools/include -D__XEN_TOOLS__  -c -o setsize.o setsize.c 
riscv64-linux-gnu-gcc  -DBUILD_ID -fno-strict-aliasing -std=gnu99 -Wall -Wstrict-prototypes -Wdeclaration-after-statement -Wno-unused-but-set-variable -Wno-unused-local-typedefs   -g3 -Werror -Og -fno-omit-frame-pointer -D__XEN_INTERFACE_VERSION__=__XEN_LATEST_INTERFACE_VERSION__ -MMD -MP -MF .xenctx.o.d -D_LARGEFILE_SOURCE -D_LARGEFILE64_SOURCE   -I/build/xen/tools/xentrace/../../tools/include -I/build/xen/tools/xentrace/../../tools/include -D__XEN_TOOLS__  -c -o xenctx.o xenctx.c 
riscv64-linux-gnu-gcc     -o xentrace_setsize setsize.o         -Wl,-rpath-link=/build/xen/tools/xentrace/../../tools/libs/toolcore -Wl,-rpath-link=/build/xen/tools/xentrace/../../tools/libs/toollog      /build/xen/tools/xentrace/../../tools/libs/evtchn/libxenevtchn.so          -Wl,-rpath-link=/build/xen/tools/xentrace/../../tools/libs/call -Wl,-rpath-link=/build/xen/tools/xentrace/../../tools/libs/devicemodel -Wl,-rpath-link=/build/xen/tools/xentrace/../../tools/libs/evtchn -Wl,-rpath-link=/build/xen/tools/xentrace/../../tools/libs/foreignmemory -Wl,-rpath-link=/build/xen/tools/xentrace/../../tools/libs/gnttab -Wl,-rpath-link=/build/xen/tools/xentrace/../../tools/libs/toolcore -Wl,-rpath-link=/build/xen/tools/xentrace/../../tools/libs/toollog      /build/xen/tools/xentrace/../../tools/libs/ctrl/libxenctrl.so   
riscv64-linux-gnu-gcc     -o xenctx xenctx.o         -Wl,-rpath-link=/build/xen/tools/xentrace/../../tools/libs/toolcore -Wl,-rpath-link=/build/xen/tools/xentrace/../../tools/libs/toollog      /build/xen/tools/xentrace/../../tools/libs/evtchn/libxenevtchn.so          -Wl,-rpath-link=/build/xen/tools/xentrace/../../tools/libs/call -Wl,-rpath-link=/build/xen/tools/xentrace/../../tools/libs/devicemodel -Wl,-rpath-link=/build/xen/tools/xentrace/../../tools/libs/evtchn -Wl,-rpath-link=/build/xen/tools/xentrace/../../tools/libs/foreignmemory -Wl,-rpath-link=/build/xen/tools/xentrace/../../tools/libs/gnttab -Wl,-rpath-link=/build/xen/tools/xentrace/../../tools/libs/toolcore -Wl,-rpath-link=/build/xen/tools/xentrace/../../tools/libs/toollog      /build/xen/tools/xentrace/../../tools/libs/ctrl/libxenctrl.so   
riscv64-linux-gnu-gcc     -o xentrace xentrace.o         -Wl,-rpath-link=/build/xen/tools/xentrace/../../tools/libs/toolcore -Wl,-rpath-link=/build/xen/tools/xentrace/../../tools/libs/toollog      /build/xen/tools/xentrace/../../tools/libs/evtchn/libxenevtchn.so          -Wl,-rpath-link=/build/xen/tools/xentrace/../../tools/libs/call -Wl,-rpath-link=/build/xen/tools/xentrace/../../tools/libs/devicemodel -Wl,-rpath-link=/build/xen/tools/xentrace/../../tools/libs/evtchn -Wl,-rpath-link=/build/xen/tools/xentrace/../../tools/libs/foreignmemory -Wl,-rpath-link=/build/xen/tools/xentrace/../../tools/libs/gnttab -Wl,-rpath-link=/build/xen/tools/xentrace/../../tools/libs/toolcore -Wl,-rpath-link=/build/xen/tools/xentrace/../../tools/libs/toollog      /build/xen/tools/xentrace/../../tools/libs/ctrl/libxenctrl.so   
riscv64-linux-gnu-gcc     -o xenalyze xenalyze.o mread.o  
/build/xen/tools/xentrace/../../tools/cross-install -d -m0755 -p /build/xen/dist/install
/build/xen/tools/xentrace/../../tools/cross-install -d -m0755 -p /build/xen/dist/install
/build/xen/tools/xentrace/../../tools/cross-install -d -m0755 -p /build/xen/dist/install
/build/xen/tools/xentrace/../../tools/cross-install -m0755 -p xenalyze /build/xen/dist/install
/build/xen/tools/xentrace/../../tools/cross-install -m0755 -p xentrace xentrace_setsize /build/xen/dist/install
/build/xen/tools/xentrace/../../tools/python/install-wrap "/usr/bin/python3 -s" /build/xen/tools/xentrace/../../tools/cross-install -m0755 -p xentrace_format /build/xen/dist/install
/build/xen/tools/xentrace/../../tools/cross-install -m0755 -p xenctx /build/xen/dist/install
make[5]: Leaving directory '/build/xen/tools/xentrace'
make[4]: Leaving directory '/build/xen/tools'
make[4]: Entering directory '/build/xen/tools'
make -C console install
make[5]: Entering directory '/build/xen/tools/console'
make[6]: Entering directory '/build/xen/tools/console'
make -C daemon install
make[7]: Entering directory '/build/xen/tools/console/daemon'
riscv64-linux-gnu-gcc  -DBUILD_ID -fno-strict-aliasing -std=gnu99 -Wall -Wstrict-prototypes -Wdeclaration-after-statement -Wno-unused-but-set-variable -Wno-unused-local-typedefs   -g3 -Werror -Og -fno-omit-frame-pointer -D__XEN_INTERFACE_VERSION__=__XEN_LATEST_INTERFACE_VERSION__ -MMD -MP -MF .main.o.d -D_LARGEFILE_SOURCE -D_LARGEFILE64_SOURCE   -I/build/xen/tools/console/daemon/../../../tools/include -D__XEN_TOOLS__ -I/build/xen/tools/console/daemon/../../../tools/include -I/build/xen/tools/console/daemon/../../../tools/include -I/build/xen/tools/console/daemon/../../../tools/include -I/build/xen/tools/console/daemon/../../../tools/include -include /build/xen/tools/console/daemon/../../../tools/config.h  -c -o main.o main.c 
riscv64-linux-gnu-gcc  -DBUILD_ID -fno-strict-aliasing -std=gnu99 -Wall -Wstrict-prototypes -Wdeclaration-after-statement -Wno-unused-but-set-variable -Wno-unused-local-typedefs   -g3 -Werror -Og -fno-omit-frame-pointer -D__XEN_INTERFACE_VERSION__=__XEN_LATEST_INTERFACE_VERSION__ -MMD -MP -MF .io.o.d -D_LARGEFILE_SOURCE -D_LARGEFILE64_SOURCE   -I/build/xen/tools/console/daemon/../../../tools/include -D__XEN_TOOLS__ -I/build/xen/tools/console/daemon/../../../tools/include -I/build/xen/tools/console/daemon/../../../tools/include -I/build/xen/tools/console/daemon/../../../tools/include -I/build/xen/tools/console/daemon/../../../tools/include -include /build/xen/tools/console/daemon/../../../tools/config.h  -c -o io.o io.c 
riscv64-linux-gnu-gcc  -DBUILD_ID -fno-strict-aliasing -std=gnu99 -Wall -Wstrict-prototypes -Wdeclaration-after-statement -Wno-unused-but-set-variable -Wno-unused-local-typedefs   -g3 -Werror -Og -fno-omit-frame-pointer -D__XEN_INTERFACE_VERSION__=__XEN_LATEST_INTERFACE_VERSION__ -MMD -MP -MF .utils.o.d -D_LARGEFILE_SOURCE -D_LARGEFILE64_SOURCE   -I/build/xen/tools/console/daemon/../../../tools/include -D__XEN_TOOLS__ -I/build/xen/tools/console/daemon/../../../tools/include -I/build/xen/tools/console/daemon/../../../tools/include -I/build/xen/tools/console/daemon/../../../tools/include -I/build/xen/tools/console/daemon/../../../tools/include -include /build/xen/tools/console/daemon/../../../tools/config.h  -c -o utils.o utils.c 
riscv64-linux-gnu-gcc     main.o io.o utils.o -o xenconsoled         -Wl,-rpath-link=/build/xen/tools/console/daemon/../../../tools/libs/call -Wl,-rpath-link=/build/xen/tools/console/daemon/../../../tools/libs/devicemodel -Wl,-rpath-link=/build/xen/tools/console/daemon/../../../tools/libs/evtchn -Wl,-rpath-link=/build/xen/tools/console/daemon/../../../tools/libs/foreignmemory -Wl,-rpath-link=/build/xen/tools/console/daemon/../../../tools/libs/gnttab -Wl,-rpath-link=/build/xen/tools/console/daemon/../../../tools/libs/toolcore -Wl,-rpath-link=/build/xen/tools/console/daemon/../../../tools/libs/toollog      /build/xen/tools/console/daemon/../../../tools/libs/ctrl/libxenctrl.so  /build/xen/tools/console/daemon/../../../tools/libs/store/libxenstore.so  /build/xen/tools/console/daemon/../../../tools/libs/evtchn/libxenevtchn.so  /build/xen/tools/console/daemon/../../../tools/libs/gnttab/libxengnttab.so  /build/xen/tools/console/daemon/../../../tools/libs/foreignmemory/libxenforeignmemory.so  -ldl     -lutil -lrt 
/build/xen/tools/console/daemon/../../../tools/cross-install -d -m0755 -p /build/xen/dist/install/
/build/xen/tools/console/daemon/../../../tools/cross-install -m0755 -p xenconsoled /build/xen/dist/install/
make[7]: Leaving directory '/build/xen/tools/console/daemon'
make[6]: Leaving directory '/build/xen/tools/console'
make[6]: Entering directory '/build/xen/tools/console'
make -C client install
make[7]: Entering directory '/build/xen/tools/console/client'
riscv64-linux-gnu-gcc  -DBUILD_ID -fno-strict-aliasing -std=gnu99 -Wall -Wstrict-prototypes -Wdeclaration-after-statement -Wno-unused-but-set-variable -Wno-unused-local-typedefs   -g3 -Werror -Og -fno-omit-frame-pointer -D__XEN_INTERFACE_VERSION__=__XEN_LATEST_INTERFACE_VERSION__ -MMD -MP -MF .main.o.d -D_LARGEFILE_SOURCE -D_LARGEFILE64_SOURCE   -I/build/xen/tools/console/client/../../../tools/include -D__XEN_TOOLS__ -I/build/xen/tools/console/client/../../../tools/include -include /build/xen/tools/console/client/../../../tools/config.h  -c -o main.o main.c 
riscv64-linux-gnu-gcc     main.o -o xenconsole         -Wl,-rpath-link=/build/xen/tools/console/client/../../../tools/libs/call -Wl,-rpath-link=/build/xen/tools/console/client/../../../tools/libs/devicemodel -Wl,-rpath-link=/build/xen/tools/console/client/../../../tools/libs/evtchn -Wl,-rpath-link=/build/xen/tools/console/client/../../../tools/libs/foreignmemory -Wl,-rpath-link=/build/xen/tools/console/client/../../../tools/libs/gnttab -Wl,-rpath-link=/build/xen/tools/console/client/../../../tools/libs/toolcore -Wl,-rpath-link=/build/xen/tools/console/client/../../../tools/libs/toollog      /build/xen/tools/console/client/../../../tools/libs/ctrl/libxenctrl.so  /build/xen/tools/console/client/../../../tools/libs/store/libxenstore.so  -ldl  
/build/xen/tools/console/client/../../../tools/cross-install -d -m0755 -p /build/xen/dist/install
/build/xen/tools/console/client/../../../tools/cross-install -m0755 -p xenconsole /build/xen/dist/install
make[7]: Leaving directory '/build/xen/tools/console/client'
make[6]: Leaving directory '/build/xen/tools/console'
make[5]: Leaving directory '/build/xen/tools/console'
make[4]: Leaving directory '/build/xen/tools'
make[4]: Entering directory '/build/xen/tools'
make -C xenmon install
make[5]: Entering directory '/build/xen/tools/xenmon'
riscv64-linux-gnu-gcc  -DBUILD_ID -fno-strict-aliasing -std=gnu99 -Wall -Wstrict-prototypes -Wdeclaration-after-statement -Wno-unused-but-set-variable -Wno-unused-local-typedefs   -g3 -Werror -Og -fno-omit-frame-pointer -D__XEN_INTERFACE_VERSION__=__XEN_LATEST_INTERFACE_VERSION__ -MMD -MP -MF .setmask.o.d -D_LARGEFILE_SOURCE -D_LARGEFILE64_SOURCE   -I/build/xen/tools/xenmon/../../tools/include -I/build/xen/tools/xenmon/../../tools/include -D__XEN_TOOLS__  -c -o setmask.o setmask.c 
riscv64-linux-gnu-gcc  -DBUILD_ID -fno-strict-aliasing -std=gnu99 -Wall -Wstrict-prototypes -Wdeclaration-after-statement -Wno-unused-but-set-variable -Wno-unused-local-typedefs   -g3 -Werror -Og -fno-omit-frame-pointer -D__XEN_INTERFACE_VERSION__=__XEN_LATEST_INTERFACE_VERSION__ -MMD -MP -MF .xenbaked.o.d -D_LARGEFILE_SOURCE -D_LARGEFILE64_SOURCE   -I/build/xen/tools/xenmon/../../tools/include -I/build/xen/tools/xenmon/../../tools/include -D__XEN_TOOLS__  -c -o xenbaked.o xenbaked.c 
riscv64-linux-gnu-gcc     setmask.o -o xentrace_setmask         -Wl,-rpath-link=/build/xen/tools/xenmon/../../tools/libs/call -Wl,-rpath-link=/build/xen/tools/xenmon/../../tools/libs/devicemodel -Wl,-rpath-link=/build/xen/tools/xenmon/../../tools/libs/evtchn -Wl,-rpath-link=/build/xen/tools/xenmon/../../tools/libs/foreignmemory -Wl,-rpath-link=/build/xen/tools/xenmon/../../tools/libs/gnttab -Wl,-rpath-link=/build/xen/tools/xenmon/../../tools/libs/toolcore -Wl,-rpath-link=/build/xen/tools/xenmon/../../tools/libs/toollog      /build/xen/tools/xenmon/../../tools/libs/ctrl/libxenctrl.so          -Wl,-rpath-link=/build/xen/tools/xenmon/../../tools/libs/toolcore -Wl,-rpath-link=/build/xen/tools/xenmon/../../tools/libs/toollog      /build/xen/tools/xenmon/../../tools/libs/evtchn/libxenevtchn.so  
riscv64-linux-gnu-gcc     xenbaked.o -o xenbaked         -Wl,-rpath-link=/build/xen/tools/xenmon/../../tools/libs/call -Wl,-rpath-link=/build/xen/tools/xenmon/../../tools/libs/devicemodel -Wl,-rpath-link=/build/xen/tools/xenmon/../../tools/libs/evtchn -Wl,-rpath-link=/build/xen/tools/xenmon/../../tools/libs/foreignmemory -Wl,-rpath-link=/build/xen/tools/xenmon/../../tools/libs/gnttab -Wl,-rpath-link=/build/xen/tools/xenmon/../../tools/libs/toolcore -Wl,-rpath-link=/build/xen/tools/xenmon/../../tools/libs/toollog      /build/xen/tools/xenmon/../../tools/libs/ctrl/libxenctrl.so          -Wl,-rpath-link=/build/xen/tools/xenmon/../../tools/libs/toolcore -Wl,-rpath-link=/build/xen/tools/xenmon/../../tools/libs/toollog      /build/xen/tools/xenmon/../../tools/libs/evtchn/libxenevtchn.so  
/build/xen/tools/xenmon/../../tools/cross-install -d -m0755 -p /build/xen/dist/install
/build/xen/tools/xenmon/../../tools/cross-install -m0755 -p xenbaked /build/xen/dist/install/xenbaked
/build/xen/tools/xenmon/../../tools/cross-install -m0755 -p xentrace_setmask  /build/xen/dist/install/xentrace_setmask
/build/xen/tools/xenmon/../../tools/python/install-wrap "/usr/bin/python3 -s" /build/xen/tools/xenmon/../../tools/cross-install -m0755 -p xenmon.py  /build/xen/dist/install/xenmon
make[5]: Leaving directory '/build/xen/tools/xenmon'
make[4]: Leaving directory '/build/xen/tools'
make[4]: Entering directory '/build/xen/tools'
make -C xentop install
make[5]: Entering directory '/build/xen/tools/xentop'
riscv64-linux-gnu-gcc  -DBUILD_ID -fno-strict-aliasing -std=gnu99 -Wall -Wstrict-prototypes -Wdeclaration-after-statement -Wno-unused-but-set-variable -Wno-unused-local-typedefs   -g3 -Werror -Og -fno-omit-frame-pointer -D__XEN_INTERFACE_VERSION__=__XEN_LATEST_INTERFACE_VERSION__ -MMD -MP -MF .xentop.o.d -D_LARGEFILE_SOURCE -D_LARGEFILE64_SOURCE   -DGCC_PRINTF -I/build/xen/tools/xentop/../../tools/include -DHOST_Linux -include /build/xen/tools/xentop/../../tools/config.h  -c -o xentop.o xentop.c 
riscv64-linux-gnu-gcc     -o xentop xentop.o         -Wl,-rpath-link=/build/xen/tools/xentop/../../tools/libs/call -Wl,-rpath-link=/build/xen/tools/xentop/../../tools/libs/ctrl -Wl,-rpath-link=/build/xen/tools/xentop/../../tools/libs/devicemodel -Wl,-rpath-link=/build/xen/tools/xentop/../../tools/libs/evtchn -Wl,-rpath-link=/build/xen/tools/xentop/../../tools/libs/foreignmemory -Wl,-rpath-link=/build/xen/tools/xentop/../../tools/libs/gnttab -Wl,-rpath-link=/build/xen/tools/xentop/../../tools/libs/store -Wl,-rpath-link=/build/xen/tools/xentop/../../tools/libs/toolcore -Wl,-rpath-link=/build/xen/tools/xentop/../../tools/libs/toollog      /build/xen/tools/xentop/../../tools/libs/stat/libxenstat.so  -lncurses -ltinfo  -lm 
/build/xen/tools/xentop/../../tools/cross-install -d -m0755 -p /build/xen/dist/install
/build/xen/tools/xentop/../../tools/cross-install -m0755 -p xentop /build/xen/dist/install
make[5]: Leaving directory '/build/xen/tools/xentop'
make[4]: Leaving directory '/build/xen/tools'
make[4]: Entering directory '/build/xen/tools'
make -C libfsimage install
make[5]: Entering directory '/build/xen/tools/libfsimage'
make[6]: Entering directory '/build/xen/tools/libfsimage'
make -C common install
make[7]: Entering directory '/build/xen/tools/libfsimage/common'
riscv64-linux-gnu-gcc  -DPIC -DBUILD_ID -fno-strict-aliasing -std=gnu99 -Wall -Wstrict-prototypes -Wdeclaration-after-statement -Wno-unused-but-set-variable -Wno-unused-local-typedefs   -g3 -Werror -Og -fno-omit-frame-pointer -D__XEN_INTERFACE_VERSION__=__XEN_LATEST_INTERFACE_VERSION__ -MMD -MP -MF .fsimage.opic.d -D_LARGEFILE_SOURCE -D_LARGEFILE64_SOURCE   -Wno-unknown-pragmas -I/build/xen/tools/libfsimage/common/../../../tools/libfsimage/common/ -DFSIMAGE_FSDIR=\"/xenfsimage\" -D_GNU_SOURCE -pthread  -fPIC -c -o fsimage.opic fsimage.c 
riscv64-linux-gnu-gcc  -DPIC -DBUILD_ID -fno-strict-aliasing -std=gnu99 -Wall -Wstrict-prototypes -Wdeclaration-after-statement -Wno-unused-but-set-variable -Wno-unused-local-typedefs   -g3 -Werror -Og -fno-omit-frame-pointer -D__XEN_INTERFACE_VERSION__=__XEN_LATEST_INTERFACE_VERSION__ -MMD -MP -MF .fsimage_plugin.opic.d -D_LARGEFILE_SOURCE -D_LARGEFILE64_SOURCE   -Wno-unknown-pragmas -I/build/xen/tools/libfsimage/common/../../../tools/libfsimage/common/ -DFSIMAGE_FSDIR=\"/xenfsimage\" -D_GNU_SOURCE -pthread  -fPIC -c -o fsimage_plugin.opic fsimage_plugin.c 
riscv64-linux-gnu-gcc  -DPIC -DBUILD_ID -fno-strict-aliasing -std=gnu99 -Wall -Wstrict-prototypes -Wdeclaration-after-statement -Wno-unused-but-set-variable -Wno-unused-local-typedefs   -g3 -Werror -Og -fno-omit-frame-pointer -D__XEN_INTERFACE_VERSION__=__XEN_LATEST_INTERFACE_VERSION__ -MMD -MP -MF .fsimage_grub.opic.d -D_LARGEFILE_SOURCE -D_LARGEFILE64_SOURCE   -Wno-unknown-pragmas -I/build/xen/tools/libfsimage/common/../../../tools/libfsimage/common/ -DFSIMAGE_FSDIR=\"/xenfsimage\" -D_GNU_SOURCE -pthread  -fPIC -c -o fsimage_grub.opic fsimage_grub.c 
riscv64-linux-gnu-gcc     -L../common/ -Wl,mapfile-GNU -pthread -Wl,-soname -Wl,libxenfsimage.so.4.18 -shared -o libxenfsimage.so.4.18.0 fsimage.opic fsimage_plugin.opic fsimage_grub.opic  
ln -sf libxenfsimage.so.4.18.0 libxenfsimage.so.4.18
ln -sf libxenfsimage.so.4.18 libxenfsimage.so
/build/xen/tools/libfsimage/common/../../../tools/cross-install -d -m0755 -p /build/xen/dist/install
/build/xen/tools/libfsimage/common/../../../tools/cross-install -d -m0755 -p /build/xen/dist/install
/build/xen/tools/libfsimage/common/../../../tools/cross-install -m0755 -p libxenfsimage.so.4.18.0 /build/xen/dist/install
ln -sf libxenfsimage.so.4.18.0 /build/xen/dist/install/libxenfsimage.so.4.18
ln -sf libxenfsimage.so.4.18 /build/xen/dist/install/libxenfsimage.so
/build/xen/tools/libfsimage/common/../../../tools/cross-install -m0644 -p xenfsimage.h /build/xen/dist/install
/build/xen/tools/libfsimage/common/../../../tools/cross-install -m0644 -p xenfsimage_plugin.h /build/xen/dist/install
/build/xen/tools/libfsimage/common/../../../tools/cross-install -m0644 -p xenfsimage_grub.h /build/xen/dist/install
make[7]: Leaving directory '/build/xen/tools/libfsimage/common'
make[6]: Leaving directory '/build/xen/tools/libfsimage'
make[6]: Entering directory '/build/xen/tools/libfsimage'
make -C ufs install
make[7]: Entering directory '/build/xen/tools/libfsimage/ufs'
riscv64-linux-gnu-gcc  -DPIC -DBUILD_ID -fno-strict-aliasing -std=gnu99 -Wall -Wstrict-prototypes -Wdeclaration-after-statement -Wno-unused-but-set-variable -Wno-unused-local-typedefs   -g3 -Werror -Og -fno-omit-frame-pointer -D__XEN_INTERFACE_VERSION__=__XEN_LATEST_INTERFACE_VERSION__ -MMD -MP -MF .fsys_ufs.opic.d -D_LARGEFILE_SOURCE -D_LARGEFILE64_SOURCE   -Wno-unknown-pragmas -I/build/xen/tools/libfsimage/ufs/../../../tools/libfsimage/common/ -DFSIMAGE_FSDIR=\"/xenfsimage\" -D_GNU_SOURCE  -fPIC -c -o fsys_ufs.opic fsys_ufs.c 
riscv64-linux-gnu-gcc     -L../common/ -shared -o fsimage.so fsys_ufs.opic -lxenfsimage  
/build/xen/tools/libfsimage/ufs/../../../tools/cross-install -d -m0755 -p /build/xen/dist/install/xenfsimage/ufs
/build/xen/tools/libfsimage/ufs/../../../tools/cross-install -m0755 -p fsimage.so /build/xen/dist/install/xenfsimage/ufs
make[7]: Leaving directory '/build/xen/tools/libfsimage/ufs'
make[6]: Leaving directory '/build/xen/tools/libfsimage'
make[6]: Entering directory '/build/xen/tools/libfsimage'
make -C reiserfs install
make[7]: Entering directory '/build/xen/tools/libfsimage/reiserfs'
riscv64-linux-gnu-gcc  -DPIC -DBUILD_ID -fno-strict-aliasing -std=gnu99 -Wall -Wstrict-prototypes -Wdeclaration-after-statement -Wno-unused-but-set-variable -Wno-unused-local-typedefs   -g3 -Werror -Og -fno-omit-frame-pointer -D__XEN_INTERFACE_VERSION__=__XEN_LATEST_INTERFACE_VERSION__ -MMD -MP -MF .fsys_reiserfs.opic.d -D_LARGEFILE_SOURCE -D_LARGEFILE64_SOURCE   -Wno-unknown-pragmas -I/build/xen/tools/libfsimage/reiserfs/../../../tools/libfsimage/common/ -DFSIMAGE_FSDIR=\"/xenfsimage\" -D_GNU_SOURCE  -fPIC -c -o fsys_reiserfs.opic fsys_reiserfs.c 
riscv64-linux-gnu-gcc     -L../common/ -shared -o fsimage.so fsys_reiserfs.opic -lxenfsimage  
/build/xen/tools/libfsimage/reiserfs/../../../tools/cross-install -d -m0755 -p /build/xen/dist/install/xenfsimage/reiserfs
/build/xen/tools/libfsimage/reiserfs/../../../tools/cross-install -m0755 -p fsimage.so /build/xen/dist/install/xenfsimage/reiserfs
make[7]: Leaving directory '/build/xen/tools/libfsimage/reiserfs'
make[6]: Leaving directory '/build/xen/tools/libfsimage'
make[6]: Entering directory '/build/xen/tools/libfsimage'
make -C iso9660 install
make[7]: Entering directory '/build/xen/tools/libfsimage/iso9660'
riscv64-linux-gnu-gcc  -DPIC -DBUILD_ID -fno-strict-aliasing -std=gnu99 -Wall -Wstrict-prototypes -Wdeclaration-after-statement -Wno-unused-but-set-variable -Wno-unused-local-typedefs   -g3 -Werror -Og -fno-omit-frame-pointer -D__XEN_INTERFACE_VERSION__=__XEN_LATEST_INTERFACE_VERSION__ -MMD -MP -MF .fsys_iso9660.opic.d -D_LARGEFILE_SOURCE -D_LARGEFILE64_SOURCE   -Wno-unknown-pragmas -I/build/xen/tools/libfsimage/iso9660/../../../tools/libfsimage/common/ -DFSIMAGE_FSDIR=\"/xenfsimage\" -D_GNU_SOURCE  -fPIC -c -o fsys_iso9660.opic fsys_iso9660.c 
riscv64-linux-gnu-gcc     -L../common/ -shared -o fsimage.so fsys_iso9660.opic -lxenfsimage  
/build/xen/tools/libfsimage/iso9660/../../../tools/cross-install -d -m0755 -p /build/xen/dist/install/xenfsimage/iso9660
/build/xen/tools/libfsimage/iso9660/../../../tools/cross-install -m0755 -p fsimage.so /build/xen/dist/install/xenfsimage/iso9660
make[7]: Leaving directory '/build/xen/tools/libfsimage/iso9660'
make[6]: Leaving directory '/build/xen/tools/libfsimage'
make[6]: Entering directory '/build/xen/tools/libfsimage'
make -C fat install
make[7]: Entering directory '/build/xen/tools/libfsimage/fat'
riscv64-linux-gnu-gcc  -DPIC -DBUILD_ID -fno-strict-aliasing -std=gnu99 -Wall -Wstrict-prototypes -Wdeclaration-after-statement -Wno-unused-but-set-variable -Wno-unused-local-typedefs   -g3 -Werror -Og -fno-omit-frame-pointer -D__XEN_INTERFACE_VERSION__=__XEN_LATEST_INTERFACE_VERSION__ -MMD -MP -MF .fsys_fat.opic.d -D_LARGEFILE_SOURCE -D_LARGEFILE64_SOURCE   -Wno-unknown-pragmas -I/build/xen/tools/libfsimage/fat/../../../tools/libfsimage/common/ -DFSIMAGE_FSDIR=\"/xenfsimage\" -D_GNU_SOURCE  -fPIC -c -o fsys_fat.opic fsys_fat.c 
riscv64-linux-gnu-gcc     -L../common/ -shared -o fsimage.so fsys_fat.opic -lxenfsimage  
/build/xen/tools/libfsimage/fat/../../../tools/cross-install -d -m0755 -p /build/xen/dist/install/xenfsimage/fat
/build/xen/tools/libfsimage/fat/../../../tools/cross-install -m0755 -p fsimage.so /build/xen/dist/install/xenfsimage/fat
make[7]: Leaving directory '/build/xen/tools/libfsimage/fat'
make[6]: Leaving directory '/build/xen/tools/libfsimage'
make[6]: Entering directory '/build/xen/tools/libfsimage'
make -C zfs install
make[7]: Entering directory '/build/xen/tools/libfsimage/zfs'
riscv64-linux-gnu-gcc  -DPIC -DFSYS_ZFS -DFSIMAGE -I/build/xen/tools/libfsimage/zfs/../../../tools/libfsimage/zfs -DBUILD_ID -fno-strict-aliasing -std=gnu99 -Wall -Wstrict-prototypes -Wdeclaration-after-statement -Wno-unused-but-set-variable -Wno-unused-local-typedefs   -g3 -Werror -Og -fno-omit-frame-pointer -D__XEN_INTERFACE_VERSION__=__XEN_LATEST_INTERFACE_VERSION__ -MMD -MP -MF .zfs_lzjb.opic.d -D_LARGEFILE_SOURCE -D_LARGEFILE64_SOURCE   -Wno-unknown-pragmas -I/build/xen/tools/libfsimage/zfs/../../../tools/libfsimage/common/ -DFSIMAGE_FSDIR=\"/xenfsimage\" -D_GNU_SOURCE  -fPIC -c -o zfs_lzjb.opic zfs_lzjb.c 
riscv64-linux-gnu-gcc  -DPIC -DFSYS_ZFS -DFSIMAGE -I/build/xen/tools/libfsimage/zfs/../../../tools/libfsimage/zfs -DBUILD_ID -fno-strict-aliasing -std=gnu99 -Wall -Wstrict-prototypes -Wdeclaration-after-statement -Wno-unused-but-set-variable -Wno-unused-local-typedefs   -g3 -Werror -Og -fno-omit-frame-pointer -D__XEN_INTERFACE_VERSION__=__XEN_LATEST_INTERFACE_VERSION__ -MMD -MP -MF .zfs_sha256.opic.d -D_LARGEFILE_SOURCE -D_LARGEFILE64_SOURCE   -Wno-unknown-pragmas -I/build/xen/tools/libfsimage/zfs/../../../tools/libfsimage/common/ -DFSIMAGE_FSDIR=\"/xenfsimage\" -D_GNU_SOURCE  -fPIC -c -o zfs_sha256.opic zfs_sha256.c 
riscv64-linux-gnu-gcc  -DPIC -DFSYS_ZFS -DFSIMAGE -I/build/xen/tools/libfsimage/zfs/../../../tools/libfsimage/zfs -DBUILD_ID -fno-strict-aliasing -std=gnu99 -Wall -Wstrict-prototypes -Wdeclaration-after-statement -Wno-unused-but-set-variable -Wno-unused-local-typedefs   -g3 -Werror -Og -fno-omit-frame-pointer -D__XEN_INTERFACE_VERSION__=__XEN_LATEST_INTERFACE_VERSION__ -MMD -MP -MF .zfs_fletcher.opic.d -D_LARGEFILE_SOURCE -D_LARGEFILE64_SOURCE   -Wno-unknown-pragmas -I/build/xen/tools/libfsimage/zfs/../../../tools/libfsimage/common/ -DFSIMAGE_FSDIR=\"/xenfsimage\" -D_GNU_SOURCE  -fPIC -c -o zfs_fletcher.opic zfs_fletcher.c 
riscv64-linux-gnu-gcc  -DPIC -DFSYS_ZFS -DFSIMAGE -I/build/xen/tools/libfsimage/zfs/../../../tools/libfsimage/zfs -DBUILD_ID -fno-strict-aliasing -std=gnu99 -Wall -Wstrict-prototypes -Wdeclaration-after-statement -Wno-unused-but-set-variable -Wno-unused-local-typedefs   -g3 -Werror -Og -fno-omit-frame-pointer -D__XEN_INTERFACE_VERSION__=__XEN_LATEST_INTERFACE_VERSION__ -MMD -MP -MF .fsi_zfs.opic.d -D_LARGEFILE_SOURCE -D_LARGEFILE64_SOURCE   -Wno-unknown-pragmas -I/build/xen/tools/libfsimage/zfs/../../../tools/libfsimage/common/ -DFSIMAGE_FSDIR=\"/xenfsimage\" -D_GNU_SOURCE  -fPIC -c -o fsi_zfs.opic fsi_zfs.c 
riscv64-linux-gnu-gcc  -DPIC -DFSYS_ZFS -DFSIMAGE -I/build/xen/tools/libfsimage/zfs/../../../tools/libfsimage/zfs -DBUILD_ID -fno-strict-aliasing -std=gnu99 -Wall -Wstrict-prototypes -Wdeclaration-after-statement -Wno-unused-but-set-variable -Wno-unused-local-typedefs   -g3 -Werror -Og -fno-omit-frame-pointer -D__XEN_INTERFACE_VERSION__=__XEN_LATEST_INTERFACE_VERSION__ -MMD -MP -MF .fsys_zfs.opic.d -D_LARGEFILE_SOURCE -D_LARGEFILE64_SOURCE   -Wno-unknown-pragmas -I/build/xen/tools/libfsimage/zfs/../../../tools/libfsimage/common/ -DFSIMAGE_FSDIR=\"/xenfsimage\" -D_GNU_SOURCE  -fPIC -c -o fsys_zfs.opic fsys_zfs.c 
riscv64-linux-gnu-gcc     -L../common/ -shared -o fsimage.so zfs_lzjb.opic zfs_sha256.opic zfs_fletcher.opic fsi_zfs.opic fsys_zfs.opic -lxenfsimage  
/build/xen/tools/libfsimage/zfs/../../../tools/cross-install -d -m0755 -p /build/xen/dist/install/xenfsimage/zfs
/build/xen/tools/libfsimage/zfs/../../../tools/cross-install -m0755 -p fsimage.so /build/xen/dist/install/xenfsimage/zfs
make[7]: Leaving directory '/build/xen/tools/libfsimage/zfs'
make[6]: Leaving directory '/build/xen/tools/libfsimage'
make[6]: Entering directory '/build/xen/tools/libfsimage'
make -C ext2fs install
make[7]: Entering directory '/build/xen/tools/libfsimage/ext2fs'
riscv64-linux-gnu-gcc  -DPIC -DBUILD_ID -fno-strict-aliasing -std=gnu99 -Wall -Wstrict-prototypes -Wdeclaration-after-statement -Wno-unused-but-set-variable -Wno-unused-local-typedefs   -g3 -Werror -Og -fno-omit-frame-pointer -D__XEN_INTERFACE_VERSION__=__XEN_LATEST_INTERFACE_VERSION__ -MMD -MP -MF .fsys_ext2fs.opic.d -D_LARGEFILE_SOURCE -D_LARGEFILE64_SOURCE   -Wno-unknown-pragmas -I/build/xen/tools/libfsimage/ext2fs/../../../tools/libfsimage/common/ -DFSIMAGE_FSDIR=\"/xenfsimage\" -D_GNU_SOURCE  -fPIC -c -o fsys_ext2fs.opic fsys_ext2fs.c 
riscv64-linux-gnu-gcc     -L../common/ -shared -o fsimage.so fsys_ext2fs.opic -lxenfsimage  
/build/xen/tools/libfsimage/ext2fs/../../../tools/cross-install -d -m0755 -p /build/xen/dist/install/xenfsimage/ext2fs
/build/xen/tools/libfsimage/ext2fs/../../../tools/cross-install -m0755 -p fsimage.so /build/xen/dist/install/xenfsimage/ext2fs
make[7]: Leaving directory '/build/xen/tools/libfsimage/ext2fs'
make[6]: Leaving directory '/build/xen/tools/libfsimage'
make[5]: Leaving directory '/build/xen/tools/libfsimage'
make[4]: Leaving directory '/build/xen/tools'
make[4]: Entering directory '/build/xen/tools'
make -C vchan install
make[5]: Entering directory '/build/xen/tools/vchan'
riscv64-linux-gnu-gcc  -DBUILD_ID -fno-strict-aliasing -std=gnu99 -Wall -Wstrict-prototypes -Wdeclaration-after-statement -Wno-unused-but-set-variable -Wno-unused-local-typedefs   -g3 -Werror -Og -fno-omit-frame-pointer -D__XEN_INTERFACE_VERSION__=__XEN_LATEST_INTERFACE_VERSION__ -MMD -MP -MF .node.o.d -D_LARGEFILE_SOURCE -D_LARGEFILE64_SOURCE   -I/build/xen/tools/vchan/../../tools/include -I/build/xen/tools/vchan/../../tools/include -I/build/xen/tools/vchan/../../tools/include  -c -o node.o node.c 
riscv64-linux-gnu-gcc  -DBUILD_ID -fno-strict-aliasing -std=gnu99 -Wall -Wstrict-prototypes -Wdeclaration-after-statement -Wno-unused-but-set-variable -Wno-unused-local-typedefs   -g3 -Werror -Og -fno-omit-frame-pointer -D__XEN_INTERFACE_VERSION__=__XEN_LATEST_INTERFACE_VERSION__ -MMD -MP -MF .node-select.o.d -D_LARGEFILE_SOURCE -D_LARGEFILE64_SOURCE   -I/build/xen/tools/vchan/../../tools/include -I/build/xen/tools/vchan/../../tools/include -I/build/xen/tools/vchan/../../tools/include  -c -o node-select.o node-select.c 
riscv64-linux-gnu-gcc  -DBUILD_ID -fno-strict-aliasing -std=gnu99 -Wall -Wstrict-prototypes -Wdeclaration-after-statement -Wno-unused-but-set-variable -Wno-unused-local-typedefs   -g3 -Werror -Og -fno-omit-frame-pointer -D__XEN_INTERFACE_VERSION__=__XEN_LATEST_INTERFACE_VERSION__ -MMD -MP -MF .vchan-socket-proxy.o.d -D_LARGEFILE_SOURCE -D_LARGEFILE64_SOURCE   -I/build/xen/tools/vchan/../../tools/include -I/build/xen/tools/vchan/../../tools/include -I/build/xen/tools/vchan/../../tools/include -D__XEN_TOOLS__ -I/build/xen/tools/vchan/../../tools/include -I/build/xen/tools/vchan/../../tools/include  -c -o vchan-socket-proxy.o vchan-socket-proxy.c 
riscv64-linux-gnu-gcc     -o vchan-node1 node.o         -Wl,-rpath-link=/build/xen/tools/vchan/../../tools/libs/evtchn -Wl,-rpath-link=/build/xen/tools/vchan/../../tools/libs/gnttab -Wl,-rpath-link=/build/xen/tools/vchan/../../tools/libs/store -Wl,-rpath-link=/build/xen/tools/vchan/../../tools/libs/toolcore -Wl,-rpath-link=/build/xen/tools/vchan/../../tools/libs/toollog      /build/xen/tools/vchan/../../tools/libs/vchan/libxenvchan.so  
riscv64-linux-gnu-gcc     -o vchan-node2 node-select.o         -Wl,-rpath-link=/build/xen/tools/vchan/../../tools/libs/evtchn -Wl,-rpath-link=/build/xen/tools/vchan/../../tools/libs/gnttab -Wl,-rpath-link=/build/xen/tools/vchan/../../tools/libs/store -Wl,-rpath-link=/build/xen/tools/vchan/../../tools/libs/toolcore -Wl,-rpath-link=/build/xen/tools/vchan/../../tools/libs/toollog      /build/xen/tools/vchan/../../tools/libs/vchan/libxenvchan.so  
riscv64-linux-gnu-gcc     -o vchan-socket-proxy vchan-socket-proxy.o         -Wl,-rpath-link=/build/xen/tools/vchan/../../tools/libs/evtchn -Wl,-rpath-link=/build/xen/tools/vchan/../../tools/libs/gnttab -Wl,-rpath-link=/build/xen/tools/vchan/../../tools/libs/store -Wl,-rpath-link=/build/xen/tools/vchan/../../tools/libs/toolcore -Wl,-rpath-link=/build/xen/tools/vchan/../../tools/libs/toollog      /build/xen/tools/vchan/../../tools/libs/vchan/libxenvchan.so          -Wl,-rpath-link=/build/xen/tools/vchan/../../tools/libs/toolcore      /build/xen/tools/vchan/../../tools/libs/store/libxenstore.so -ldl         -Wl,-rpath-link=/build/xen/tools/vchan/../../tools/libs/call -Wl,-rpath-link=/build/xen/tools/vchan/../../tools/libs/devicemodel -Wl,-rpath-link=/build/xen/tools/vchan/../../tools/libs/evtchn -Wl,-rpath-link=/build/xen/tools/vchan/../../tools/libs/foreignmemory -Wl,-rpath-link=/build/xen/tools/vchan/../../tools/libs/gnttab -Wl,-rpath-link=/build/xen/tools/vchan/../../tools/libs/toolcore -Wl,-rpath-link=/build/xen/tools/vchan/../../tools/libs/toollog      /build/xen/tools/vchan/../../tools/libs/ctrl/libxenctrl.so  
/build/xen/tools/vchan/../../tools/cross-install -d -m0755 -p /build/xen/dist/install
/build/xen/tools/vchan/../../tools/cross-install -m0755 -p vchan-socket-proxy /build/xen/dist/install
make[5]: Leaving directory '/build/xen/tools/vchan'
make[4]: Leaving directory '/build/xen/tools'
make[4]: Entering directory '/build/xen/tools'
make -C xenpmd install
make[5]: Entering directory '/build/xen/tools/xenpmd'
riscv64-linux-gnu-gcc  -DBUILD_ID -fno-strict-aliasing -std=gnu99 -Wall -Wstrict-prototypes -Wdeclaration-after-statement -Wno-unused-but-set-variable -Wno-unused-local-typedefs   -g3 -Werror -Og -fno-omit-frame-pointer -D__XEN_INTERFACE_VERSION__=__XEN_LATEST_INTERFACE_VERSION__ -MMD -MP -MF .xenpmd.o.d -D_LARGEFILE_SOURCE -D_LARGEFILE64_SOURCE   -I/build/xen/tools/xenpmd/../../tools/include  -c -o xenpmd.o xenpmd.c 
riscv64-linux-gnu-gcc     xenpmd.o -o xenpmd         -Wl,-rpath-link=/build/xen/tools/xenpmd/../../tools/libs/toolcore      /build/xen/tools/xenpmd/../../tools/libs/store/libxenstore.so -ldl 
/build/xen/tools/xenpmd/../../tools/cross-install -d -m0755 -p /build/xen/dist/install
/build/xen/tools/xenpmd/../../tools/cross-install -m0755 -p xenpmd /build/xen/dist/install
make[5]: Leaving directory '/build/xen/tools/xenpmd'
make[4]: Leaving directory '/build/xen/tools'
make[4]: Entering directory '/build/xen/tools'
make -C xl install
make[5]: Entering directory '/build/xen/tools/xl'
riscv64-linux-gnu-gcc  -DBUILD_ID -fno-strict-aliasing -std=gnu99 -Wall -Wstrict-prototypes -Wdeclaration-after-statement -Wno-unused-but-set-variable -Wno-unused-local-typedefs   -g3 -Werror -Og -fno-omit-frame-pointer -D__XEN_INTERFACE_VERSION__=__XEN_LATEST_INTERFACE_VERSION__ -MMD -MP -MF .xl.o.d -D_LARGEFILE_SOURCE -D_LARGEFILE64_SOURCE   -Wno-format-zero-length -Wmissing-declarations -Wno-declaration-after-statement -Wformat-nonliteral -fPIC -pthread -I/build/xen/tools/xl/../../tools/include -I/build/xen/tools/xl/../../tools/include -I/build/xen/tools/xl/../../tools/include -D__XEN_TOOLS__ -I/build/xen/tools/xl/../../tools/include -Wshadow -include /build/xen/tools/xl/../../tools/config.h   -c -o xl.o xl.c 
riscv64-linux-gnu-gcc  -DBUILD_ID -fno-strict-aliasing -std=gnu99 -Wall -Wstrict-prototypes -Wdeclaration-after-statement -Wno-unused-but-set-variable -Wno-unused-local-typedefs   -g3 -Werror -Og -fno-omit-frame-pointer -D__XEN_INTERFACE_VERSION__=__XEN_LATEST_INTERFACE_VERSION__ -MMD -MP -MF .xl_cmdtable.o.d -D_LARGEFILE_SOURCE -D_LARGEFILE64_SOURCE   -Wno-format-zero-length -Wmissing-declarations -Wno-declaration-after-statement -Wformat-nonliteral -fPIC -pthread -I/build/xen/tools/xl/../../tools/include -I/build/xen/tools/xl/../../tools/include -I/build/xen/tools/xl/../../tools/include -D__XEN_TOOLS__ -I/build/xen/tools/xl/../../tools/include -Wshadow -include /build/xen/tools/xl/../../tools/config.h   -c -o xl_cmdtable.o xl_cmdtable.c 
riscv64-linux-gnu-gcc  -DBUILD_ID -fno-strict-aliasing -std=gnu99 -Wall -Wstrict-prototypes -Wdeclaration-after-statement -Wno-unused-but-set-variable -Wno-unused-local-typedefs   -g3 -Werror -Og -fno-omit-frame-pointer -D__XEN_INTERFACE_VERSION__=__XEN_LATEST_INTERFACE_VERSION__ -MMD -MP -MF .xl_sxp.o.d -D_LARGEFILE_SOURCE -D_LARGEFILE64_SOURCE   -Wno-format-zero-length -Wmissing-declarations -Wno-declaration-after-statement -Wformat-nonliteral -fPIC -pthread -I/build/xen/tools/xl/../../tools/include -I/build/xen/tools/xl/../../tools/include -I/build/xen/tools/xl/../../tools/include -D__XEN_TOOLS__ -I/build/xen/tools/xl/../../tools/include -Wshadow -include /build/xen/tools/xl/../../tools/config.h   -c -o xl_sxp.o xl_sxp.c 
riscv64-linux-gnu-gcc  -DBUILD_ID -fno-strict-aliasing -std=gnu99 -Wall -Wstrict-prototypes -Wdeclaration-after-statement -Wno-unused-but-set-variable -Wno-unused-local-typedefs   -g3 -Werror -Og -fno-omit-frame-pointer -D__XEN_INTERFACE_VERSION__=__XEN_LATEST_INTERFACE_VERSION__ -MMD -MP -MF .xl_utils.o.d -D_LARGEFILE_SOURCE -D_LARGEFILE64_SOURCE   -Wno-format-zero-length -Wmissing-declarations -Wno-declaration-after-statement -Wformat-nonliteral -fPIC -pthread -I/build/xen/tools/xl/../../tools/include -I/build/xen/tools/xl/../../tools/include -I/build/xen/tools/xl/../../tools/include -D__XEN_TOOLS__ -I/build/xen/tools/xl/../../tools/include -Wshadow -include /build/xen/tools/xl/../../tools/config.h   -c -o xl_utils.o xl_utils.c 
riscv64-linux-gnu-gcc  -DBUILD_ID -fno-strict-aliasing -std=gnu99 -Wall -Wstrict-prototypes -Wdeclaration-after-statement -Wno-unused-but-set-variable -Wno-unused-local-typedefs   -g3 -Werror -Og -fno-omit-frame-pointer -D__XEN_INTERFACE_VERSION__=__XEN_LATEST_INTERFACE_VERSION__ -MMD -MP -MF .xl_parse.o.d -D_LARGEFILE_SOURCE -D_LARGEFILE64_SOURCE   -Wno-format-zero-length -Wmissing-declarations -Wno-declaration-after-statement -Wformat-nonliteral -fPIC -pthread -I/build/xen/tools/xl/../../tools/include -I/build/xen/tools/xl/../../tools/include -I/build/xen/tools/xl/../../tools/include -D__XEN_TOOLS__ -I/build/xen/tools/xl/../../tools/include -Wshadow -include /build/xen/tools/xl/../../tools/config.h   -c -o xl_parse.o xl_parse.c 
riscv64-linux-gnu-gcc  -DBUILD_ID -fno-strict-aliasing -std=gnu99 -Wall -Wstrict-prototypes -Wdeclaration-after-statement -Wno-unused-but-set-variable -Wno-unused-local-typedefs   -g3 -Werror -Og -fno-omit-frame-pointer -D__XEN_INTERFACE_VERSION__=__XEN_LATEST_INTERFACE_VERSION__ -MMD -MP -MF .xl_cpupool.o.d -D_LARGEFILE_SOURCE -D_LARGEFILE64_SOURCE   -Wno-format-zero-length -Wmissing-declarations -Wno-declaration-after-statement -Wformat-nonliteral -fPIC -pthread -I/build/xen/tools/xl/../../tools/include -I/build/xen/tools/xl/../../tools/include -I/build/xen/tools/xl/../../tools/include -D__XEN_TOOLS__ -I/build/xen/tools/xl/../../tools/include -Wshadow -include /build/xen/tools/xl/../../tools/config.h   -c -o xl_cpupool.o xl_cpupool.c 
riscv64-linux-gnu-gcc  -DBUILD_ID -fno-strict-aliasing -std=gnu99 -Wall -Wstrict-prototypes -Wdeclaration-after-statement -Wno-unused-but-set-variable -Wno-unused-local-typedefs   -g3 -Werror -Og -fno-omit-frame-pointer -D__XEN_INTERFACE_VERSION__=__XEN_LATEST_INTERFACE_VERSION__ -MMD -MP -MF .xl_flask.o.d -D_LARGEFILE_SOURCE -D_LARGEFILE64_SOURCE   -Wno-format-zero-length -Wmissing-declarations -Wno-declaration-after-statement -Wformat-nonliteral -fPIC -pthread -I/build/xen/tools/xl/../../tools/include -I/build/xen/tools/xl/../../tools/include -I/build/xen/tools/xl/../../tools/include -D__XEN_TOOLS__ -I/build/xen/tools/xl/../../tools/include -Wshadow -include /build/xen/tools/xl/../../tools/config.h   -c -o xl_flask.o xl_flask.c 
riscv64-linux-gnu-gcc  -DBUILD_ID -fno-strict-aliasing -std=gnu99 -Wall -Wstrict-prototypes -Wdeclaration-after-statement -Wno-unused-but-set-variable -Wno-unused-local-typedefs   -g3 -Werror -Og -fno-omit-frame-pointer -D__XEN_INTERFACE_VERSION__=__XEN_LATEST_INTERFACE_VERSION__ -MMD -MP -MF .xl_vtpm.o.d -D_LARGEFILE_SOURCE -D_LARGEFILE64_SOURCE   -Wno-format-zero-length -Wmissing-declarations -Wno-declaration-after-statement -Wformat-nonliteral -fPIC -pthread -I/build/xen/tools/xl/../../tools/include -I/build/xen/tools/xl/../../tools/include -I/build/xen/tools/xl/../../tools/include -D__XEN_TOOLS__ -I/build/xen/tools/xl/../../tools/include -Wshadow -include /build/xen/tools/xl/../../tools/config.h   -c -o xl_vtpm.o xl_vtpm.c 
riscv64-linux-gnu-gcc  -DBUILD_ID -fno-strict-aliasing -std=gnu99 -Wall -Wstrict-prototypes -Wdeclaration-after-statement -Wno-unused-but-set-variable -Wno-unused-local-typedefs   -g3 -Werror -Og -fno-omit-frame-pointer -D__XEN_INTERFACE_VERSION__=__XEN_LATEST_INTERFACE_VERSION__ -MMD -MP -MF .xl_block.o.d -D_LARGEFILE_SOURCE -D_LARGEFILE64_SOURCE   -Wno-format-zero-length -Wmissing-declarations -Wno-declaration-after-statement -Wformat-nonliteral -fPIC -pthread -I/build/xen/tools/xl/../../tools/include -I/build/xen/tools/xl/../../tools/include -I/build/xen/tools/xl/../../tools/include -D__XEN_TOOLS__ -I/build/xen/tools/xl/../../tools/include -Wshadow -include /build/xen/tools/xl/../../tools/config.h   -c -o xl_block.o xl_block.c 
riscv64-linux-gnu-gcc  -DBUILD_ID -fno-strict-aliasing -std=gnu99 -Wall -Wstrict-prototypes -Wdeclaration-after-statement -Wno-unused-but-set-variable -Wno-unused-local-typedefs   -g3 -Werror -Og -fno-omit-frame-pointer -D__XEN_INTERFACE_VERSION__=__XEN_LATEST_INTERFACE_VERSION__ -MMD -MP -MF .xl_nic.o.d -D_LARGEFILE_SOURCE -D_LARGEFILE64_SOURCE   -Wno-format-zero-length -Wmissing-declarations -Wno-declaration-after-statement -Wformat-nonliteral -fPIC -pthread -I/build/xen/tools/xl/../../tools/include -I/build/xen/tools/xl/../../tools/include -I/build/xen/tools/xl/../../tools/include -D__XEN_TOOLS__ -I/build/xen/tools/xl/../../tools/include -Wshadow -include /build/xen/tools/xl/../../tools/config.h   -c -o xl_nic.o xl_nic.c 
riscv64-linux-gnu-gcc  -DBUILD_ID -fno-strict-aliasing -std=gnu99 -Wall -Wstrict-prototypes -Wdeclaration-after-statement -Wno-unused-but-set-variable -Wno-unused-local-typedefs   -g3 -Werror -Og -fno-omit-frame-pointer -D__XEN_INTERFACE_VERSION__=__XEN_LATEST_INTERFACE_VERSION__ -MMD -MP -MF .xl_usb.o.d -D_LARGEFILE_SOURCE -D_LARGEFILE64_SOURCE   -Wno-format-zero-length -Wmissing-declarations -Wno-declaration-after-statement -Wformat-nonliteral -fPIC -pthread -I/build/xen/tools/xl/../../tools/include -I/build/xen/tools/xl/../../tools/include -I/build/xen/tools/xl/../../tools/include -D__XEN_TOOLS__ -I/build/xen/tools/xl/../../tools/include -Wshadow -include /build/xen/tools/xl/../../tools/config.h   -c -o xl_usb.o xl_usb.c 
riscv64-linux-gnu-gcc  -DBUILD_ID -fno-strict-aliasing -std=gnu99 -Wall -Wstrict-prototypes -Wdeclaration-after-statement -Wno-unused-but-set-variable -Wno-unused-local-typedefs   -g3 -Werror -Og -fno-omit-frame-pointer -D__XEN_INTERFACE_VERSION__=__XEN_LATEST_INTERFACE_VERSION__ -MMD -MP -MF .xl_sched.o.d -D_LARGEFILE_SOURCE -D_LARGEFILE64_SOURCE   -Wno-format-zero-length -Wmissing-declarations -Wno-declaration-after-statement -Wformat-nonliteral -fPIC -pthread -I/build/xen/tools/xl/../../tools/include -I/build/xen/tools/xl/../../tools/include -I/build/xen/tools/xl/../../tools/include -D__XEN_TOOLS__ -I/build/xen/tools/xl/../../tools/include -Wshadow -include /build/xen/tools/xl/../../tools/config.h   -c -o xl_sched.o xl_sched.c 
riscv64-linux-gnu-gcc  -DBUILD_ID -fno-strict-aliasing -std=gnu99 -Wall -Wstrict-prototypes -Wdeclaration-after-statement -Wno-unused-but-set-variable -Wno-unused-local-typedefs   -g3 -Werror -Og -fno-omit-frame-pointer -D__XEN_INTERFACE_VERSION__=__XEN_LATEST_INTERFACE_VERSION__ -MMD -MP -MF .xl_pci.o.d -D_LARGEFILE_SOURCE -D_LARGEFILE64_SOURCE   -Wno-format-zero-length -Wmissing-declarations -Wno-declaration-after-statement -Wformat-nonliteral -fPIC -pthread -I/build/xen/tools/xl/../../tools/include -I/build/xen/tools/xl/../../tools/include -I/build/xen/tools/xl/../../tools/include -D__XEN_TOOLS__ -I/build/xen/tools/xl/../../tools/include -Wshadow -include /build/xen/tools/xl/../../tools/config.h   -c -o xl_pci.o xl_pci.c 
riscv64-linux-gnu-gcc  -DBUILD_ID -fno-strict-aliasing -std=gnu99 -Wall -Wstrict-prototypes -Wdeclaration-after-statement -Wno-unused-but-set-variable -Wno-unused-local-typedefs   -g3 -Werror -Og -fno-omit-frame-pointer -D__XEN_INTERFACE_VERSION__=__XEN_LATEST_INTERFACE_VERSION__ -MMD -MP -MF .xl_vcpu.o.d -D_LARGEFILE_SOURCE -D_LARGEFILE64_SOURCE   -Wno-format-zero-length -Wmissing-declarations -Wno-declaration-after-statement -Wformat-nonliteral -fPIC -pthread -I/build/xen/tools/xl/../../tools/include -I/build/xen/tools/xl/../../tools/include -I/build/xen/tools/xl/../../tools/include -D__XEN_TOOLS__ -I/build/xen/tools/xl/../../tools/include -Wshadow -include /build/xen/tools/xl/../../tools/config.h   -c -o xl_vcpu.o xl_vcpu.c 
riscv64-linux-gnu-gcc  -DBUILD_ID -fno-strict-aliasing -std=gnu99 -Wall -Wstrict-prototypes -Wdeclaration-after-statement -Wno-unused-but-set-variable -Wno-unused-local-typedefs   -g3 -Werror -Og -fno-omit-frame-pointer -D__XEN_INTERFACE_VERSION__=__XEN_LATEST_INTERFACE_VERSION__ -MMD -MP -MF .xl_cdrom.o.d -D_LARGEFILE_SOURCE -D_LARGEFILE64_SOURCE   -Wno-format-zero-length -Wmissing-declarations -Wno-declaration-after-statement -Wformat-nonliteral -fPIC -pthread -I/build/xen/tools/xl/../../tools/include -I/build/xen/tools/xl/../../tools/include -I/build/xen/tools/xl/../../tools/include -D__XEN_TOOLS__ -I/build/xen/tools/xl/../../tools/include -Wshadow -include /build/xen/tools/xl/../../tools/config.h   -c -o xl_cdrom.o xl_cdrom.c 
riscv64-linux-gnu-gcc  -DBUILD_ID -fno-strict-aliasing -std=gnu99 -Wall -Wstrict-prototypes -Wdeclaration-after-statement -Wno-unused-but-set-variable -Wno-unused-local-typedefs   -g3 -Werror -Og -fno-omit-frame-pointer -D__XEN_INTERFACE_VERSION__=__XEN_LATEST_INTERFACE_VERSION__ -MMD -MP -MF .xl_mem.o.d -D_LARGEFILE_SOURCE -D_LARGEFILE64_SOURCE   -Wno-format-zero-length -Wmissing-declarations -Wno-declaration-after-statement -Wformat-nonliteral -fPIC -pthread -I/build/xen/tools/xl/../../tools/include -I/build/xen/tools/xl/../../tools/include -I/build/xen/tools/xl/../../tools/include -D__XEN_TOOLS__ -I/build/xen/tools/xl/../../tools/include -Wshadow -include /build/xen/tools/xl/../../tools/config.h   -c -o xl_mem.o xl_mem.c 
riscv64-linux-gnu-gcc  -DBUILD_ID -fno-strict-aliasing -std=gnu99 -Wall -Wstrict-prototypes -Wdeclaration-after-statement -Wno-unused-but-set-variable -Wno-unused-local-typedefs   -g3 -Werror -Og -fno-omit-frame-pointer -D__XEN_INTERFACE_VERSION__=__XEN_LATEST_INTERFACE_VERSION__ -MMD -MP -MF .xl_info.o.d -D_LARGEFILE_SOURCE -D_LARGEFILE64_SOURCE   -Wno-format-zero-length -Wmissing-declarations -Wno-declaration-after-statement -Wformat-nonliteral -fPIC -pthread -I/build/xen/tools/xl/../../tools/include -I/build/xen/tools/xl/../../tools/include -I/build/xen/tools/xl/../../tools/include -D__XEN_TOOLS__ -I/build/xen/tools/xl/../../tools/include -Wshadow -include /build/xen/tools/xl/../../tools/config.h   -c -o xl_info.o xl_info.c 
riscv64-linux-gnu-gcc  -DBUILD_ID -fno-strict-aliasing -std=gnu99 -Wall -Wstrict-prototypes -Wdeclaration-after-statement -Wno-unused-but-set-variable -Wno-unused-local-typedefs   -g3 -Werror -Og -fno-omit-frame-pointer -D__XEN_INTERFACE_VERSION__=__XEN_LATEST_INTERFACE_VERSION__ -MMD -MP -MF .xl_console.o.d -D_LARGEFILE_SOURCE -D_LARGEFILE64_SOURCE   -Wno-format-zero-length -Wmissing-declarations -Wno-declaration-after-statement -Wformat-nonliteral -fPIC -pthread -I/build/xen/tools/xl/../../tools/include -I/build/xen/tools/xl/../../tools/include -I/build/xen/tools/xl/../../tools/include -D__XEN_TOOLS__ -I/build/xen/tools/xl/../../tools/include -Wshadow -include /build/xen/tools/xl/../../tools/config.h   -c -o xl_console.o xl_console.c 
riscv64-linux-gnu-gcc  -DBUILD_ID -fno-strict-aliasing -std=gnu99 -Wall -Wstrict-prototypes -Wdeclaration-after-statement -Wno-unused-but-set-variable -Wno-unused-local-typedefs   -g3 -Werror -Og -fno-omit-frame-pointer -D__XEN_INTERFACE_VERSION__=__XEN_LATEST_INTERFACE_VERSION__ -MMD -MP -MF .xl_misc.o.d -D_LARGEFILE_SOURCE -D_LARGEFILE64_SOURCE   -Wno-format-zero-length -Wmissing-declarations -Wno-declaration-after-statement -Wformat-nonliteral -fPIC -pthread -I/build/xen/tools/xl/../../tools/include -I/build/xen/tools/xl/../../tools/include -I/build/xen/tools/xl/../../tools/include -D__XEN_TOOLS__ -I/build/xen/tools/xl/../../tools/include -Wshadow -include /build/xen/tools/xl/../../tools/config.h   -c -o xl_misc.o xl_misc.c 
riscv64-linux-gnu-gcc  -DBUILD_ID -fno-strict-aliasing -std=gnu99 -Wall -Wstrict-prototypes -Wdeclaration-after-statement -Wno-unused-but-set-variable -Wno-unused-local-typedefs   -g3 -Werror -Og -fno-omit-frame-pointer -D__XEN_INTERFACE_VERSION__=__XEN_LATEST_INTERFACE_VERSION__ -MMD -MP -MF .xl_vmcontrol.o.d -D_LARGEFILE_SOURCE -D_LARGEFILE64_SOURCE   -Wno-format-zero-length -Wmissing-declarations -Wno-declaration-after-statement -Wformat-nonliteral -fPIC -pthread -I/build/xen/tools/xl/../../tools/include -I/build/xen/tools/xl/../../tools/include -I/build/xen/tools/xl/../../tools/include -D__XEN_TOOLS__ -I/build/xen/tools/xl/../../tools/include -Wshadow -include /build/xen/tools/xl/../../tools/config.h   -c -o xl_vmcontrol.o xl_vmcontrol.c 
riscv64-linux-gnu-gcc  -DBUILD_ID -fno-strict-aliasing -std=gnu99 -Wall -Wstrict-prototypes -Wdeclaration-after-statement -Wno-unused-but-set-variable -Wno-unused-local-typedefs   -g3 -Werror -Og -fno-omit-frame-pointer -D__XEN_INTERFACE_VERSION__=__XEN_LATEST_INTERFACE_VERSION__ -MMD -MP -MF .xl_saverestore.o.d -D_LARGEFILE_SOURCE -D_LARGEFILE64_SOURCE   -Wno-format-zero-length -Wmissing-declarations -Wno-declaration-after-statement -Wformat-nonliteral -fPIC -pthread -I/build/xen/tools/xl/../../tools/include -I/build/xen/tools/xl/../../tools/include -I/build/xen/tools/xl/../../tools/include -D__XEN_TOOLS__ -I/build/xen/tools/xl/../../tools/include -Wshadow -include /build/xen/tools/xl/../../tools/config.h   -c -o xl_saverestore.o xl_saverestore.c 
riscv64-linux-gnu-gcc  -DBUILD_ID -fno-strict-aliasing -std=gnu99 -Wall -Wstrict-prototypes -Wdeclaration-after-statement -Wno-unused-but-set-variable -Wno-unused-local-typedefs   -g3 -Werror -Og -fno-omit-frame-pointer -D__XEN_INTERFACE_VERSION__=__XEN_LATEST_INTERFACE_VERSION__ -MMD -MP -MF .xl_migrate.o.d -D_LARGEFILE_SOURCE -D_LARGEFILE64_SOURCE   -Wno-format-zero-length -Wmissing-declarations -Wno-declaration-after-statement -Wformat-nonliteral -fPIC -pthread -I/build/xen/tools/xl/../../tools/include -I/build/xen/tools/xl/../../tools/include -I/build/xen/tools/xl/../../tools/include -D__XEN_TOOLS__ -I/build/xen/tools/xl/../../tools/include -Wshadow -include /build/xen/tools/xl/../../tools/config.h   -c -o xl_migrate.o xl_migrate.c 
riscv64-linux-gnu-gcc  -DBUILD_ID -fno-strict-aliasing -std=gnu99 -Wall -Wstrict-prototypes -Wdeclaration-after-statement -Wno-unused-but-set-variable -Wno-unused-local-typedefs   -g3 -Werror -Og -fno-omit-frame-pointer -D__XEN_INTERFACE_VERSION__=__XEN_LATEST_INTERFACE_VERSION__ -MMD -MP -MF .xl_vdispl.o.d -D_LARGEFILE_SOURCE -D_LARGEFILE64_SOURCE   -Wno-format-zero-length -Wmissing-declarations -Wno-declaration-after-statement -Wformat-nonliteral -fPIC -pthread -I/build/xen/tools/xl/../../tools/include -I/build/xen/tools/xl/../../tools/include -I/build/xen/tools/xl/../../tools/include -D__XEN_TOOLS__ -I/build/xen/tools/xl/../../tools/include -Wshadow -include /build/xen/tools/xl/../../tools/config.h   -c -o xl_vdispl.o xl_vdispl.c 
riscv64-linux-gnu-gcc  -DBUILD_ID -fno-strict-aliasing -std=gnu99 -Wall -Wstrict-prototypes -Wdeclaration-after-statement -Wno-unused-but-set-variable -Wno-unused-local-typedefs   -g3 -Werror -Og -fno-omit-frame-pointer -D__XEN_INTERFACE_VERSION__=__XEN_LATEST_INTERFACE_VERSION__ -MMD -MP -MF .xl_vsnd.o.d -D_LARGEFILE_SOURCE -D_LARGEFILE64_SOURCE   -Wno-format-zero-length -Wmissing-declarations -Wno-declaration-after-statement -Wformat-nonliteral -fPIC -pthread -I/build/xen/tools/xl/../../tools/include -I/build/xen/tools/xl/../../tools/include -I/build/xen/tools/xl/../../tools/include -D__XEN_TOOLS__ -I/build/xen/tools/xl/../../tools/include -Wshadow -include /build/xen/tools/xl/../../tools/config.h   -c -o xl_vsnd.o xl_vsnd.c 
riscv64-linux-gnu-gcc  -DBUILD_ID -fno-strict-aliasing -std=gnu99 -Wall -Wstrict-prototypes -Wdeclaration-after-statement -Wno-unused-but-set-variable -Wno-unused-local-typedefs   -g3 -Werror -Og -fno-omit-frame-pointer -D__XEN_INTERFACE_VERSION__=__XEN_LATEST_INTERFACE_VERSION__ -MMD -MP -MF .xl_vkb.o.d -D_LARGEFILE_SOURCE -D_LARGEFILE64_SOURCE   -Wno-format-zero-length -Wmissing-declarations -Wno-declaration-after-statement -Wformat-nonliteral -fPIC -pthread -I/build/xen/tools/xl/../../tools/include -I/build/xen/tools/xl/../../tools/include -I/build/xen/tools/xl/../../tools/include -D__XEN_TOOLS__ -I/build/xen/tools/xl/../../tools/include -Wshadow -include /build/xen/tools/xl/../../tools/config.h   -c -o xl_vkb.o xl_vkb.c 
riscv64-linux-gnu-gcc     -pthread -o xl xl.o xl_cmdtable.o xl_sxp.o xl_utils.o  xl_parse.o xl_cpupool.o xl_flask.o xl_vtpm.o xl_block.o xl_nic.o xl_usb.o xl_sched.o xl_pci.o xl_vcpu.o xl_cdrom.o xl_mem.o xl_info.o xl_console.o xl_misc.o xl_vmcontrol.o xl_saverestore.o xl_migrate.o xl_vdispl.o xl_vsnd.o xl_vkb.o         -Wl,-rpath-link=/build/xen/tools/xl/../../tools/libs/call -Wl,-rpath-link=/build/xen/tools/xl/../../tools/libs/ctrl -Wl,-rpath-link=/build/xen/tools/xl/../../tools/libs/devicemodel -Wl,-rpath-link=/build/xen/tools/xl/../../tools/libs/evtchn -Wl,-rpath-link=/build/xen/tools/xl/../../tools/libs/foreignmemory -Wl,-rpath-link=/build/xen/tools/xl/../../tools/libs/gnttab -Wl,-rpath-link=/build/xen/tools/xl/../../tools/libs/guest -Wl,-rpath-link=/build/xen/tools/xl/../../tools/libs/hypfs -Wl,-rpath-link=/build/xen/tools/xl/../../tools/libs/light -Wl,-rpath-link=/build/xen/tools/xl/../../tools/libs/store -Wl,-rpath-link=/build/xen/tools/xl/../../tools/libs/toolcore -Wl,-rpath-link=/build/xen/tools/xl/../../tools/libs/toollog      /build/xen/tools/xl/../../tools/libs/util/libxlutil.so          -Wl,-rpath-link=/build/xen/tools/xl/../../tools/libs/call -Wl,-rpath-link=/build/xen/tools/xl/../../tools/libs/ctrl -Wl,-rpath-link=/build/xen/tools/xl/../../tools/libs/devicemodel -Wl,-rpath-link=/build/xen/tools/xl/../../tools/libs/evtchn -Wl,-rpath-link=/build/xen/tools/xl/../../tools/libs/foreignmemory -Wl,-rpath-link=/build/xen/tools/xl/../../tools/libs/gnttab -Wl,-rpath-link=/build/xen/tools/xl/../../tools/libs/guest -Wl,-rpath-link=/build/xen/tools/xl/../../tools/libs/hypfs -Wl,-rpath-link=/build/xen/tools/xl/../../tools/libs/store -Wl,-rpath-link=/build/xen/tools/xl/../../tools/libs/toolcore -Wl,-rpath-link=/build/xen/tools/xl/../../tools/libs/toollog      /build/xen/tools/xl/../../tools/libs/light/libxenlight.so                /build/xen/tools/xl/../../tools/libs/toollog/libxentoollog.so  -lyajl 
/build/xen/tools/xl/../../tools/cross-install -d -m0755 -p /build/xen/dist/install
/build/xen/tools/xl/../../tools/cross-install -d -m0755 -p /build/xen/dist/install
/build/xen/tools/xl/../../tools/cross-install -m0755 -p xl /build/xen/dist/install
/build/xen/tools/xl/../../tools/cross-install -m0644 -p bash-completion /build/xen/dist/install/xl
make[5]: Leaving directory '/build/xen/tools/xl'
make[4]: Leaving directory '/build/xen/tools'
make[4]: Entering directory '/build/xen/tools'
make -C helpers install
make[5]: Entering directory '/build/xen/tools/helpers'
riscv64-linux-gnu-gcc  -DBUILD_ID -fno-strict-aliasing -std=gnu99 -Wall -Wstrict-prototypes -Wdeclaration-after-statement -Wno-unused-but-set-variable -Wno-unused-local-typedefs   -g3 -Werror -Og -fno-omit-frame-pointer -D__XEN_INTERFACE_VERSION__=__XEN_LATEST_INTERFACE_VERSION__ -MMD -MP -MF .xen-init-dom0.o.d -D_LARGEFILE_SOURCE -D_LARGEFILE64_SOURCE   -I/build/xen/tools/helpers/../../tools/include -I/build/xen/tools/helpers/../../tools/include -I/build/xen/tools/helpers/../../tools/include -I/build/xen/tools/helpers/../../tools/include -D__XEN_TOOLS__ -I/build/xen/tools/helpers/../../tools/include -D__XEN_TOOLS__  -c -o xen-init-dom0.o xen-init-dom0.c 
riscv64-linux-gnu-gcc  -DBUILD_ID -fno-strict-aliasing -std=gnu99 -Wall -Wstrict-prototypes -Wdeclaration-after-statement -Wno-unused-but-set-variable -Wno-unused-local-typedefs   -g3 -Werror -Og -fno-omit-frame-pointer -D__XEN_INTERFACE_VERSION__=__XEN_LATEST_INTERFACE_VERSION__ -MMD -MP -MF .init-dom-json.o.d -D_LARGEFILE_SOURCE -D_LARGEFILE64_SOURCE   -I/build/xen/tools/helpers/../../tools/include -I/build/xen/tools/helpers/../../tools/include -I/build/xen/tools/helpers/../../tools/include -I/build/xen/tools/helpers/../../tools/include -D__XEN_TOOLS__ -I/build/xen/tools/helpers/../../tools/include -D__XEN_TOOLS__ -I/build/xen/tools/helpers/../../tools/include -I/build/xen/tools/helpers/../../tools/include -I/build/xen/tools/helpers/../../tools/include -D__XEN_TOOLS__ -I/build/xen/tools/helpers/../../tools/include -I/build/xen/tools/helpers/../../tools/include -I/build/xen/tools/helpers/../../tools/include -D__XEN_TOOLS__ -include /build/xen/tools/helpers/../../tools/config.h -I/build/xen/tools/helpers/../../tools/include -I/build/xen/tools/helpers/../../tools/include -I/build/xen/tools/helpers/../../tools/include -I/build/xen/tools/helpers/../../tools/include -D__XEN_TOOLS__ -I/build/xen/tools/helpers/../../tools/include -D__XEN_TOOLS__ -I/build/xen/tools/helpers/../../tools/include  -c -o init-dom-json.o init-dom-json.c 
riscv64-linux-gnu-gcc     -o xen-init-dom0 xen-init-dom0.o init-dom-json.o         -Wl,-rpath-link=/build/xen/tools/helpers/../../tools/libs/call -Wl,-rpath-link=/build/xen/tools/helpers/../../tools/libs/ctrl -Wl,-rpath-link=/build/xen/tools/helpers/../../tools/libs/devicemodel -Wl,-rpath-link=/build/xen/tools/helpers/../../tools/libs/evtchn -Wl,-rpath-link=/build/xen/tools/helpers/../../tools/libs/foreignmemory -Wl,-rpath-link=/build/xen/tools/helpers/../../tools/libs/gnttab -Wl,-rpath-link=/build/xen/tools/helpers/../../tools/libs/guest -Wl,-rpath-link=/build/xen/tools/helpers/../../tools/libs/hypfs -Wl,-rpath-link=/build/xen/tools/helpers/../../tools/libs/store -Wl,-rpath-link=/build/xen/tools/helpers/../../tools/libs/toolcore -Wl,-rpath-link=/build/xen/tools/helpers/../../tools/libs/toollog      /build/xen/tools/helpers/../../tools/libs/ctrl/libxenctrl.so  /build/xen/tools/helpers/../../tools/libs/toollog/libxentoollog.so  /build/xen/tools/helpers/../../tools/libs/store/libxenstore.so  /build/xen/tools/helpers/../../tools/libs/light/libxenlight.so   -ldl  
/build/xen/tools/helpers/../../tools/cross-install -d -m0755 -p /build/xen/dist/install
for i in xen-init-dom0; do /build/xen/tools/helpers/../../tools/cross-install -m0755 -p $i /build/xen/dist/install; done
make[5]: Leaving directory '/build/xen/tools/helpers'
make[4]: Leaving directory '/build/xen/tools'
make[4]: Entering directory '/build/xen/tools'
make -C tests install
make[5]: Entering directory '/build/xen/tools/tests'
make[6]: Entering directory '/build/xen/tools/tests'
make -C resource install
make[7]: Entering directory '/build/xen/tools/tests/resource'
riscv64-linux-gnu-gcc  -DBUILD_ID -fno-strict-aliasing -std=gnu99 -Wall -Wstrict-prototypes -Wdeclaration-after-statement -Wno-unused-but-set-variable -Wno-unused-local-typedefs   -g3 -Werror -Og -fno-omit-frame-pointer -D__XEN_INTERFACE_VERSION__=__XEN_LATEST_INTERFACE_VERSION__ -MMD -MP -MF .test-resource.o.d -D_LARGEFILE_SOURCE -D_LARGEFILE64_SOURCE   -I/build/xen/tools/tests/resource/../../../tools/include -I/build/xen/tools/tests/resource/../../../tools/include -D__XEN_TOOLS__  -I/build/xen/tools/tests/resource/../../../tools/include   -c -o test-resource.o test-resource.c 
riscv64-linux-gnu-gcc -o test-resource test-resource.o             -Wl,-rpath-link=/build/xen/tools/tests/resource/../../../tools/libs/call -Wl,-rpath-link=/build/xen/tools/tests/resource/../../../tools/libs/devicemodel -Wl,-rpath-link=/build/xen/tools/tests/resource/../../../tools/libs/evtchn -Wl,-rpath-link=/build/xen/tools/tests/resource/../../../tools/libs/foreignmemory -Wl,-rpath-link=/build/xen/tools/tests/resource/../../../tools/libs/gnttab -Wl,-rpath-link=/build/xen/tools/tests/resource/../../../tools/libs/toolcore -Wl,-rpath-link=/build/xen/tools/tests/resource/../../../tools/libs/toollog      /build/xen/tools/tests/resource/../../../tools/libs/ctrl/libxenctrl.so          -Wl,-rpath-link=/build/xen/tools/tests/resource/../../../tools/libs/toolcore -Wl,-rpath-link=/build/xen/tools/tests/resource/../../../tools/libs/toollog      /build/xen/tools/tests/resource/../../../tools/libs/foreignmemory/libxenforeignmemory.so          -Wl,-rpath-link=/build/xen/tools/tests/resource/../../../tools/libs/toolcore -Wl,-rpath-link=/build/xen/tools/tests/resource/../../../tools/libs/toollog      /build/xen/tools/tests/resource/../../../tools/libs/gnttab/libxengnttab.so  
/build/xen/tools/tests/resource/../../../tools/cross-install -d -m0755 -p /build/xen/dist/install
/build/xen/tools/tests/resource/../../../tools/cross-install -m0755 -p test-resource /build/xen/dist/install
make[7]: Leaving directory '/build/xen/tools/tests/resource'
make[6]: Leaving directory '/build/xen/tools/tests'
make[6]: Entering directory '/build/xen/tools/tests'
make -C xenstore install
make[7]: Entering directory '/build/xen/tools/tests/xenstore'
riscv64-linux-gnu-gcc  -DBUILD_ID -fno-strict-aliasing -std=gnu99 -Wall -Wstrict-prototypes -Wdeclaration-after-statement -Wno-unused-but-set-variable -Wno-unused-local-typedefs   -g3 -Werror -Og -fno-omit-frame-pointer -D__XEN_INTERFACE_VERSION__=__XEN_LATEST_INTERFACE_VERSION__ -MMD -MP -MF .test-xenstore.o.d -D_LARGEFILE_SOURCE -D_LARGEFILE64_SOURCE   -I/build/xen/tools/tests/xenstore/../../../tools/include   -c -o test-xenstore.o test-xenstore.c 
riscv64-linux-gnu-gcc -o test-xenstore test-xenstore.o             -Wl,-rpath-link=/build/xen/tools/tests/xenstore/../../../tools/libs/toolcore      /build/xen/tools/tests/xenstore/../../../tools/libs/store/libxenstore.so -ldl  -Wl,--as-needed -lc -lrt
/build/xen/tools/tests/xenstore/../../../tools/cross-install -d -m0755 -p /build/xen/dist/install
/build/xen/tools/tests/xenstore/../../../tools/cross-install -m0755 -p test-xenstore /build/xen/dist/install
make[7]: Leaving directory '/build/xen/tools/tests/xenstore'
make[6]: Leaving directory '/build/xen/tools/tests'
make[6]: Entering directory '/build/xen/tools/tests'
make -C depriv install
make[7]: Entering directory '/build/xen/tools/tests/depriv'
riscv64-linux-gnu-gcc  -DBUILD_ID -fno-strict-aliasing -std=gnu99 -Wall -Wstrict-prototypes -Wdeclaration-after-statement -Wno-unused-but-set-variable -Wno-unused-local-typedefs   -g3 -Werror -Og -fno-omit-frame-pointer -D__XEN_INTERFACE_VERSION__=__XEN_LATEST_INTERFACE_VERSION__ -MMD -MP -MF .depriv-fd-checker.o.d -D_LARGEFILE_SOURCE -D_LARGEFILE64_SOURCE   -Wno-declaration-after-statement -I/build/xen/tools/tests/depriv/../../../tools/include -I/build/xen/tools/tests/depriv/../../../tools/include -D__XEN_TOOLS__ -I/build/xen/tools/tests/depriv/../../../tools/include -I/build/xen/tools/tests/depriv/../../../tools/include -I/build/xen/tools/tests/depriv/../../../tools/include -I/build/xen/tools/tests/depriv/../../../tools/include -I/build/xen/tools/tests/depriv/../../../tools/include -I/build/xen/tools/tests/depriv/../../../tools/include -I/build/xen/tools/tests/depriv/../../../tools/include  -c -o depriv-fd-checker.o depriv-fd-checker.c 
riscv64-linux-gnu-gcc     -o depriv-fd-checker depriv-fd-checker.o          -Wl,-rpath-link=/build/xen/tools/tests/depriv/../../../tools/libs/call -Wl,-rpath-link=/build/xen/tools/tests/depriv/../../../tools/libs/devicemodel -Wl,-rpath-link=/build/xen/tools/tests/depriv/../../../tools/libs/evtchn -Wl,-rpath-link=/build/xen/tools/tests/depriv/../../../tools/libs/foreignmemory -Wl,-rpath-link=/build/xen/tools/tests/depriv/../../../tools/libs/gnttab -Wl,-rpath-link=/build/xen/tools/tests/depriv/../../../tools/libs/toolcore -Wl,-rpath-link=/build/xen/tools/tests/depriv/../../../tools/libs/toollog      /build/xen/tools/tests/depriv/../../../tools/libs/ctrl/libxenctrl.so          -Wl,-rpath-link=/build/xen/tools/tests/depriv/../../../tools/libs/toolcore -Wl,-rpath-link=/build/xen/tools/tests/depriv/../../../tools/libs/toollog      /build/xen/tools/tests/depriv/../../../tools/libs/call/libxencall.so          -Wl,-rpath-link=/build/xen/tools/tests/depriv/../../../tools/libs/toolcore -Wl,-rpath-link=/build/xen/tools/tests/depriv/../../../tools/libs/toollog      /build/xen/tools/tests/depriv/../../../tools/libs/evtchn/libxenevtchn.so          -Wl,-rpath-link=/build/xen/tools/tests/depriv/../../../tools/libs/toolcore -Wl,-rpath-link=/build/xen/tools/tests/depriv/../../../tools/libs/toollog      /build/xen/tools/tests/depriv/../../../tools/libs/gnttab/libxengnttab.so          -Wl,-rpath-link=/build/xen/tools/tests/depriv/../../../tools/libs/toolcore -Wl,-rpath-link=/build/xen/tools/tests/depriv/../../../tools/libs/toollog      /build/xen/tools/tests/depriv/../../../tools/libs/foreignmemory/libxenforeignmemory.so          -Wl,-rpath-link=/build/xen/tools/tests/depriv/../../../tools/libs/call -Wl,-rpath-link=/build/xen/tools/tests/depriv/../../../tools/libs/toolcore -Wl,-rpath-link=/build/xen/tools/tests/depriv/../../../tools/libs/toollog      /build/xen/tools/tests/depriv/../../../tools/libs/devicemodel/libxendevicemodel.so                /build/xen/tools/tests/depriv/../../../tools/libs/toolcore/libxentoolcore.so                /build/xen/tools/tests/depriv/../../../tools/libs/toollog/libxentoollog.so  
/build/xen/tools/tests/depriv/../../../tools/cross-install -d -m0755 -p /build/xen/dist/install
/build/xen/tools/tests/depriv/../../../tools/cross-install -m0755 -p depriv-fd-checker /build/xen/dist/install
make[7]: Leaving directory '/build/xen/tools/tests/depriv'
make[6]: Leaving directory '/build/xen/tools/tests'
make[6]: Entering directory '/build/xen/tools/tests'
make -C vpci install
make[7]: Entering directory '/build/xen/tools/tests/vpci'
make[7]: Nothing to be done for 'install'.
make[7]: Leaving directory '/build/xen/tools/tests/vpci'
make[6]: Leaving directory '/build/xen/tools/tests'
make[6]: Entering directory '/build/xen/tools/tests'
make -C paging-mempool install
make[7]: Entering directory '/build/xen/tools/tests/paging-mempool'
riscv64-linux-gnu-gcc  -DBUILD_ID -fno-strict-aliasing -std=gnu99 -Wall -Wstrict-prototypes -Wdeclaration-after-statement -Wno-unused-but-set-variable -Wno-unused-local-typedefs   -g3 -Werror -Og -fno-omit-frame-pointer -D__XEN_INTERFACE_VERSION__=__XEN_LATEST_INTERFACE_VERSION__ -MMD -MP -MF .test-paging-mempool.o.d -D_LARGEFILE_SOURCE -D_LARGEFILE64_SOURCE   -I/build/xen/tools/tests/paging-mempool/../../../tools/include -I/build/xen/tools/tests/paging-mempool/../../../tools/include -D__XEN_TOOLS__   -c -o test-paging-mempool.o test-paging-mempool.c 
riscv64-linux-gnu-gcc -o test-paging-mempool test-paging-mempool.o             -Wl,-rpath-link=/build/xen/tools/tests/paging-mempool/../../../tools/libs/call -Wl,-rpath-link=/build/xen/tools/tests/paging-mempool/../../../tools/libs/devicemodel -Wl,-rpath-link=/build/xen/tools/tests/paging-mempool/../../../tools/libs/evtchn -Wl,-rpath-link=/build/xen/tools/tests/paging-mempool/../../../tools/libs/foreignmemory -Wl,-rpath-link=/build/xen/tools/tests/paging-mempool/../../../tools/libs/gnttab -Wl,-rpath-link=/build/xen/tools/tests/paging-mempool/../../../tools/libs/toolcore -Wl,-rpath-link=/build/xen/tools/tests/paging-mempool/../../../tools/libs/toollog      /build/xen/tools/tests/paging-mempool/../../../tools/libs/ctrl/libxenctrl.so  
/build/xen/tools/tests/paging-mempool/../../../tools/cross-install -d -m0755 -p /build/xen/dist/install
/build/xen/tools/tests/paging-mempool/../../../tools/cross-install -m0755 -p test-paging-mempool /build/xen/dist/install
make[7]: Leaving directory '/build/xen/tools/tests/paging-mempool'
make[6]: Leaving directory '/build/xen/tools/tests'
make[5]: Leaving directory '/build/xen/tools/tests'
make[4]: Leaving directory '/build/xen/tools'
make[4]: Entering directory '/build/xen/tools'
make -C python install
make[5]: Entering directory '/build/xen/tools/python'
/build/xen/tools/python/../../tools/cross-install -d -m0755 -p /build/xen/dist/install
CC="riscv64-linux-gnu-gcc" CFLAGS="-DBUILD_ID -fno-strict-aliasing -std=gnu99 -Wall -Wstrict-prototypes -Wdeclaration-after-statement -Wno-unused-but-set-variable -Wno-unused-local-typedefs   -g3 -Werror -Og -fno-omit-frame-pointer -D__XEN_INTERFACE_VERSION__=__XEN_LATEST_INTERFACE_VERSION__ -MMD -MP -MF .install.d -D_LARGEFILE_SOURCE -D_LARGEFILE64_SOURCE   " LDSHARED="riscv64-linux-gnu-gcc" LDFLAGS="-shared " SHLIB_libxenctrl="    -Wl,-rpath-link=/build/xen/tools/python/../../tools/libs/call -Wl,-rpath-link=/build/xen/tools/python/../../tools/libs/devicemodel -Wl,-rpath-link=/build/xen/tools/python/../../tools/libs/evtchn -Wl,-rpath-link=/build/xen/tools/python/../../tools/libs/foreignmemory -Wl,-rpath-link=/build/xen/tools/python/../../tools/libs/gnttab -Wl,-rpath-link=/build/xen/tools/python/../../tools/libs/toolcore -Wl,-rpath-link=/build/xen/tools/python/../../tools/libs/toollog -Wl,-rpath-link=/build/xen/tools/python/../../tools/libs/ctrl" SHLIB_libxenguest="    -Wl,-rpath-link=/build/xen/tools/python/../../tools/libs/call -Wl,-rpath-link=/build/xen/tools/python/../../tools/libs/ctrl -Wl,-rpath-link=/build/xen/tools/python/../../tools/libs/devicemodel -Wl,-rpath-link=/build/xen/tools/python/../../tools/libs/evtchn -Wl,-rpath-link=/build/xen/tools/python/../../tools/libs/foreignmemory -Wl,-rpath-link=/build/xen/tools/python/../../tools/libs/gnttab -Wl,-rpath-link=/build/xen/tools/python/../../tools/libs/toolcore -Wl,-rpath-link=/build/xen/tools/python/../../tools/libs/toollog -Wl,-rpath-link=/build/xen/tools/python/../../tools/libs/guest" SHLIB_libxenstore="    -Wl,-rpath-link=/build/xen/tools/python/../../tools/libs/toolcore -Wl,-rpath-link=/build/xen/tools/python/../../tools/libs/store" python3 setup.py install --record build/installed_files.txt --prefix="" \
	--root="/build/xen/dist/install" --force
/usr/lib/python3/dist-packages/setuptools/_distutils/cmd.py:90: SetuptoolsDeprecationWarning: setup.py install is deprecated.
!!

        ********************************************************************************
        Please avoid running ``setup.py`` directly.
        Instead, use pypa/build, pypa/installer or other
        standards-based tools.

        See https://blog.ganssle.io/articles/2021/10/setup-py-deprecated.html for details.
        ********************************************************************************

!!
  self.initialize_options()
/build/xen/tools/python/../../tools/python/install-wrap "/usr/bin/python3 -s" /build/xen/tools/python/../../tools/cross-install -m0755 -p scripts/convert-legacy-stream /build/xen/dist/install
/build/xen/tools/python/../../tools/python/install-wrap "/usr/bin/python3 -s" /build/xen/tools/python/../../tools/cross-install -m0755 -p scripts/verify-stream-v2 /build/xen/dist/install
make[5]: Leaving directory '/build/xen/tools/python'
make[4]: Leaving directory '/build/xen/tools'
make[4]: Entering directory '/build/xen/tools'
make -C pygrub install
make[5]: Entering directory '/build/xen/tools/pygrub'
CC="riscv64-linux-gnu-gcc" CFLAGS="-DBUILD_ID -fno-strict-aliasing -std=gnu99 -Wall -Wstrict-prototypes -Wdeclaration-after-statement -Wno-unused-but-set-variable -Wno-unused-local-typedefs   -g3 -Werror -Og -fno-omit-frame-pointer -D__XEN_INTERFACE_VERSION__=__XEN_LATEST_INTERFACE_VERSION__ -MMD -MP -MF .build.d -D_LARGEFILE_SOURCE -D_LARGEFILE64_SOURCE   " LDSHARED="riscv64-linux-gnu-gcc" LDFLAGS="-shared " python3 setup.py build
/build/xen/tools/pygrub/../../tools/cross-install -d -m0755 -p /build/xen/dist/install/
/build/xen/tools/pygrub/../../tools/cross-install -d -m0755 -p /build/xen/dist/install/
CC="riscv64-linux-gnu-gcc" CFLAGS="-DBUILD_ID -fno-strict-aliasing -std=gnu99 -Wall -Wstrict-prototypes -Wdeclaration-after-statement -Wno-unused-but-set-variable -Wno-unused-local-typedefs   -g3 -Werror -Og -fno-omit-frame-pointer -D__XEN_INTERFACE_VERSION__=__XEN_LATEST_INTERFACE_VERSION__ -MMD -MP -MF .install.d -D_LARGEFILE_SOURCE -D_LARGEFILE64_SOURCE   " LDSHARED="riscv64-linux-gnu-gcc" LDFLAGS="-shared " python3 setup.py install --record build/installed_files.txt --prefix="" \
	--root="/build/xen/dist/install" --force
/usr/lib/python3/dist-packages/setuptools/_distutils/cmd.py:90: SetuptoolsDeprecationWarning: setup.py install is deprecated.
!!

        ********************************************************************************
        Please avoid running ``setup.py`` directly.
        Instead, use pypa/build, pypa/installer or other
        standards-based tools.

        See https://blog.ganssle.io/articles/2021/10/setup-py-deprecated.html for details.
        ********************************************************************************

!!
  self.initialize_options()
/build/xen/tools/pygrub/../../tools/python/install-wrap "/usr/bin/python3 -s" /build/xen/tools/pygrub/../../tools/cross-install -m0755 -p src/pygrub /build/xen/dist/install//pygrub
set -e; if [  !=  -a \
             "`readlink -f /build/xen/dist/install/`" != \
             "`readlink -f `" ]; then \
    ln -sf /pygrub /build/xen/dist/install/; \
fi
readlink: missing operand
Try 'readlink --help' for more information.
make[5]: Leaving directory '/build/xen/tools/pygrub'
make[4]: Leaving directory '/build/xen/tools'
make[3]: Leaving directory '/build/xen/tools'
make[2]: Leaving directory '/build/xen/tools'
make[1]: Leaving directory '/build/xen'
cp /tmp/cfg/config_xen.status /build/xen/config.status && cd /build/xen && bash ./config.status
config.status: creating config/Toplevel.mk
config.status: creating config/Paths.mk
make -C /build/xen -j20 dist-xen
make[1]: Entering directory '/build/xen'
make -C xen install
make[2]: Entering directory '/build/xen/xen'
  HOSTCC  tools/fixdep
  HOSTCC  tools/kconfig/conf.o
  HOSTCC  tools/kconfig/confdata.o
  HOSTCC  tools/kconfig/expr.o
  LEX     tools/kconfig/lexer.lex.c
  YACC    tools/kconfig/parser.tab.[ch]
  HOSTCC  tools/kconfig/preprocess.o
  HOSTCC  tools/kconfig/symbol.o
  HOSTCC  tools/kconfig/lexer.lex.o
  HOSTCC  tools/kconfig/parser.tab.o
  HOSTLD  tools/kconfig/conf
*** Default configuration is based on 'riscv64_defconfig'
arch/riscv/configs/riscv64_defconfig:15:warning: override: reassigning to symbol HYPFS
arch/riscv/configs/riscv64_defconfig:22:warning: override: reassigning to symbol TRACEBUFFER
arch/riscv/configs/riscv64_defconfig:34:warning: override: reassigning to symbol SCHED_NULL
#
# configuration written to .config
#
tools/kconfig/conf  --syncconfig Kconfig
  HOSTCC  tools/symbols
  BANNER  .banner
  UPD     include/xen/compile.h
 Xen 4.18-unstable
  CPP     include/hypercall-defs.i
  GEN     include/xen/hypercall-defs.h
make[3]: Nothing to be done for 'include'.
riscv64-linux-gnu-gcc -MMD -MP -MF ./.asm-offsets.s.d -DBUILD_ID -fno-strict-aliasing -std=gnu99 -Wall -Wstrict-prototypes -Wdeclaration-after-statement -Wno-unused-but-set-variable -Wno-unused-local-typedefs -O1 -fno-omit-frame-pointer -nostdinc -fno-builtin -fno-common -Werror -Wredundant-decls -Wno-pointer-arith -Wvla -pipe -D__XEN__ -include ./include/xen/config.h -g -I./include -I./arch/riscv/include -fno-pie -fno-stack-protector -fno-exceptions -fno-asynchronous-unwind-tables -mabi=lp64 -march=rv64gc_h_zbb_zihintpause -mstrict-align -mcmodel=medany -S -g0 -o asm-offsets.s.new -MQ asm-offsets.s arch/riscv/riscv64/asm-offsets.c
if ! cmp -s asm-offsets.s.new asm-offsets.s; then mv -f asm-offsets.s.new asm-offsets.s; else rm -f asm-offsets.s.new; fi
  CC      xsm/xsm_core.o
  CC      lib/bsearch.o
  CC      arch/riscv/aplic.o
  CC      arch/riscv/cpufeature.o
  CC      lib/ctors.o
  CC      lib/ctype.o
  CC      arch/riscv/delay.o
  CC      lib/list-sort.o
  CC      arch/riscv/device.o
  CC      lib/memchr.o
  CC      lib/memchr_inv.o
  CC      lib/memcmp.o
  CC      arch/riscv/domain.o
  CC      lib/memcpy.o
  CC      arch/riscv/domain_build.o
  CC      lib/memmove.o
  CC      common/symbols-dummy.o
  CC      arch/riscv/domctl.o
  CC      lib/memset.o
  CC      arch/riscv/early_printk.o
  CC      lib/muldiv64.o
  CC      common/bitmap.o
  CC      arch/riscv/entry.o
  CC      arch/riscv/fdtdump.o
  CC      lib/parse-size.o
  CC      lib/rbtree.o
  CC      arch/riscv/gic.o
  CC      lib/sort.o
  CC      common/bootfdt.o
  CC      common/cpu.o
  CC      common/device_tree.o
  CC      common/domain.o
  CC      lib/strcasecmp.o
  CC      drivers/char/console.o
  CC      arch/riscv/guestcopy.o
  CC      arch/riscv/imsic.o
  CC      common/event_2l.o
  CC      drivers/char/ns16550.o
  CC      lib/strchr.o
  CC      drivers/passthrough/iommu.o
  CC      arch/riscv/efi/common-stub.o
  CC      common/event_channel.o
  CC      common/event_fifo.o
  CC      lib/strcmp.o
  LD      xsm/built_in.o
  CC      common/grant_table.o
  CC      arch/riscv/irq.o
  LD      arch/riscv/efi/built_in.o
  CC      arch/riscv/kernel.o
  CC      lib/strlcat.o
  CC      drivers/passthrough/device_tree.o
  CC      drivers/char/serial.o
  CC      lib/strlcpy.o
  CC      drivers/passthrough/riscv/iommu.o
  CC      arch/riscv/mm.o
  CC      lib/strlen.o
  CC      common/guestcopy.o
  CC      common/irq.o
  CC      arch/riscv/percpu.o
  CC      drivers/passthrough/riscv/iommu_fwspec.o
  CC      lib/strncasecmp.o
  CC      arch/riscv/p2m.o
  CC      lib/strncmp.o
  CC      lib/strnlen.o
  CC      lib/strpbrk.o
  CC      arch/riscv/lib/find_next_bit.o
  CC      lib/strrchr.o
  CC      arch/riscv/plic.o
  CC      lib/strsep.o
  CC      lib/strspn.o
  CC      lib/strstr.o
  CC      common/kernel.o
  LD      drivers/passthrough/riscv/built_in.o
  CC      common/keyhandler.o
  CC      lib/built_in.o
  CC      arch/riscv/sbi.o
  AR      lib/lib.a
  CC      common/memory.o
  LD      drivers/passthrough/built_in.o
  CC      common/mm.o
  LD      arch/riscv/lib/built_in.o
  CC      common/multicall.o
  CC      arch/riscv/setup.o
  CC      common/notifier.o
  CC      common/page_alloc.o
  CC      common/pdx.o
  CC      common/preempt.o
  CC      arch/riscv/shutdown.o
  CC      common/random.o
  CC      arch/riscv/riscv64/head.o
  CC      common/rangeset.o
  CC      common/radix-tree.o
  LD      arch/riscv/riscv64/built_in.o
  CC      common/rcupdate.o
  CC      arch/riscv/smp.o
  CC      arch/riscv/smpboot.o
  CC      common/rwlock.o
  CC      arch/riscv/sysctl.o
  CC      common/setup.o
  CC      common/shutdown.o
  CC      arch/riscv/time.o
  LD      drivers/char/built_in.o
  CC      arch/riscv/traps.o
  CC      arch/riscv/uart.o
  LD      drivers/built_in.o
  CC      common/softirq.o
  CC      common/smp.o
  CC      arch/riscv/vaplic.o
  CC      arch/riscv/vm_event.o
  CC      common/spinlock.o
  CC      common/stop_machine.o
  CC      common/symbols.o
  CC      arch/riscv/vplic.o
  CC      arch/riscv/vtimer.o
  CC      arch/riscv/vsbi.o
  CC      common/tasklet.o
  CC      common/time.o
  CC      arch/riscv/vsbi_uart.o
  CC      arch/riscv/addr_translation.o
  CC      common/timer.o
  CC      common/version.o
  CC      arch/riscv/hvm.o
  CC      common/virtual_region.o
  CC      common/vm_event.o
  CC      common/vmap.o
  CC      common/vsprintf.o
  CC      common/wait.o
  CC      common/xmalloc_tlsf.o
  CC      common/domctl.o
  CC      common/monitor.o
  CC      common/sysctl.o
  CC      common/gunzip.o
  CC      common/pmap.o
  CC      common/warning.o
  INIT_O  common/pmap.init.o
  LD      arch/riscv/built_in.o
  CC      common/sched/boot-cpupool.o
  CC      common/sched/cpupool.o
  CC      common/sched/credit2.o
  CC      common/sched/null.o
  CC      common/libfdt/fdt.o
  CC      common/libfdt/fdt_ro.o
  INIT_O  common/warning.init.o
  CC      common/sched/core.o
  CC      common/libfdt/fdt_wip.o
  CC      common/libfdt/fdt_sw.o
  CC      common/libfdt/fdt_rw.o
  CC      common/libfdt/fdt_strerror.o
  CC      common/libfdt/fdt_empty_tree.o
  CC      common/libfdt/fdt_addresses.o
  CC      common/libfdt/fdt_overlay.o
  CC      common/libfdt/fdt_check.o
  INIT_O  common/sched/boot-cpupool.init.o
  INIT_O  common/gunzip.init.o
  LD      common/libfdt/libfdt-temp.o
  OBJCOPY common/libfdt/libfdt.o
  LD      common/libfdt/built_in.o
  LD      common/sched/built_in.o
  LD      common/built_in.o
  LD      prelink.o
  LDS     arch/riscv/xen.lds
riscv64-linux-gnu-ld     --no-warn-rwx-segments -T arch/riscv/xen.lds -N prelink.o \
    ./common/symbols-dummy.o -o ./.xen-syms.0
riscv64-linux-gnu-nm -pa --format=sysv ./.xen-syms.0 \
	| ./tools/symbols  --sysv --sort >./.xen-syms.0.S
make -f ./Rules.mk obj=. ./.xen-syms.0.o
  CC      .xen-syms.0.o
riscv64-linux-gnu-ld     --no-warn-rwx-segments -T arch/riscv/xen.lds -N prelink.o \
    ./.xen-syms.0.o -o ./.xen-syms.1
riscv64-linux-gnu-nm -pa --format=sysv ./.xen-syms.1 \
	| ./tools/symbols  --sysv --sort >./.xen-syms.1.S
make -f ./Rules.mk obj=. ./.xen-syms.1.o
  CC      .xen-syms.1.o
riscv64-linux-gnu-ld     --no-warn-rwx-segments -T arch/riscv/xen.lds -N prelink.o --build-id=sha1 \
    ./.xen-syms.1.o -o xen-syms
riscv64-linux-gnu-nm -pa --format=sysv ./xen-syms \
	| ./tools/symbols --all-symbols --xensyms --sysv --sort \
	>./xen-syms.map
rm -f ./.xen-syms.[0-9]*
riscv64-linux-gnu-objcopy -O binary -S xen-syms xen
[ -d /build/xen/dist/install/boot ] || install -d -m0755 -p /build/xen/dist/install/boot
install -m0644 -p xen /build/xen/dist/install/boot/xen-4.18-unstable
ln -f -s xen-4.18-unstable /build/xen/dist/install/boot/xen-4.18
ln -f -s xen-4.18-unstable /build/xen/dist/install/boot/xen-4
ln -f -s xen-4.18-unstable /build/xen/dist/install/boot/xen
[ -d "/build/xen/dist/install/usr/lib/debug" ] || install -d -m0755 -p /build/xen/dist/install/usr/lib/debug
install -m0644 -p xen-syms /build/xen/dist/install/usr/lib/debug/xen-syms-4.18-unstable
install -m0644 -p xen-syms.map /build/xen/dist/install/usr/lib/debug/xen-syms-4.18-unstable.map
install -m0644 -p .config /build/xen/dist/install/boot/xen-4.18-unstable.config
if [ -r xen.efi -a -n '' ]; then \
	[ -d /build/xen/dist/install ] || install -d -m0755 -p /build/xen/dist/install; \
	install -m0644 -p xen.efi /build/xen/dist/install/xen-4.18-unstable.efi; \
	for x in map elf; do \
		if [ -e xen.efi.$x ]; then \
			install -m0644 -p xen.efi.$x /build/xen/dist/install/usr/lib/debug/xen-4.18-unstable.efi.$x; \
		fi; \
	done; \
	ln -sf xen-4.18-unstable.efi /build/xen/dist/install/xen-4.18.efi; \
	ln -sf xen-4.18-unstable.efi /build/xen/dist/install/xen-4.efi; \
	ln -sf xen-4.18-unstable.efi /build/xen/dist/install/xen.efi; \
	if [ -n '/boot/efi' -a -n '' ]; then \
		 \
		install -m0644 -p xen.efi /build/xen/dist/install/boot/efi/efi//xen-4.18-unstable.efi; \
	elif [ "/build/xen/dist/install" = "dist/install" ]; then \
		echo 'EFI installation only partially done (EFI_VENDOR not set)' >&2; \
	fi; \
fi
make[2]: Leaving directory '/build/xen/xen'
make[1]: Leaving directory '/build/xen'

real	1m51.133s
user	3m55.811s
sys	0m55.476s
EXIT=0
